:020000040000FA
:10000000FFFFFFFFFFFFFFFFFFFFFFFFFFFFFFFF00
:10001000FFFFFFFFFFFFFFFFFFFFFFFFFFFFFFFFF0
:10002000000000BB11220044FFFFFFFFFFFFFFFFA6
:10003000AA995566200000003003E0010000026B21
:10004000300080010000001220000000300220017A
:1000500000000000300200010000000030008001BC
:1000600000000000200000003000800100000007B8
:1000700020000000200000003002600100000000AD
:100080003001200102423FE53001C00100000000C4
:1000900030018001037C40933000800100000009A2
:1000A000200000003000C001000004013000A00169
:1000B000000005013000C001000010003003000105
:1000C00000001000200000002000000020000000C0
:1000D00020000000200000002000000020000000A0
:1000E00020000000300020010000000030008001EE
:1000F000000000012000000030004065000000000A
:1001000000000000000000000000000000000000EF
:1001100000000000000000000000000000000000DF
:1001200000000000000000000000000000000000CF
:1001300000000000000000000000000000000000BF
:1001400000000000000000000000000000000000AF
:10015000000000000000000000000000000000009F
:10016000000000000000000000000000000000008F
:10017000000000000000000000000000000000007F
:10018000000000000000000000000000000000006F
:10019000000000000000000000000000000000005F
:1001A000000000000000000000000000000000004F
:1001B000000000000000000000000000000000003F
:1001C000000000000000000000000000000000002F
:1001D000000000000000000000000000000000001F
:1001E000000000000000000000000000000000000F
:1001F00000000000000000000000000000000000FF
:1002000000000000000000000000000000000000EE
:1002100000000000000000000000000000000000DE
:1002200000000000000000000000000000000000CE
:1002300000000000000000000000000000000000BE
:1002400000000000000000000000000000000000AE
:10025000000000000000000000000000000000009E
:10026000000000000000000000000000000000008E
:10027000000000000000000000000000000000007E
:10028000000000000000000000000000000000006E
:10029000300080010000000220000000200000006B
:1002A00020000000200000002000000020000000CE
:1002B00020000000200000002000000020000000BE
:1002C0002000000020000000300140080000000075
:1002D000000000000000000000000000000000001E
:1002E00000000000000000000000000030002001BD
:1002F0000000000130014004000000000000000088
:10030000000000000000000030002001000000029A
:100310003001400400000000000000000000000068
:100320000000000030002001000000033001400404
:1003300000000000000000000000000000000000BD
:1003400030002001000000043001400400000000E3
:10035000000000000000000000000000300020014C
:100360000000000530014004000000000000000013
:100370000000000000000000300020010000000626
:1003800030014004000000000000000000000000F8
:100390000000000030002001000000073001400490
:1003A000000000000000000000000000000000004D
:1003B000300020010000000830014004000000006F
:1003C00000000000000000000000000030002001DC
:1003D000000000093001400400000000000000009F
:1003E0000000000000000000300020010000000AB2
:1003F0003001400400000000000000000000000088
:1004000000000000300020010000000B300140041B
:1004100000000000000000000000000000000000DC
:10042000300020010000000C3001400400000000FA
:10043000000000000000000000000000300020016B
:100440000000000D3001400400000000000000002A
:100450000000000000000000300020010000000E3D
:100460003001400400000000000000000000000017
:1004700000000000300020010000000F30014004A7
:10048000000000000000000000000000000000006C
:100490003000200100000010300140040000000086
:1004A00000000000000000000000000030002001FB
:1004B00000000011300140040000000000000000B6
:1004C00000000000000000003000200100000012C9
:1004D00030014004000000000000000000000000A7
:1004E0000000000030002001000000133001400433
:1004F00000000000000000000000000000000000FC
:100500003000200100000014300140040000000011
:10051000000000000000000000000000300020018A
:100520000000001530014004000000000000000041
:100530000000000000000000300020010000001654
:100540003001400400000000000000000000000036
:1005500000000000300020010000001730014004BE
:10056000000000000000000000000000000000008B
:10057000300020010000001830014004000000009D
:10058000000000000000000000000000300020011A
:1005900000000019300140040000000000000000CD
:1005A0000000000000000000300020010000001AE0
:1005B00030014004000000000000000000000000C6
:1005C00000000000300020010000001B300140044A
:1005D000000000000000000000000000000000001B
:1005E000300020010000001C300140040000000029
:1005F00000000000000000000000000030002001AA
:100600000000001D30014004000000000000000058
:100610000000000000000000300020010000001E6B
:100620003001400400000000000000000000000055
:1006300000000000300020010000001F30014004D5
:1006400000000000000000000000000000000000AA
:1006500030002001000000203001400400000000B4
:100660000000000000000000000000003000200139
:1006700000000021300140040000000000000000E4
:1006800000000000000000003000200100000022F7
:1006900030014004000000000000000000000000E5
:1006A0000000000030002001000000233001400461
:1006B000000000000000000000000000000000003A
:1006C0003000200100000024300140040000000040
:1006D00000000000000000000000000030002001C9
:1006E0000000002530014004000000000000000070
:1006F0000000000000000000300020010000002683
:100700003001400400000000000000000000000074
:1007100000000000300020010000002730014004EC
:1007200000000000000000000000000000000000C9
:1007300030002001000000283001400400000000CB
:100740000000000000000000000000003000200158
:1007500000000029300140040000000000000000FB
:1007600000000000000000003000200100000080B8
:100770003001400400000000000000000000000004
:100780000000000030002001000000813001400422
:100790000000000000000000000000000000000059
:1007A0003000200100000082300140040000000001
:1007B00000000000000000000000000030002001E8
:1007C0000000008330014004000000000000000031
:1007D0000000000000000000300020010000008444
:1007E0003001400400000000000000000000000094
:1007F00000000000300020010000008530014004AE
:1008000000000000000000000000000000000000E8
:10081000300020010000008630014004000000008C
:100820000000000000000000000000003000200177
:1008300000000087300140040000000000000000BC
:1008400000000000000000003000200100000088CF
:100850003001400400000000000000000000000023
:100860000000000030002001000000893001400439
:100870000000000000000000000000000000000078
:10088000300020010000008A300140040000000018
:100890000000000000000000000000003000200107
:1008A0000000008B30014004000000000000000048
:1008B0000000000000000000300020010000008C5B
:1008C00030014004000000000000000000000000B3
:1008D00000000000300020010000008D30014004C5
:1008E0000000000000000000000000000000000008
:1008F000300020010000008E3001400400000000A4
:100900000000000000000000000000003000200196
:100910000000008F300140040000000000000000D3
:1009200000000000000000003000200100000090E6
:100930003001400400000000000000000000000042
:100940000000000030002001000000913001400450
:100950000000000000000000000000000000000097
:10096000300020010000009230014004000000002F
:100970000000000000000000000000003000200126
:10098000000000933001400400000000000000005F
:100990000000000000000000300020010000009472
:1009A00030014004000000000000000000000000D2
:1009B00000000000300020010000009530014004DC
:1009C0000000000000000000000000000000000027
:1009D00030002001000000963001400400000000BB
:1009E00000000000000000000000000030002001B6
:1009F00000000097300140040000000000000000EB
:100A000000000000000000003000200100000098FD
:100A10003001400400000000000000000000000061
:100A20000000000030002001000000993001400467
:100A300000000000000000000000000000000000B6
:100A4000300020010000009A300140040000000046
:100A50000000000000000000000000003000200145
:100A60000000009B30014004000000000000000076
:100A70000000000000000000300020010000009C89
:100A800030014004000000000000000000000000F1
:100A900000000000300020010000009D30014004F3
:100AA0000000000000000000000000000000000046
:100AB000300020010000010030014004000000006F
:100AC00000000000000000000000000030002001D5
:100AD000000001013001400400000000000000009F
:100AE00000000000000000003000200100000102B2
:100AF0003001400400000000000000000000000081
:100B0000000000003000200100000103300140041B
:100B100000000000000000000000000000000000D5
:100B200030002001000001043001400400000000FA
:100B30000000000000000000000000003000200164
:100B4000000001053001400400000000000000002A
:100B5000000000000000000030002001000001063D
:100B60003001400400000000000000000000000010
:100B700000000000300020010000010730014004A7
:100B80000000000000000000000000000000000065
:100B90003000200100000108300140040000000086
:100BA00000000000000000000000000030002001F4
:100BB00000000109300140040000000000000000B6
:100BC0000000000000000000300020010000010AC9
:100BD00030014004000000000000000000000000A0
:100BE00000000000300020010000010B3001400433
:100BF00000000000000000000000000000000000F5
:100C0000300020010000010C300140040000000011
:100C10000000000000000000000000003000200183
:100C20000000010D30014004000000000000000041
:100C30000000000000000000300020010000010E54
:100C4000300140040000000000000000000000002F
:100C500000000000300020010000010F30014004BE
:100C60000000000000000000000000000000000084
:100C7000300020010000011030014004000000009D
:100C80000000000000000000000000003000200113
:100C900000000111300140040000000000000000CD
:100CA00000000000000000003000200100000112E0
:100CB00030014004000000000000000000000000BF
:100CC000000000003000200100000113300140044A
:100CD0000000000000000000000000000000000014
:100CE0003000200100000114300140040000000029
:100CF00000000000000000000000000030002001A3
:100D00000000011530014004000000000000000058
:100D1000000000000000000030002001000001166B
:100D2000300140040000000000000000000000004E
:100D300000000000300020010000011730014004D5
:100D400000000000000000000000000000000000A3
:100D500030002001000001183001400400000000B4
:100D60000000000000000000000000003000200132
:100D700000000119300140040000000000000000E4
:100D80000000000000000000300020010000011AF7
:100D900030014004000000000000000000000000DE
:100DA00000000000300020010000011B3001400461
:100DB0000000000000000000000000000000000033
:100DC000300020010000011C300140040000000040
:100DD00000000000000000000000000030002001C2
:100DE0000000011D30014004000000000000000070
:100DF0000000000000000000300020010000011E83
:100E0000300140040000000000000000000000006D
:100E100000000000300020010000011F30014004EC
:100E200000000000000000000000000000000000C2
:100E300030002001000001203001400400000000CB
:100E40000000000000000000000000003000200151
:100E500000000121300140040000000000000000FB
:100E6000000000000000000030002001000001220E
:100E700030014004000000000000000000000000FD
:100E80000000000030002001000001233001400478
:100E90000000000000000000000000000000000052
:100EA00030002001000001803001400400000000FB
:100EB00000000000000000000000000030002001E1
:100EC000000001813001400400000000000000002B
:100ED000000000000000000030002001000001823E
:100EE000300140040000000000000000000000008D
:100EF00000000000300020010000018330014004A8
:100F000000000000000000000000000000000000E1
:100F10003000200100000184300140040000000086
:100F20000000000000000000000000003000200170
:100F300000000185300140040000000000000000B6
:100F400000000000000000003000200100000186C9
:100F5000300140040000000000000000000000001C
:100F60000000000030002001000001873001400433
:100F70000000000000000000000000000000000071
:100F80003000200100000188300140040000000012
:100F90000000000000000000000000003000200100
:100FA0000000018930014004000000000000000042
:100FB0000000000000000000300020010000018A55
:100FC00030014004000000000000000000000000AC
:100FD00000000000300020010000018B30014004BF
:100FE0000000000000000000000000000000000001
:100FF000300020010000018C30014004000000009E
:10100000000000000000000000000000300020018F
:101010000000018D300140040000000000000000CD
:101020000000000000000000300020010000018EE0
:10103000300140040000000000000000000000003B
:1010400000000000300020010000018F300140044A
:101050000000000000000000000000000000000090
:101060003000200100000190300140040000000029
:10107000000000000000000000000000300020011F
:101080000000019130014004000000000000000059
:10109000000000000000000030002001000001926C
:1010A00030014004000000000000000000000000CB
:1010B00000000000300020010000019330014004D6
:1010C0000000000000000000000000000000000020
:1010D00030002001000001943001400400000000B5
:1010E00000000000000000000000000030002001AF
:1010F00000000195300140040000000000000000E5
:1011000000000000000000003000200100000196F7
:10111000300140040000000000000000000000005A
:101120000000000030002001000001973001400461
:1011300000000000000000000000000000000000AF
:101140003000200100000198300140040000000040
:10115000000000000000000000000000300020013E
:101160000000019930014004000000000000000070
:101170000000000000000000300020010000019A83
:1011800030014004000000000000000000000000EA
:1011900000000000300020010000019B30014004ED
:1011A000000000000000000000000000000000003F
:1011B000300020010000019C3001400400000000CC
:1011C00000000000000000000000000030002001CE
:1011D0000000019D300140040000000000000000FC
:1011E0000000000000000000300020010000019E0F
:1011F000300140040000000000000000000000007A
:1012000000000000300020010000019F3001400478
:1012100000000000000000000000000000000000CE
:1012200030002001000001A0300140040000000057
:10123000000000000000000000000000300020015D
:10124000000001A130014004000000000000000087
:10125000000000000000000030002001000001A29A
:101260003001400400000000000000000000000009
:101270000000000030002001000001A33001400404
:10128000000000000000000000000000000000005E
:101290003000200100000200300140040000000086
:1012A00000000000000000000000000030002001ED
:1012B00000000201300140040000000000000000B6
:1012C00000000000000000003000200100000202C9
:1012D0003001400400000000000000000000000099
:1012E0000000000030002001000002033001400433
:1012F00000000000000000000000000000000000EE
:101300003000200100000204300140040000000011
:10131000000000000000000000000000300020017C
:101320000000020530014004000000000000000041
:101330000000000000000000300020010000020654
:101340003001400400000000000000000000000028
:1013500000000000300020010000020730014004BE
:10136000000000000000000000000000000000007D
:10137000300020010000020830014004000000009D
:10138000000000000000000000000000300020010C
:1013900000000209300140040000000000000000CD
:1013A0000000000000000000300020010000020AE0
:1013B00030014004000000000000000000000000B8
:1013C00000000000300020010000020B300140044A
:1013D000000000000000000000000000000000000D
:1013E000300020010000020C300140040000000029
:1013F000000000000000000000000000300020019C
:101400000000020D30014004000000000000000058
:101410000000000000000000300020010000020E6B
:101420003001400400000000000000000000000047
:1014300000000000300020010000020F30014004D5
:10144000000000000000000000000000000000009C
:1014500030002001000002103001400400000000B4
:10146000000000000000000000000000300020012B
:1014700000000211300140040000000000000000E4
:1014800000000000000000003000200100000212F7
:1014900030014004000000000000000000000000D7
:1014A0000000000030002001000002133001400461
:1014B000000000000000000000000000000000002C
:1014C0003000200100000214300140040000000040
:1014D00000000000000000000000000030002001BB
:1014E0000000021530014004000000000000000070
:1014F0000000000000000000300020010000021683
:101500003001400400000000000000000000000066
:1015100000000000300020010000021730014004EC
:1015200000000000000000000000000000000000BB
:1015300030002001000002183001400400000000CB
:10154000000000000000000000000000300020014A
:1015500000000219300140040000000000000000FB
:101560000000000000000000300020010000021A0E
:1015700030014004000000000000000000000000F6
:1015800000000000300020010000021B3001400478
:10159000000000000000000000000000000000004B
:1015A000300020010000021C300140040000000057
:1015B00000000000000000000000000030002001DA
:1015C0000000021D30014004000000000000000087
:1015D0000000000000000000300020010000021E9A
:1015E0003001400400000000000000000000000086
:1015F00000000000300020010000021F3001400404
:1016000000000000000000000000000000000000DA
:1016100030002001000002203001400400000000E2
:101620000000000000000000000000003000200169
:101630000000022130014004000000000000000012
:101640000000000000000000300020010000022225
:101650003001400400000000000000000000000015
:10166000000000003000200100000223300140048F
:10167000000000000000000000000000000000006A
:101680003000200100000280300140040000000012
:1016900000000000000000000000000030002001F9
:1016A0000000028130014004000000000000000042
:1016B0000000000000000000300020010000028255
:1016C00030014004000000000000000000000000A5
:1016D00000000000300020010000028330014004BF
:1016E00000000000000000000000000000000000FA
:1016F000300020010000028430014004000000009E
:101700000000000000000000000000003000200188
:1017100000000285300140040000000000000000CD
:1017200000000000000000003000200100000286E0
:101730003001400400000000000000000000000034
:10174000000000003000200100000287300140044A
:101750000000000000000000000000000000000089
:101760003000200100000288300140040000000029
:101770000000000000000000000000003000200118
:101780000000028930014004000000000000000059
:101790000000000000000000300020010000028A6C
:1017A00030014004000000000000000000000000C4
:1017B00000000000300020010000028B30014004D6
:1017C0000000000000000000000000000000000019
:1017D000300020010000028C3001400400000000B5
:1017E00000000000000000000000000030002001A8
:1017F0000000028D300140040000000000000000E5
:101800000000000000000000300020010000028EF7
:101810003001400400000000000000000000000053
:1018200000000000300020010000028F3001400461
:1018300000000000000000000000000000000000A8
:101840003000200100000290300140040000000040
:101850000000000000000000000000003000200137
:101860000000029130014004000000000000000070
:101870000000000000000000300020010000029283
:1018800030014004000000000000000000000000E3
:1018900000000000300020010000029330014004ED
:1018A0000000000000000000000000000000000038
:1018B00030002001000002943001400400000000CC
:1018C00000000000000000000000000030002001C7
:1018D00000000295300140040000000000000000FC
:1018E000000000000000000030002001000002960F
:1018F0003001400400000000000000000000000073
:101900000000000030002001000002973001400478
:1019100000000000000000000000000000000000C7
:101920003000200100000298300140040000000057
:101930000000000000000000000000003000200156
:101940000000029930014004000000000000000087
:101950000000000000000000300020010000029A9A
:101960003001400400000000000000000000000002
:1019700000000000300020010000029B3001400404
:101980000000000000000000000000000000000057
:10199000300020010000029C3001400400000000E3
:1019A00000000000000000000000000030002001E6
:1019B0000000029D30014004000000000000000013
:1019C0000000000000000000300020010000029E26
:1019D0003001400400000000000000000000000092
:1019E00000000000300020010000029F3001400490
:1019F00000000000000000000000000000000000E7
:101A000030002001000002A030014004000000006E
:101A10000000000000000000000000003000200175
:101A2000000002A13001400400000000000000009E
:101A3000000000000000000030002001000002A2B1
:101A40003001400400000000000000000000000021
:101A50000000000030002001000002A3300140041B
:101A60000000000000000000000000000000000076
:101A7000300020010000030030014004000000009D
:101A80000000000000000000000000003000200105
:101A900000000301300140040000000000000000CD
:101AA00000000000000000003000200100000302E0
:101AB00030014004000000000000000000000000B1
:101AC000000000003000200100000303300140044A
:101AD0000000000000000000000000000000000006
:101AE0003000200100000304300140040000000029
:101AF0000000000000000000000000003000200195
:101B00000000030530014004000000000000000058
:101B1000000000000000000030002001000003066B
:101B20003001400400000000000000000000000040
:101B300000000000300020010000030730014004D5
:101B40000000000000000000000000000000000095
:101B500030002001000003083001400400000000B4
:101B60000000000000000000000000003000200124
:101B700000000309300140040000000000000000E4
:101B80000000000000000000300020010000030AF7
:101B900030014004000000000000000000000000D0
:101BA00000000000300020010000030B3001400461
:101BB0000000000000000000000000000000000025
:101BC000300020010000030C300140040000000040
:101BD00000000000000000000000000030002001B4
:101BE0000000030D30014004000000000000000070
:101BF0000000000000000000300020010000030E83
:101C0000300140040000000000000000000000005F
:101C100000000000300020010000030F30014004EC
:101C200000000000000000000000000000000000B4
:101C300030002001000003103001400400000000CB
:101C40000000000000000000000000003000200143
:101C500000000311300140040000000000000000FB
:101C6000000000000000000030002001000003120E
:101C700030014004000000000000000000000000EF
:101C80000000000030002001000003133001400478
:101C90000000000000000000000000000000000044
:101CA0003000200100000314300140040000000057
:101CB00000000000000000000000000030002001D3
:101CC0000000031530014004000000000000000087
:101CD000000000000000000030002001000003169A
:101CE000300140040000000000000000000000007F
:101CF0000000000030002001000003173001400404
:101D000000000000000000000000000000000000D3
:101D100030002001000003183001400400000000E2
:101D20000000000000000000000000003000200162
:101D30000000031930014004000000000000000012
:101D40000000000000000000300020010000031A25
:101D5000300140040000000000000000000000000E
:101D600000000000300020010000031B300140048F
:101D70000000000000000000000000000000000063
:101D8000300020010000038030014004000000000A
:101D900000000000000000000000000030002001F2
:101DA000000003813001400400000000000000003A
:101DB000000000000000000030002001000003824D
:101DC000300140040000000000000000000000009E
:101DD00000000000300020010000038330014004B7
:101DE00000000000000000000000000000000000F3
:101DF0003000200100000384300140040000000096
:101E00000000000000000000000000003000200181
:101E100000000385300140040000000000000000C5
:101E200000000000000000003000200100000386D8
:101E3000300140040000000000000000000000002D
:101E40000000000030002001000003873001400442
:101E50000000000000000000000000000000000082
:101E60003000200100000388300140040000000021
:101E70000000000000000000000000003000200111
:101E80000000038930014004000000000000000051
:101E90000000000000000000300020010000038A64
:101EA00030014004000000000000000000000000BD
:101EB00000000000300020010000038B30014004CE
:101EC0000000000000000000000000000000000012
:101ED000300020010000038C3001400400000000AD
:101EE00000000000000000000000000030002001A1
:101EF0000000038D300140040000000000000000DD
:101F00000000000000000000300020010000038EEF
:101F1000300140040000000000000000000000004C
:101F200000000000300020010000038F3001400459
:101F300000000000000000000000000000000000A1
:101F40003000200100000390300140040000000038
:101F50000000000000000000000000003000200130
:101F60000000039130014004000000000000000068
:101F7000000000000000000030002001000003927B
:101F800030014004000000000000000000000000DC
:101F900000000000300020010000039330014004E5
:101FA0000000000000000000000000000000000031
:101FB00030002001000003943001400400000000C4
:101FC00000000000000000000000000030002001C0
:101FD00000000395300140040000000000000000F4
:101FE0000000000000000000300020010000039607
:101FF000300140040000000000000000000000006C
:102000000000000030002001000003973001400470
:1020100000000000000000000000000000000000C0
:10202000300020010000039830014004000000004F
:10203000000000000000000000000000300020014F
:10204000000003993001400400000000000000007F
:102050000000000000000000300020010000039A92
:1020600030014004000000000000000000000000FB
:1020700000000000300020010000039B30014004FC
:102080000000000000000000000000000000000050
:10209000300020010000039C3001400400000000DB
:1020A00000000000000000000000000030002001DF
:1020B0000000039D3001400400000000000000000B
:1020C0000000000000000000300020010000039E1E
:1020D000300140040000000000000000000000008B
:1020E00000000000300020010000039F3001400488
:1020F00000000000000000000000000000000000E0
:1021000030002001000003A0300140040000000066
:10211000000000000000000000000000300020016E
:10212000000003A130014004000000000000000096
:10213000000000000000000030002001000003A2A9
:10214000300140040000000000000000000000001A
:102150000000000030002001000003A33001400413
:10216000000000000000000000000000000000006F
:102170003000200100000400300140040000000095
:1021800000000000000000000000000030002001FE
:1021900000000401300140040000000000000000C5
:1021A00000000000000000003000200100000402D8
:1021B00030014004000000000000000000000000AA
:1021C0000000000030002001000004033001400442
:1021D00000000000000000000000000000000000FF
:1021E0003000200100000404300140040000000021
:1021F000000000000000000000000000300020018E
:102200000000040530014004000000000000000050
:102210000000000000000000300020010000040663
:102220003001400400000000000000000000000039
:1022300000000000300020010000040730014004CD
:10224000000000000000000000000000000000008E
:1022500030002001000004083001400400000000AC
:10226000000000000000000000000000300020011D
:1022700000000409300140040000000000000000DC
:102280000000000000000000300020010000040AEF
:1022900030014004000000000000000000000000C9
:1022A00000000000300020010000040B3001400459
:1022B000000000000000000000000000000000001E
:1022C000300020010000040C300140040000000038
:1022D00000000000000000000000000030002001AD
:1022E0000000040D30014004000000000000000068
:1022F0000000000000000000300020010000040E7B
:102300003001400400000000000000000000000058
:1023100000000000300020010000040F30014004E4
:1023200000000000000000000000000000000000AD
:1023300030002001000004103001400400000000C3
:10234000000000000000000000000000300020013C
:1023500000000411300140040000000000000000F3
:102360000000000000000000300020010000041206
:1023700030014004000000000000000000000000E8
:102380000000000030002001000004133001400470
:10239000000000000000000000000000000000003D
:1023A000300020010000041430014004000000004F
:1023B00000000000000000000000000030002001CC
:1023C000000004153001400400000000000000007F
:1023D0000000000000000000300020010000041692
:1023E0003001400400000000000000000000000078
:1023F00000000000300020010000041730014004FC
:1024000000000000000000000000000000000000CC
:1024100030002001000004183001400400000000DA
:10242000000000000000000000000000300020015B
:10243000000004193001400400000000000000000A
:102440000000000000000000300020010000041A1D
:102450003001400400000000000000000000000007
:1024600000000000300020010000041B3001400487
:10247000000000000000000000000000000000005C
:10248000300020010000041C300140040000000066
:1024900000000000000000000000000030002001EB
:1024A0000000041D30014004000000000000000096
:1024B0000000000000000000300020010000041EA9
:1024C0003001400400000000000000000000000097
:1024D00000000000300020010000041F3001400413
:1024E00000000000000000000000000000000000EC
:1024F00030002001000004203001400400000000F2
:10250000000000000000000000000000300020017A
:102510000000042130014004000000000000000021
:102520000000000000000000300020010000042234
:102530003001400400000000000000000000000026
:10254000000000003000200100000423300140049E
:10255000000000000000000000000000000000007B
:102560003000200100000480300140040000000021
:10257000000000000000000000000000300020010A
:102580000000048130014004000000000000000051
:102590000000000000000000300020010000048264
:1025A00030014004000000000000000000000000B6
:1025B00000000000300020010000048330014004CE
:1025C000000000000000000000000000000000000B
:1025D00030002001000004843001400400000000AD
:1025E000000000000000000000000000300020019A
:1025F00000000485300140040000000000000000DD
:1026000000000000000000003000200100000486EF
:102610003001400400000000000000000000000045
:102620000000000030002001000004873001400459
:10263000000000000000000000000000000000009A
:102640003000200100000488300140040000000038
:102650000000000000000000000000003000200129
:102660000000048930014004000000000000000068
:102670000000000000000000300020010000048A7B
:1026800030014004000000000000000000000000D5
:1026900000000000300020010000048B30014004E5
:1026A000000000000000000000000000000000002A
:1026B000300020010000048C3001400400000000C4
:1026C00000000000000000000000000030002001B9
:1026D0000000048D300140040000000000000000F4
:1026E0000000000000000000300020010000048E07
:1026F0003001400400000000000000000000000065
:1027000000000000300020010000048F3001400470
:1027100000000000000000000000000000000000B9
:10272000300020010000049030014004000000004F
:102730000000000000000000000000003000200148
:10274000000004913001400400000000000000007F
:102750000000000000000000300020010000049292
:1027600030014004000000000000000000000000F4
:1027700000000000300020010000049330014004FC
:102780000000000000000000000000000000000049
:1027900030002001000004943001400400000000DB
:1027A00000000000000000000000000030002001D8
:1027B000000004953001400400000000000000000B
:1027C000000000000000000030002001000004961E
:1027D0003001400400000000000000000000000084
:1027E0000000000030002001000004973001400488
:1027F00000000000000000000000000000000000D9
:102800003000200100000498300140040000000066
:102810000000000000000000000000003000200167
:102820000000049930014004000000000000000096
:102830000000000000000000300020010000049AA9
:102840003001400400000000000000000000000013
:1028500000000000300020010000049B3001400413
:102860000000000000000000000000000000000068
:10287000300020010000050030014004000000008D
:1028800000000000000000000000000030002001F7
:1028900000000501300140040000000000000000BD
:1028A00000000000000000003000200100000502D0
:1028B00030014004000000000000000000000000A3
:1028C000000000003000200100000503300140043A
:1028D00000000000000000000000000000000000F8
:1028E0003000200100000504300140040000000019
:1028F0000000000000000000000000003000200187
:102900000000050530014004000000000000000048
:10291000000000000000000030002001000005065B
:102920003001400400000000000000000000000032
:1029300000000000300020010000050730014004C5
:102940000000000000000000000000000000000087
:1029500030002001000005083001400400000000A4
:102960000000000000000000000000003000200116
:1029700000000509300140040000000000000000D4
:102980000000000000000000300020010000050AE7
:1029900030014004000000000000000000000000C2
:1029A00000000000300020010000050B3001400451
:1029B0000000000000000000000000000000000017
:1029C000300020010000050C300140040000000030
:1029D00000000000000000000000000030002001A6
:1029E0000000050D30014004000000000000000060
:1029F0000000000000000000300020010000050E73
:102A00003001400400000000000000000000000051
:102A100000000000300020010000050F30014004DC
:102A200000000000000000000000000000000000A6
:102A300030002001000005103001400400000000BB
:102A40000000000000000000000000003000200135
:102A500000000511300140040000000000000000EB
:102A600000000000000000003000200100000512FE
:102A700030014004000000000000000000000000E1
:102A80000000000030002001000005133001400468
:102A90000000000000000000000000000000000036
:102AA0003000200100000514300140040000000047
:102AB00000000000000000000000000030002001C5
:102AC0000000051530014004000000000000000077
:102AD000000000000000000030002001000005168A
:102AE0003001400400000000000000000000000071
:102AF00000000000300020010000051730014004F4
:102B000000000000000000000000000000000000C5
:102B100030002001000005183001400400000000D2
:102B20000000000000000000000000003000200154
:102B30000000051930014004000000000000000002
:102B40000000000000000000300020010000051A15
:102B50003001400400000000000000000000000000
:102B600000000000300020010000051B300140047F
:102B70000000000000000000000000000000000055
:102B8000300020010000051C30014004000000005E
:102B900000000000000000000000000030002001E4
:102BA0000000051D3001400400000000000000008E
:102BB0000000000000000000300020010000051EA1
:102BC0003001400400000000000000000000000090
:102BD00000000000300020010000051F300140040B
:102BE00000000000000000000000000000000000E5
:102BF00030002001000005203001400400000000EA
:102C00000000000000000000000000003000200173
:102C10000000052130014004000000000000000019
:102C2000000000000000000030002001000005222C
:102C3000300140040000000000000000000000001F
:102C40000000000030002001000005233001400496
:102C50000000000000000000000000000000000074
:102C60003000200100000580300140040000000019
:102C70000000000000000000000000003000200103
:102C80000000058130014004000000000000000049
:102C9000000000000000000030002001000005825C
:102CA00030014004000000000000000000000000AF
:102CB00000000000300020010000058330014004C6
:102CC0000000000000000000000000000000000004
:102CD00030002001000005843001400400000000A5
:102CE0000000000000000000000000003000200193
:102CF00000000585300140040000000000000000D5
:102D000000000000000000003000200100000586E7
:102D1000300140040000000000000000000000003E
:102D20000000000030002001000005873001400451
:102D30000000000000000000000000000000000093
:102D40003000200100000588300140040000000030
:102D50000000000000000000000000003000200122
:102D60000000058930014004000000000000000060
:102D70000000000000000000300020010000058A73
:102D800030014004000000000000000000000000CE
:102D900000000000300020010000058B30014004DD
:102DA0000000000000000000000000000000000023
:102DB000300020010000058C3001400400000000BC
:102DC00000000000000000000000000030002001B2
:102DD0000000058D300140040000000000000000EC
:102DE0000000000000000000300020010000058EFF
:102DF000300140040000000000000000000000005E
:102E000000000000300020010000058F3001400468
:102E100000000000000000000000000000000000B2
:102E20003000200100000590300140040000000047
:102E30000000000000000000000000003000200141
:102E40000000059130014004000000000000000077
:102E5000000000000000000030002001000005928A
:102E600030014004000000000000000000000000ED
:102E700000000000300020010000059330014004F4
:102E80000000000000000000000000000000000042
:102E900030002001000005943001400400000000D3
:102EA00000000000000000000000000030002001D1
:102EB0000000059530014004000000000000000003
:102EC0000000000000000000300020010000059616
:102ED000300140040000000000000000000000007D
:102EE0000000000030002001000005973001400480
:102EF00000000000000000000000000000000000D2
:102F0000300020010000059830014004000000005E
:102F10000000000000000000000000003000200160
:102F2000000005993001400400000000000000008E
:102F30000000000000000000300020010000059AA1
:102F4000300140040000000000000000000000000C
:102F500000000000300020010000059B300140040B
:102F60000000000000000000000000000000000061
:102F7000300020010000059C3001400400000000EA
:102F800000000000000000000000000030002001F0
:102F90000000059D3001400400000000000000001A
:102FA0000000000000000000300020010000059E2D
:102FB000300140040000000000000000000000009C
:102FC00000000000300020010000059F3001400497
:102FD00000000000000000000000000000000000F1
:102FE00030002001000005A0300140040000000076
:102FF0000000000000000000000000003000200180
:10300000000005A1300140040000000000000000A5
:10301000000000000000000030002001000005A2B8
:10302000300140040000000000000000000000002B
:103030000000000030002001000005A33001400422
:103040000000000000000000000000000000000080
:1030500030002001000006003001400400000000A4
:10306000000000000000000000000000300020010F
:1030700000000601300140040000000000000000D4
:1030800000000000000000003000200100000602E7
:1030900030014004000000000000000000000000BB
:1030A0000000000030002001000006033001400451
:1030B0000000000000000000000000000000000010
:1030C0003000200100000604300140040000000030
:1030D000000000000000000000000000300020019F
:1030E0000000060530014004000000000000000060
:1030F0000000000000000000300020010000060673
:10310000300140040000000000000000000000004A
:1031100000000000300020010000060730014004DC
:10312000000000000000000000000000000000009F
:1031300030002001000006083001400400000000BB
:10314000000000000000000000000000300020012E
:1031500000000609300140040000000000000000EB
:103160000000000000000000300020010000060AFE
:1031700030014004000000000000000000000000DA
:1031800000000000300020010000060B3001400468
:10319000000000000000000000000000000000002F
:1031A000300020010000060C300140040000000047
:1031B00000000000000000000000000030002001BE
:1031C0000000060D30014004000000000000000077
:1031D0000000000000000000300020010000060E8A
:1031E000300140040000000000000000000000006A
:1031F00000000000300020010000060F30014004F4
:1032000000000000000000000000000000000000BE
:1032100030002001000006103001400400000000D2
:10322000000000000000000000000000300020014D
:103230000000061130014004000000000000000002
:103240000000000000000000300020010000061215
:1032500030014004000000000000000000000000F9
:10326000000000003000200100000613300140047F
:10327000000000000000000000000000000000004E
:10328000300020010000061430014004000000005E
:1032900000000000000000000000000030002001DD
:1032A000000006153001400400000000000000008E
:1032B00000000000000000003000200100000616A1
:1032C0003001400400000000000000000000000089
:1032D000000000003000200100000617300140040B
:1032E00000000000000000000000000000000000DE
:1032F00030002001000006183001400400000000EA
:10330000000000000000000000000000300020016C
:103310000000061930014004000000000000000019
:103320000000000000000000300020010000061A2C
:103330003001400400000000000000000000000018
:1033400000000000300020010000061B3001400496
:10335000000000000000000000000000000000006D
:10336000300020010000061C300140040000000075
:1033700000000000000000000000000030002001FC
:103380000000061D300140040000000000000000A5
:103390000000000000000000300020010000061EB8
:1033A00030014004000000000000000000000000A8
:1033B00000000000300020010000061F3001400422
:1033C00000000000000000000000000000000000FD
:1033D0003000200100000620300140040000000001
:1033E000000000000000000000000000300020018C
:1033F0000000062130014004000000000000000031
:103400000000000000000000300020010000062243
:103410003001400400000000000000000000000037
:1034200000000000300020010000062330014004AD
:10343000000000000000000000000000000000008C
:103440003000200100000680300140040000000030
:10345000000000000000000000000000300020011B
:103460000000068130014004000000000000000060
:103470000000000000000000300020010000068273
:1034800030014004000000000000000000000000C7
:1034900000000000300020010000068330014004DD
:1034A000000000000000000000000000000000001C
:1034B00030002001000006843001400400000000BC
:1034C00000000000000000000000000030002001AB
:1034D00000000685300140040000000000000000EC
:1034E00000000000000000003000200100000686FF
:1034F0003001400400000000000000000000000057
:103500000000000030002001000006873001400468
:1035100000000000000000000000000000000000AB
:103520003000200100000688300140040000000047
:10353000000000000000000000000000300020013A
:103540000000068930014004000000000000000077
:103550000000000000000000300020010000068A8A
:1035600030014004000000000000000000000000E6
:1035700000000000300020010000068B30014004F4
:10358000000000000000000000000000000000003B
:10359000300020010000068C3001400400000000D3
:1035A00000000000000000000000000030002001CA
:1035B0000000068D30014004000000000000000003
:1035C0000000000000000000300020010000068E16
:1035D0003001400400000000000000000000000076
:1035E00000000000300020010000068F3001400480
:1035F00000000000000000000000000000000000CB
:10360000300020010000069030014004000000005E
:103610000000000000000000000000003000200159
:10362000000006913001400400000000000000008E
:1036300000000000000000003000200100000692A1
:103640003001400400000000000000000000000005
:10365000000000003000200100000693300140040B
:10366000000000000000000000000000000000005A
:1036700030002001000006943001400400000000EA
:1036800000000000000000000000000030002001E9
:10369000000006953001400400000000000000001A
:1036A000000000000000000030002001000006962D
:1036B0003001400400000000000000000000000095
:1036C0000000000030002001000006973001400497
:1036D00000000000000000000000000000000000EA
:1036E0003000200100000698300140040000000076
:1036F0000000000000000000000000003000200179
:1037000000000699300140040000000000000000A5
:103710000000000000000000300020010000069AB8
:103720003001400400000000000000000000000024
:1037300000000000300020010000069B3001400422
:103740000000000000000000000000000000000079
:10375000300020010000069C300140040000000001
:103760000000000000000000000000003000200108
:103770000000069D30014004000000000000000031
:103780000000000000000000300020010000069E44
:1037900030014004000000000000000000000000B4
:1037A00000000000300020010000069F30014004AE
:1037B0000000000000000000000000000000000009
:1037C00030002001000006A030014004000000008D
:1037D0000000000000000000000000003000200198
:1037E000000006A1300140040000000000000000BD
:1037F000000000000000000030002001000006A2D0
:103800003001400400000000000000000000000043
:103810000000000030002001000006A33001400439
:103820000000000000000000000000000000000098
:1038300030002001000007003001400400000000BB
:103840000000000000000000000000003000200127
:1038500000000701300140040000000000000000EB
:1038600000000000000000003000200100000702FE
:1038700030014004000000000000000000000000D3
:103880000000000030002001000007033001400468
:103890000000000000000000000000000000000028
:1038A0003000200100000704300140040000000047
:1038B00000000000000000000000000030002001B7
:1038C0000000070530014004000000000000000077
:1038D000000000000000000030002001000007068A
:1038E0003001400400000000000000000000000063
:1038F00000000000300020010000070730014004F4
:1039000000000000000000000000000000000000B7
:1039100030002001000007083001400400000000D2
:103920000000000000000000000000003000200146
:103930000000070930014004000000000000000002
:103940000000000000000000300020010000070A15
:1039500030014004000000000000000000000000F2
:1039600000000000300020010000070B300140047F
:103970000000000000000000000000000000000047
:10398000300020010000070C30014004000000005E
:1039900000000000000000000000000030002001D6
:1039A0000000070D3001400400000000000000008E
:1039B0000000000000000000300020010000070EA1
:1039C0003001400400000000000000000000000082
:1039D00000000000300020010000070F300140040B
:1039E00000000000000000000000000000000000D7
:1039F00030002001000007103001400400000000EA
:103A00000000000000000000000000003000200165
:103A10000000071130014004000000000000000019
:103A2000000000000000000030002001000007122C
:103A30003001400400000000000000000000000011
:103A40000000000030002001000007133001400496
:103A50000000000000000000000000000000000066
:103A60003000200100000714300140040000000075
:103A700000000000000000000000000030002001F5
:103A800000000715300140040000000000000000A5
:103A900000000000000000003000200100000716B8
:103AA00030014004000000000000000000000000A1
:103AB0000000000030002001000007173001400422
:103AC00000000000000000000000000000000000F6
:103AD0003000200100000718300140040000000001
:103AE0000000000000000000000000003000200185
:103AF0000000071930014004000000000000000031
:103B00000000000000000000300020010000071A43
:103B10003001400400000000000000000000000030
:103B200000000000300020010000071B30014004AD
:103B30000000000000000000000000000000000085
:103B4000300020010000071C30014004000000008C
:103B50000000000000000000000000003000200114
:103B60000000071D300140040000000000000000BC
:103B70000000000000000000300020010000071ECF
:103B800030014004000000000000000000000000C0
:103B900000000000300020010000071F3001400439
:103BA0000000000000000000000000000000000015
:103BB0003000200100000720300140040000000018
:103BC00000000000000000000000000030002001A4
:103BD0000000072130014004000000000000000048
:103BE000000000000000000030002001000007225B
:103BF0003001400400000000000000000000000050
:103C000000000000300020010000072330014004C4
:103C100000000000000000000000000000000000A4
:103C20003000200100000780300140040000000047
:103C30000000000000000000000000003000200133
:103C40000000078130014004000000000000000077
:103C5000000000000000000030002001000007828A
:103C600030014004000000000000000000000000DF
:103C700000000000300020010000078330014004F4
:103C80000000000000000000000000000000000034
:103C900030002001000007843001400400000000D3
:103CA00000000000000000000000000030002001C3
:103CB0000000078530014004000000000000000003
:103CC0000000000000000000300020010000078616
:103CD000300140040000000000000000000000006F
:103CE0000000000030002001000007873001400480
:103CF00000000000000000000000000000000000C4
:103D0000300020010000078830014004000000005E
:103D10000000000000000000000000003000200152
:103D2000000007893001400400000000000000008E
:103D30000000000000000000300020010000078AA1
:103D400030014004000000000000000000000000FE
:103D500000000000300020010000078B300140040B
:103D60000000000000000000000000000000000053
:103D7000300020010000078C3001400400000000EA
:103D800000000000000000000000000030002001E2
:103D90000000078D3001400400000000000000001A
:103DA0000000000000000000300020010000078E2D
:103DB000300140040000000000000000000000008E
:103DC00000000000300020010000078F3001400497
:103DD00000000000000000000000000000000000E3
:103DE0003000200100000790300140040000000076
:103DF0000000000000000000000000003000200172
:103E000000000791300140040000000000000000A5
:103E100000000000000000003000200100000792B8
:103E2000300140040000000000000000000000001D
:103E30000000000030002001000007933001400422
:103E40000000000000000000000000000000000072
:103E50003000200100000794300140040000000001
:103E60000000000000000000000000003000200101
:103E70000000079530014004000000000000000031
:103E80000000000000000000300020010000079644
:103E900030014004000000000000000000000000AD
:103EA00000000000300020010000079730014004AE
:103EB0000000000000000000000000000000000002
:103EC000300020010000079830014004000000008D
:103ED0000000000000000000000000003000200191
:103EE00000000799300140040000000000000000BD
:103EF0000000000000000000300020010000079AD0
:103F0000300140040000000000000000000000003C
:103F100000000000300020010000079B3001400439
:103F20000000000000000000000000000000000091
:103F3000300020010000079C300140040000000018
:103F40000000000000000000000000003000200120
:103F50000000079D30014004000000000000000048
:103F60000000000000000000300020010000079E5B
:103F700030014004000000000000000000000000CC
:103F800000000000300020010000079F30014004C5
:103F90000000000000000000000000000000000021
:103FA00030002001000007A03001400400000000A4
:103FB00000000000000000000000000030002001B0
:103FC000000007A1300140040000000000000000D4
:103FD000000000000000000030002001000007A2E7
:103FE000300140040000000000000000000000005C
:103FF0000000000030002001000007A33001400451
:1040000000000000000000000000000000000000B0
:1040100030002001000008003001400400000000D2
:10402000000000000000000000000000300020013F
:104030000000080130014004000000000000000002
:104040000000000000000000300020010000080215
:1040500030014004000000000000000000000000EB
:10406000000000003000200100000803300140047F
:104070000000000000000000000000000000000040
:10408000300020010000080430014004000000005E
:1040900000000000000000000000000030002001CF
:1040A000000008053001400400000000000000008E
:1040B00000000000000000003000200100000806A1
:1040C000300140040000000000000000000000007B
:1040D000000000003000200100000807300140040B
:1040E00000000000000000000000000000000000D0
:1040F00030002001000008083001400400000000EA
:10410000000000000000000000000000300020015E
:104110000000080930014004000000000000000019
:104120000000000000000000300020010000080A2C
:10413000300140040000000000000000000000000A
:1041400000000000300020010000080B3001400496
:10415000000000000000000000000000000000005F
:10416000300020010000080C300140040000000075
:1041700000000000000000000000000030002001EE
:104180000000080D300140040000000000000000A5
:104190000000000000000000300020010000080EB8
:1041A000300140040000000000000000000000009A
:1041B00000000000300020010000080F3001400422
:1041C00000000000000000000000000000000000EF
:1041D0003000200100000810300140040000000001
:1041E000000000000000000000000000300020017E
:1041F0000000081130014004000000000000000031
:104200000000000000000000300020010000081243
:104210003001400400000000000000000000000029
:1042200000000000300020010000081330014004AD
:10423000000000000000000000000000000000007E
:10424000300020010000081430014004000000008C
:10425000000000000000000000000000300020010D
:1042600000000815300140040000000000000000BC
:1042700000000000000000003000200100000816CF
:1042800030014004000000000000000000000000B9
:104290000000000030002001000008173001400439
:1042A000000000000000000000000000000000000E
:1042B0003000200100000818300140040000000018
:1042C000000000000000000000000000300020019D
:1042D0000000081930014004000000000000000048
:1042E0000000000000000000300020010000081A5B
:1042F0003001400400000000000000000000000049
:1043000000000000300020010000081B30014004C4
:10431000000000000000000000000000000000009D
:10432000300020010000081C3001400400000000A3
:10433000000000000000000000000000300020012C
:104340000000081D300140040000000000000000D3
:104350000000000000000000300020010000081EE6
:1043600030014004000000000000000000000000D8
:1043700000000000300020010000081F3001400450
:10438000000000000000000000000000000000002D
:10439000300020010000082030014004000000002F
:1043A00000000000000000000000000030002001BC
:1043B000000008213001400400000000000000005F
:1043C0000000000000000000300020010000082272
:1043D0003001400400000000000000000000000068
:1043E00000000000300020010000082330014004DC
:1043F00000000000000000000000000000000000BD
:10440000300020010000088030014004000000005E
:10441000000000000000000000000000300020014B
:10442000000008813001400400000000000000008E
:1044300000000000000000003000200100000882A1
:1044400030014004000000000000000000000000F7
:10445000000000003000200100000883300140040B
:10446000000000000000000000000000000000004C
:1044700030002001000008843001400400000000EA
:1044800000000000000000000000000030002001DB
:10449000000008853001400400000000000000001A
:1044A000000000000000000030002001000008862D
:1044B0003001400400000000000000000000000087
:1044C0000000000030002001000008873001400497
:1044D00000000000000000000000000000000000DC
:1044E0003000200100000888300140040000000076
:1044F000000000000000000000000000300020016B
:1045000000000889300140040000000000000000A5
:104510000000000000000000300020010000088AB8
:104520003001400400000000000000000000000016
:1045300000000000300020010000088B3001400422
:10454000000000000000000000000000000000006B
:10455000300020010000088C300140040000000001
:1045600000000000000000000000000030002001FA
:104570000000088D30014004000000000000000031
:104580000000000000000000300020010000088E44
:1045900030014004000000000000000000000000A6
:1045A00000000000300020010000088F30014004AE
:1045B00000000000000000000000000000000000FB
:1045C000300020010000089030014004000000008D
:1045D000000000000000000000000000300020018A
:1045E00000000891300140040000000000000000BD
:1045F00000000000000000003000200100000892D0
:104600003001400400000000000000000000000035
:104610000000000030002001000008933001400439
:10462000000000000000000000000000000000008A
:104630003000200100000894300140040000000018
:104640000000000000000000000000003000200119
:104650000000089530014004000000000000000048
:10466000000000000000000030002001000008965B
:1046700030014004000000000000000000000000C5
:1046800000000000300020010000089730014004C5
:10469000000000000000000000000000000000001A
:1046A00030002001000008983001400400000000A4
:1046B00000000000000000000000000030002001A9
:1046C00000000899300140040000000000000000D4
:1046D0000000000000000000300020010000089AE7
:1046E0003001400400000000000000000000000055
:1046F00000000000300020010000089B3001400451
:1047000000000000000000000000000000000000A9
:10471000300020010000089C30014004000000002F
:104720000000000000000000000000003000200138
:104730000000089D3001400400000000000000005F
:104740000000000000000000300020010000089E72
:1047500030014004000000000000000000000000E4
:1047600000000000300020010000089F30014004DC
:104770000000000000000000000000000000000039
:1047800030002001000008A03001400400000000BB
:1047900000000000000000000000000030002001C8
:1047A000000008A1300140040000000000000000EB
:1047B000000000000000000030002001000008A2FE
:1047C0003001400400000000000000000000000074
:1047D0000000000030002001000008A33001400468
:1047E00000000000000000000000000000000000C9
:1047F00030002001000009003001400400000000EA
:104800000000000000000000000000003000200157
:104810000000090130014004000000000000000019
:10482000000000000000000030002001000009022C
:104830003001400400000000000000000000000003
:104840000000000030002001000009033001400496
:104850000000000000000000000000000000000058
:104860003000200100000904300140040000000075
:1048700000000000000000000000000030002001E7
:1048800000000905300140040000000000000000A5
:1048900000000000000000003000200100000906B8
:1048A0003001400400000000000000000000000093
:1048B0000000000030002001000009073001400422
:1048C00000000000000000000000000000000000E8
:1048D0003000200100000908300140040000000001
:1048E0000000000000000000000000003000200177
:1048F0000000090930014004000000000000000031
:104900000000000000000000300020010000090A43
:104910003001400400000000000000000000000022
:1049200000000000300020010000090B30014004AD
:104930000000000000000000000000000000000077
:10494000300020010000090C30014004000000008C
:104950000000000000000000000000003000200106
:104960000000090D300140040000000000000000BC
:104970000000000000000000300020010000090ECF
:1049800030014004000000000000000000000000B2
:1049900000000000300020010000090F3001400439
:1049A0000000000000000000000000000000000007
:1049B0003000200100000910300140040000000018
:1049C0000000000000000000000000003000200196
:1049D0000000091130014004000000000000000048
:1049E000000000000000000030002001000009125B
:1049F0003001400400000000000000000000000042
:104A000000000000300020010000091330014004C4
:104A10000000000000000000000000000000000096
:104A200030002001000009143001400400000000A3
:104A30000000000000000000000000003000200125
:104A400000000915300140040000000000000000D3
:104A500000000000000000003000200100000916E6
:104A600030014004000000000000000000000000D1
:104A70000000000030002001000009173001400450
:104A80000000000000000000000000000000000026
:104A9000300020010000091830014004000000002F
:104AA00000000000000000000000000030002001B5
:104AB000000009193001400400000000000000005F
:104AC0000000000000000000300020010000091A72
:104AD0003001400400000000000000000000000061
:104AE00000000000300020010000091B30014004DC
:104AF00000000000000000000000000000000000B6
:104B0000300020010000091C3001400400000000BA
:104B10000000000000000000000000003000200144
:104B20000000091D300140040000000000000000EA
:104B3000000000000000000030002001000009809B
:104B400030014004000000000000000000000000F0
:104B50000000000030002001000009813001400405
:104B60000000000000000000000000000000000045
:104B700030002001000009823001400400000000E4
:104B800000000000000000000000000030002001D4
:104B90000000098330014004000000000000000014
:104BA0000000000000000000300020010000098427
:104BB0003001400400000000000000000000000080
:104BC0000000000030002001000009853001400491
:104BD00000000000000000000000000000000000D5
:104BE0003000200100000986300140040000000070
:104BF0000000000000000000000000003000200164
:104C0000000009873001400400000000000000009F
:104C100000000000000000003000200100000988B2
:104C2000300140040000000000000000000000000F
:104C3000000000003000200100000989300140041C
:104C40000000000000000000000000000000000064
:104C5000300020010000098A3001400400000000FB
:104C600000000000000000000000000030002001F3
:104C70000000098B3001400400000000000000002B
:104C80000000000000000000300020010000098C3E
:104C9000300140040000000000000000000000009F
:104CA00000000000300020010000098D30014004A8
:104CB00000000000000000000000000000000000F4
:104CC000300020010000098E300140040000000087
:104CD0000000000000000000000000003000200183
:104CE0000000098F300140040000000000000000B7
:104CF00000000000000000003000200100000990CA
:104D0000300140040000000000000000000000002E
:104D10000000000030002001000009913001400433
:104D20000000000000000000000000000000000083
:104D30003000200100000992300140040000000012
:104D40000000000000000000000000003000200112
:104D50000000099330014004000000000000000042
:104D60000000000000000000300020010000099455
:104D700030014004000000000000000000000000BE
:104D800000000000300020010000099530014004BF
:104D90000000000000000000000000000000000013
:104DA000300020010000099630014004000000009E
:104DB00000000000000000000000000030002001A2
:104DC00000000997300140040000000000000000CE
:104DD00000000000000000003000200100000998E1
:104DE000300140040000000000000000000000004E
:104DF000000000003000200100000999300140044B
:104E000000000000000000000000000000000000A2
:104E1000300020010000099A300140040000000029
:104E20000000000000000000000000003000200131
:104E30000000099C30014004000000000000000058
:104E40000000000000000000300020010000099D6B
:104E500030014004000000000000000000000000DD
:104E6000000000003000200100000A003001400472
:104E70000000000000000000000000000000000032
:104E80003000200100000A01300140040000000051
:104E900000000000000000000000000030002001C1
:104EA00000000A0230014004000000000000000081
:104EB00000000000000000003000200100000A0394
:104EC000300140040000000000000000000000006D
:104ED000000000003000200100000A0430014004FE
:104EE00000000000000000000000000000000000C2
:104EF0003000200100000A053001400400000000DD
:104F00000000000000000000000000003000200150
:104F100000000A063001400400000000000000000C
:104F200000000000000000003000200100000A071F
:104F300030014004000000000000000000000000FC
:104F4000000000003000200100000A083001400489
:104F50000000000000000000000000000000000051
:104F60003000200100000A09300140040000000068
:104F700000000000000000000000000030002001E0
:104F800000000A0A30014004000000000000000098
:104F900000000000000000003000200100000A0BAB
:104FA000300140040000000000000000000000008C
:104FB000000000003000200100000A0C3001400415
:104FC00000000000000000000000000000000000E1
:104FD0003000200100000A0D3001400400000000F4
:104FE0000000000000000000000000003000200170
:104FF00000000A0E30014004000000000000000024
:1050000000000000000000003000200100000A0F36
:10501000300140040000000000000000000000001B
:10502000000000003000200100000A1030014004A0
:105030000000000000000000000000000000000070
:105040003000200100000A1130014004000000007F
:1050500000000000000000000000000030002001FF
:1050600000000A12300140040000000000000000AF
:1050700000000000000000003000200100000A13C2
:1050800030014004000000000000000000000000AB
:10509000000000003000200100000A14300140042C
:1050A0000000000000000000000000000000000000
:1050B0003000200100000A1530014004000000000B
:1050C000000000000000000000000000300020018F
:1050D00000000A163001400400000000000000003B
:1050E00000000000000000003000200100000A174E
:1050F000300140040000000000000000000000003B
:10510000000000003000200100000A1830014004B7
:10511000000000000000000000000000000000008F
:105120003000200100000A19300140040000000096
:10513000000000000000000000000000300020011E
:1051400000000A1A300140040000000000000000C6
:1051500000000000000000003000200100000A1BD9
:1051600030014004000000000000000000000000CA
:10517000000000003000200100000A1C3001400443
:10518000000000000000000000000000000000001F
:105190003000200100000A1D300140040000000022
:1051A00000000000000000000000000030002001AE
:1051B00000000A1E30014004000000000000000052
:1051C00000000000000000003000200100000A1F65
:1051D000300140040000000000000000000000005A
:1051E000000000003000200100000A2030014004CF
:1051F00000000000000000000000000000000000AF
:105200003000200100000A213001400400000000AD
:10521000000000000000000000000000300020013D
:1052200000000A22300140040000000000000000DD
:1052300000000000000000003000200100000A23F0
:1052400030014004000000000000000000000000E9
:10525000000000003000200100000A8030014004FE
:10526000000000000000000000000000000000003E
:105270003000200100000A813001400400000000DD
:1052800000000000000000000000000030002001CD
:1052900000000A823001400400000000000000000D
:1052A00000000000000000003000200100000A8320
:1052B0003001400400000000000000000000000079
:1052C000000000003000200100000A84300140048A
:1052D00000000000000000000000000000000000CE
:1052E0003000200100000A85300140040000000069
:1052F000000000000000000000000000300020015D
:1053000000000A8630014004000000000000000098
:1053100000000000000000003000200100000A87AB
:105320003001400400000000000000000000000008
:10533000000000003000200100000A883001400415
:10534000000000000000000000000000000000005D
:105350003000200100000A893001400400000000F4
:1053600000000000000000000000000030002001EC
:1053700000000A8A30014004000000000000000024
:1053800000000000000000003000200100000A8B37
:105390003001400400000000000000000000000098
:1053A000000000003000200100000A8C30014004A1
:1053B00000000000000000000000000000000000ED
:1053C0003000200100000A8D300140040000000080
:1053D000000000000000000000000000300020017C
:1053E00000000A8E300140040000000000000000B0
:1053F00000000000000000003000200100000A8FC3
:105400003001400400000000000000000000000027
:10541000000000003000200100000A90300140042C
:10542000000000000000000000000000000000007C
:105430003000200100000A9130014004000000000B
:10544000000000000000000000000000300020010B
:1054500000000A923001400400000000000000003B
:1054600000000000000000003000200100000A934E
:1054700030014004000000000000000000000000B7
:10548000000000003000200100000A9430014004B8
:10549000000000000000000000000000000000000C
:1054A0003000200100000A95300140040000000097
:1054B000000000000000000000000000300020019B
:1054C00000000A96300140040000000000000000C7
:1054D00000000000000000003000200100000A97DA
:1054E0003001400400000000000000000000000047
:1054F000000000003000200100000A983001400444
:10550000000000000000000000000000000000009B
:105510003000200100000A99300140040000000022
:10552000000000000000000000000000300020012A
:1055300000000A9A30014004000000000000000052
:1055400000000000000000003000200100000A9B65
:1055500030014004000000000000000000000000D6
:10556000000000003000200100000A9C30014004CF
:10557000000000000000000000000000000000002B
:105580003000200100000A9D3001400400000000AE
:1055900000000000000000000000000030002001BA
:1055A00000000A9E300140040000000000000000DE
:1055B00000000000000000003000200100000A9FF1
:1055C0003001400400000000000000000000000066
:1055D000000000003000200100000AA0300140045B
:1055E00000000000000000000000000000000000BB
:1055F0003000200100000AA130014004000000003A
:105600000000000000000000000000003000200149
:1056100000000AA230014004000000000000000069
:1056200000000000000000003000200100000AA37C
:1056300030014004000000000000000000000000F5
:10564000000000003000200100000B003001400489
:10565000000000000000000000000000000000004A
:105660003000200100000B01300140040000000068
:1056700000000000000000000000000030002001D9
:1056800000000B0230014004000000000000000098
:1056900000000000000000003000200100000B03AB
:1056A0003001400400000000000000000000000085
:1056B000000000003000200100000B043001400415
:1056C00000000000000000000000000000000000DA
:1056D0003000200100000B053001400400000000F4
:1056E0000000000000000000000000003000200169
:1056F00000000B0630014004000000000000000024
:1057000000000000000000003000200100000B0736
:105710003001400400000000000000000000000014
:10572000000000003000200100000B0830014004A0
:105730000000000000000000000000000000000069
:105740003000200100000B0930014004000000007F
:1057500000000000000000000000000030002001F8
:1057600000000B0A300140040000000000000000AF
:1057700000000000000000003000200100000B0BC2
:1057800030014004000000000000000000000000A4
:10579000000000003000200100000B0C300140042C
:1057A00000000000000000000000000000000000F9
:1057B0003000200100000B0D30014004000000000B
:1057C0000000000000000000000000003000200188
:1057D00000000B0E3001400400000000000000003B
:1057E00000000000000000003000200100000B0F4E
:1057F0003001400400000000000000000000000034
:10580000000000003000200100000B1030014004B7
:105810000000000000000000000000000000000088
:105820003000200100000B11300140040000000096
:105830000000000000000000000000003000200117
:1058400000000B12300140040000000000000000C6
:1058500000000000000000003000200100000B13D9
:1058600030014004000000000000000000000000C3
:10587000000000003000200100000B143001400443
:105880000000000000000000000000000000000018
:105890003000200100000B15300140040000000022
:1058A00000000000000000000000000030002001A7
:1058B00000000B1630014004000000000000000052
:1058C00000000000000000003000200100000B1765
:1058D0003001400400000000000000000000000053
:1058E000000000003000200100000B1830014004CF
:1058F00000000000000000000000000000000000A8
:105900003000200100000B193001400400000000AD
:105910000000000000000000000000003000200136
:1059200000000B1A300140040000000000000000DD
:1059300000000000000000003000200100000B1BF0
:1059400030014004000000000000000000000000E2
:10595000000000003000200100000B1C300140045A
:105960000000000000000000000000000000000037
:105970003000200100000B1D300140040000000039
:1059800000000000000000000000000030002001C6
:1059900000000B1E30014004000000000000000069
:1059A00000000000000000003000200100000B1F7C
:1059B0003001400400000000000000000000000072
:1059C000000000003000200100000B2030014004E6
:1059D00000000000000000000000000000000000C7
:1059E0003000200100000B213001400400000000C5
:1059F0000000000000000000000000003000200156
:105A000000000B22300140040000000000000000F4
:105A100000000000000000003000200100000B2307
:105A20003001400400000000000000000000000001
:105A3000000000003000200100000B803001400415
:105A40000000000000000000000000000000000056
:105A50003000200100000B813001400400000000F4
:105A600000000000000000000000000030002001E5
:105A700000000B8230014004000000000000000024
:105A800000000000000000003000200100000B8337
:105A90003001400400000000000000000000000091
:105AA000000000003000200100000B8430014004A1
:105AB00000000000000000000000000000000000E6
:105AC0003000200100000B85300140040000000080
:105AD0000000000000000000000000003000200175
:105AE00000000B86300140040000000000000000B0
:105AF00000000000000000003000200100000B87C3
:105B00003001400400000000000000000000000020
:105B1000000000003000200100000B88300140042C
:105B20000000000000000000000000000000000075
:105B30003000200100000B8930014004000000000B
:105B40000000000000000000000000003000200104
:105B500000000B8A3001400400000000000000003B
:105B600000000000000000003000200100000B8B4E
:105B700030014004000000000000000000000000B0
:105B8000000000003000200100000B8C30014004B8
:105B90000000000000000000000000000000000005
:105BA0003000200100000B8D300140040000000097
:105BB0000000000000000000000000003000200194
:105BC00000000B8E300140040000000000000000C7
:105BD00000000000000000003000200100000B8FDA
:105BE0003001400400000000000000000000000040
:105BF000000000003000200100000B903001400444
:105C00000000000000000000000000000000000094
:105C10003000200100000B91300140040000000022
:105C20000000000000000000000000003000200123
:105C300000000B9230014004000000000000000052
:105C400000000000000000003000200100000B9365
:105C500030014004000000000000000000000000CF
:105C6000000000003000200100000B9430014004CF
:105C70000000000000000000000000000000000024
:105C80003000200100000B953001400400000000AE
:105C900000000000000000000000000030002001B3
:105CA00000000B96300140040000000000000000DE
:105CB00000000000000000003000200100000B97F1
:105CC000300140040000000000000000000000005F
:105CD000000000003000200100000B98300140045B
:105CE00000000000000000000000000000000000B4
:105CF0003000200100000B9930014004000000003A
:105D00000000000000000000000000003000200142
:105D100000000B9A30014004000000000000000069
:105D200000000000000000003000200100000B9B7C
:105D300030014004000000000000000000000000EE
:105D4000000000003000200100000B9C30014004E6
:105D50000000000000000000000000000000000043
:105D60003000200100000B9D3001400400000000C5
:105D700000000000000000000000000030002001D2
:105D800000000B9E300140040000000000000000F5
:105D900000000000000000003000200100000B9F08
:105DA000300140040000000000000000000000007E
:105DB000000000003000200100000BA03001400472
:105DC00000000000000000000000000000000000D3
:105DD0003000200100000BA1300140040000000051
:105DE0000000000000000000000000003000200162
:105DF00000000BA230014004000000000000000081
:105E000000000000000000003000200100000BA393
:105E1000300140040000000000000000000000000D
:105E2000000000003000200100000C0030014004A0
:105E30000000000000000000000000000000000062
:105E40003000200100000C0130014004000000007F
:105E500000000000000000000000000030002001F1
:105E600000000C02300140040000000000000000AF
:105E700000000000000000003000200100000C03C2
:105E8000300140040000000000000000000000009D
:105E9000000000003000200100000C04300140042C
:105EA00000000000000000000000000000000000F2
:105EB0003000200100000C0530014004000000000B
:105EC0000000000000000000000000003000200181
:105ED00000000C063001400400000000000000003B
:105EE00000000000000000003000200100000C074E
:105EF000300140040000000000000000000000002D
:105F0000000000003000200100000C0830014004B7
:105F10000000000000000000000000000000000081
:105F20003000200100000C09300140040000000096
:105F30000000000000000000000000003000200110
:105F400000000C0A300140040000000000000000C6
:105F500000000000000000003000200100000C0BD9
:105F600030014004000000000000000000000000BC
:105F7000000000003000200100000C0C3001400443
:105F80000000000000000000000000000000000011
:105F90003000200100000C0D300140040000000022
:105FA00000000000000000000000000030002001A0
:105FB00000000C0E30014004000000000000000052
:105FC00000000000000000003000200100000C0F65
:105FD000300140040000000000000000000000004C
:105FE000000000003000200100000C1030014004CF
:105FF00000000000000000000000000000000000A1
:106000003000200100000C113001400400000000AD
:10601000000000000000000000000000300020012F
:1060200000000C12300140040000000000000000DD
:1060300000000000000000003000200100000C13F0
:1060400030014004000000000000000000000000DB
:10605000000000003000200100000C14300140045A
:106060000000000000000000000000000000000030
:106070003000200100000C15300140040000000039
:1060800000000000000000000000000030002001BF
:1060900000000C1630014004000000000000000069
:1060A00000000000000000003000200100000C177C
:1060B000300140040000000000000000000000006B
:1060C000000000003000200100000C1830014004E6
:1060D00000000000000000000000000000000000C0
:1060E0003000200100000C193001400400000000C5
:1060F000000000000000000000000000300020014F
:1061000000000C1A300140040000000000000000F4
:1061100000000000000000003000200100000C1B07
:1061200030014004000000000000000000000000FA
:10613000000000003000200100000C80300140040D
:10614000000000000000000000000000000000004F
:106150003000200100000C813001400400000000EC
:1061600000000000000000000000000030002001DE
:1061700000000C823001400400000000000000001C
:1061800000000000000000003000200100000C832F
:10619000300140040000000000000000000000008A
:1061A000000000003000200100000C843001400499
:1061B00000000000000000000000000000000000DF
:1061C0003000200100000C85300140040000000078
:1061D000000000000000000000000000300020016E
:1061E00000000C86300140040000000000000000A8
:1061F00000000000000000003000200100000C87BB
:106200003001400400000000000000000000000019
:10621000000000003000200100000C883001400424
:10622000000000000000000000000000000000006E
:106230003000200100000C89300140040000000003
:1062400000000000000000000000000030002001FD
:1062500000000C8A30014004000000000000000033
:1062600000000000000000003000200100000C8B46
:1062700030014004000000000000000000000000A9
:10628000000000003000200100000C8C30014004B0
:1062900000000000000000000000000000000000FE
:1062A0003000200100000C8D30014004000000008F
:1062B000000000000000000000000000300020018D
:1062C00000000C8E300140040000000000000000BF
:1062D00000000000000000003000200100000C8FD2
:1062E0003001400400000000000000000000000039
:1062F000000000003000200100000C90300140043C
:10630000000000000000000000000000000000008D
:106310003000200100000C9130014004000000001A
:10632000000000000000000000000000300020011C
:1063300000000C923001400400000000000000004A
:1063400000000000000000003000200100000C935D
:1063500030014004000000000000000000000000C8
:10636000000000003000200100000C9430014004C7
:10637000000000000000000000000000000000001D
:106380003000200100000C953001400400000000A6
:1063900000000000000000000000000030002001AC
:1063A00000000C96300140040000000000000000D6
:1063B00000000000000000003000200100000C97E9
:1063C0003001400400000000000000000000000058
:1063D000000000003000200100000C983001400453
:1063E00000000000000000000000000000000000AD
:1063F0003000200100000C99300140040000000032
:10640000000000000000000000000000300020013B
:1064100000000C9A30014004000000000000000061
:1064200000000000000000003000200100000C9B74
:1064300030014004000000000000000000000000E7
:10644000000000003000200100000C9C30014004DE
:10645000000000000000000000000000000000003C
:106460003000200100000C9D3001400400000000BD
:1064700000000000000000000000000030002001CB
:1064800000000C9E300140040000000000000000ED
:1064900000000000000000003000200100000C9F00
:1064A0003001400400000000000000000000000077
:1064B000000000003000200100000CA0300140046A
:1064C00000000000000000000000000000000000CC
:1064D0003000200100000CA1300140040000000049
:1064E000000000000000000000000000300020015B
:1064F00000000CA230014004000000000000000079
:1065000000000000000000003000200100000CA38B
:106510003001400400000000000000000000000006
:10652000000000003000200100000D003001400498
:10653000000000000000000000000000000000005B
:106540003000200100000D01300140040000000077
:1065500000000000000000000000000030002001EA
:1065600000000D02300140040000000000000000A7
:1065700000000000000000003000200100000D03BA
:106580003001400400000000000000000000000096
:10659000000000003000200100000D043001400424
:1065A00000000000000000000000000000000000EB
:1065B0003000200100000D05300140040000000003
:1065C000000000000000000000000000300020017A
:1065D00000000D0630014004000000000000000033
:1065E00000000000000000003000200100000D0746
:1065F0003001400400000000000000000000000026
:10660000000000003000200100000D0830014004AF
:10661000000000000000000000000000000000007A
:106620003000200100000D0930014004000000008E
:106630000000000000000000000000003000200109
:1066400000000D0A300140040000000000000000BE
:1066500000000000000000003000200100000D0BD1
:1066600030014004000000000000000000000000B5
:10667000000000003000200100000D0C300140043B
:10668000000000000000000000000000000000000A
:106690003000200100000D0D30014004000000001A
:1066A0000000000000000000000000003000200199
:1066B00000000D0E3001400400000000000000004A
:1066C00000000000000000003000200100000D0F5D
:1066D0003001400400000000000000000000000045
:1066E000000000003000200100000D1030014004C7
:1066F000000000000000000000000000000000009A
:106700003000200100000D113001400400000000A5
:106710000000000000000000000000003000200128
:1067200000000D12300140040000000000000000D5
:1067300000000000000000003000200100000D13E8
:1067400030014004000000000000000000000000D4
:10675000000000003000200100000D143001400452
:106760000000000000000000000000000000000029
:106770003000200100000D15300140040000000031
:1067800000000000000000000000000030002001B8
:1067900000000D1630014004000000000000000061
:1067A00000000000000000003000200100000D1774
:1067B0003001400400000000000000000000000064
:1067C000000000003000200100000D1830014004DE
:1067D00000000000000000000000000000000000B9
:1067E0003000200100000D193001400400000000BD
:1067F0000000000000000000000000003000200148
:1068000000000D1A300140040000000000000000EC
:1068100000000000000000003000200100000D1BFF
:1068200030014004000000000000000000000000F3
:10683000000000003000200100000D1C3001400469
:106840000000000000000000000000000000000048
:106850003000200100000D1D300140040000000048
:1068600000000000000000000000000030002001D7
:1068700000000D1E30014004000000000000000078
:1068800000000000000000003000200100000D1F8B
:106890003001400400000000000000000000000083
:1068A000000000003000200100000D2030014004F5
:1068B00000000000000000000000000000000000D8
:1068C0003000200100000D213001400400000000D4
:1068D0000000000000000000000000003000200167
:1068E00000000D2230014004000000000000000004
:1068F00000000000000000003000200100000D2317
:106900003001400400000000000000000000000012
:10691000000000003000200100000D803001400424
:106920000000000000000000000000000000000067
:106930003000200100000D81300140040000000003
:1069400000000000000000000000000030002001F6
:1069500000000D8230014004000000000000000033
:1069600000000000000000003000200100000D8346
:1069700030014004000000000000000000000000A2
:10698000000000003000200100000D8430014004B0
:1069900000000000000000000000000000000000F7
:1069A0003000200100000D8530014004000000008F
:1069B0000000000000000000000000003000200186
:1069C00000000D86300140040000000000000000BF
:1069D00000000000000000003000200100000D87D2
:1069E0003001400400000000000000000000000032
:1069F000000000003000200100000D88300140043C
:106A00000000000000000000000000000000000086
:106A10003000200100000D8930014004000000001A
:106A20000000000000000000000000003000200115
:106A300000000D8A3001400400000000000000004A
:106A400000000000000000003000200100000D8B5D
:106A500030014004000000000000000000000000C1
:106A6000000000003000200100000D8C30014004C7
:106A70000000000000000000000000000000000016
:106A80003000200100000D8D3001400400000000A6
:106A900000000000000000000000000030002001A5
:106AA00000000D8E300140040000000000000000D6
:106AB00000000000000000003000200100000D8FE9
:106AC0003001400400000000000000000000000051
:106AD000000000003000200100000D903001400453
:106AE00000000000000000000000000000000000A6
:106AF0003000200100000D91300140040000000032
:106B00000000000000000000000000003000200134
:106B100000000D9230014004000000000000000061
:106B200000000000000000003000200100000D9374
:106B300030014004000000000000000000000000E0
:106B4000000000003000200100000D9430014004DE
:106B50000000000000000000000000000000000035
:106B60003000200100000D953001400400000000BD
:106B700000000000000000000000000030002001C4
:106B800000000D96300140040000000000000000ED
:106B900000000000000000003000200100000D9700
:106BA0003001400400000000000000000000000070
:106BB000000000003000200100000D98300140046A
:106BC00000000000000000000000000000000000C5
:106BD0003000200100000D99300140040000000049
:106BE0000000000000000000000000003000200154
:106BF00000000D9A30014004000000000000000079
:106C000000000000000000003000200100000D9B8B
:106C100030014004000000000000000000000000FF
:106C2000000000003000200100000D9C30014004F5
:106C30000000000000000000000000000000000054
:106C40003000200100000D9D3001400400000000D4
:106C500000000000000000000000000030002001E3
:106C600000000D9E30014004000000000000000004
:106C700000000000000000003000200100000D9F17
:106C8000300140040000000000000000000000008F
:106C9000000000003000200100000DA03001400481
:106CA00000000000000000000000000000000000E4
:106CB0003000200100000DA1300140040000000060
:106CC0000000000000000000000000003000200173
:106CD00000000DA230014004000000000000000090
:106CE00000000000000000003000200100000DA3A3
:106CF000300140040000000000000000000000001F
:106D0000000000003000200100000E0030014004AF
:106D10000000000000000000000000000000000073
:106D20003000200100000E0130014004000000008E
:106D30000000000000000000000000003000200102
:106D400000000E02300140040000000000000000BE
:106D500000000000000000003000200100000E03D1
:106D600030014004000000000000000000000000AE
:106D7000000000003000200100000E04300140043B
:106D80000000000000000000000000000000000003
:106D90003000200100000E0530014004000000001A
:106DA0000000000000000000000000003000200192
:106DB00000000E063001400400000000000000004A
:106DC00000000000000000003000200100000E075D
:106DD000300140040000000000000000000000003E
:106DE000000000003000200100000E0830014004C7
:106DF0000000000000000000000000000000000093
:106E00003000200100000E093001400400000000A5
:106E10000000000000000000000000003000200121
:106E200000000E0A300140040000000000000000D5
:106E300000000000000000003000200100000E0BE8
:106E400030014004000000000000000000000000CD
:106E5000000000003000200100000E0C3001400452
:106E60000000000000000000000000000000000022
:106E70003000200100000E0D300140040000000031
:106E800000000000000000000000000030002001B1
:106E900000000E0E30014004000000000000000061
:106EA00000000000000000003000200100000E0F74
:106EB000300140040000000000000000000000005D
:106EC000000000003000200100000E1030014004DE
:106ED00000000000000000000000000000000000B2
:106EE0003000200100000E113001400400000000BD
:106EF0000000000000000000000000003000200141
:106F000000000E12300140040000000000000000EC
:106F100000000000000000003000200100000E13FF
:106F200030014004000000000000000000000000EC
:106F3000000000003000200100000E143001400469
:106F40000000000000000000000000000000000041
:106F50003000200100000E15300140040000000048
:106F600000000000000000000000000030002001D0
:106F700000000E1630014004000000000000000078
:106F800000000000000000003000200100000E178B
:106F9000300140040000000000000000000000007C
:106FA000000000003000200100000E1830014004F5
:106FB00000000000000000000000000000000000D1
:106FC0003000200100000E193001400400000000D4
:106FD0000000000000000000000000003000200160
:106FE00000000E1A30014004000000000000000004
:106FF00000000000000000003000200100000E1B17
:10700000300140040000000000000000000000000B
:10701000000000003000200100000E80300140041C
:107020000000000000000000000000000000000060
:107030003000200100000E813001400400000000FB
:1070400000000000000000000000000030002001EF
:1070500000000E823001400400000000000000002B
:1070600000000000000000003000200100000E833E
:10707000300140040000000000000000000000009B
:10708000000000003000200100000E8430014004A8
:1070900000000000000000000000000000000000F0
:1070A0003000200100000E85300140040000000087
:1070B000000000000000000000000000300020017F
:1070C00000000E86300140040000000000000000B7
:1070D00000000000000000003000200100000E87CA
:1070E000300140040000000000000000000000002B
:1070F000000000003000200100000E883001400434
:10710000000000000000000000000000000000007F
:107110003000200100000E89300140040000000012
:10712000000000000000000000000000300020010E
:1071300000000E8A30014004000000000000000042
:1071400000000000000000003000200100000E8B55
:1071500030014004000000000000000000000000BA
:10716000000000003000200100000E8C30014004BF
:10717000000000000000000000000000000000000F
:107180003000200100000E8D30014004000000009E
:10719000000000000000000000000000300020019E
:1071A00000000E8E300140040000000000000000CE
:1071B00000000000000000003000200100000E8FE1
:1071C000300140040000000000000000000000004A
:1071D000000000003000200100000E90300140044B
:1071E000000000000000000000000000000000009F
:1071F0003000200100000E9130014004000000002A
:10720000000000000000000000000000300020012D
:1072100000000E9230014004000000000000000059
:1072200000000000000000003000200100000E936C
:1072300030014004000000000000000000000000D9
:10724000000000003000200100000E9430014004D6
:10725000000000000000000000000000000000002E
:107260003000200100000E953001400400000000B5
:1072700000000000000000000000000030002001BD
:1072800000000E96300140040000000000000000E5
:1072900000000000000000003000200100000E97F8
:1072A0003001400400000000000000000000000069
:1072B000000000003000200100000E983001400462
:1072C00000000000000000000000000000000000BE
:1072D0003000200100000E99300140040000000041
:1072E000000000000000000000000000300020014D
:1072F00000000E9A30014004000000000000000071
:1073000000000000000000003000200100000E9B83
:1073100030014004000000000000000000000000F8
:10732000000000003000200100000E9C30014004ED
:10733000000000000000000000000000000000004D
:107340003000200100000E9D3001400400000000CC
:1073500000000000000000000000000030002001DC
:1073600000000E9E300140040000000000000000FC
:1073700000000000000000003000200100000E9F0F
:107380003001400400000000000000000000000088
:10739000000000003000200100000EA03001400479
:1073A00000000000000000000000000000000000DD
:1073B0003000200100000EA1300140040000000058
:1073C000000000000000000000000000300020016C
:1073D00000000EA230014004000000000000000088
:1073E00000000000000000003000200100000EA39B
:1073F0003001400400000000000000000000000018
:10740000000000003000200100000F0030014004A7
:10741000000000000000000000000000000000006C
:107420003000200100000F01300140040000000086
:1074300000000000000000000000000030002001FB
:1074400000000F02300140040000000000000000B6
:1074500000000000000000003000200100000F03C9
:1074600030014004000000000000000000000000A7
:10747000000000003000200100000F043001400433
:1074800000000000000000000000000000000000FC
:107490003000200100000F05300140040000000012
:1074A000000000000000000000000000300020018B
:1074B00000000F0630014004000000000000000042
:1074C00000000000000000003000200100000F0755
:1074D0003001400400000000000000000000000037
:1074E000000000003000200100000F0830014004BF
:1074F000000000000000000000000000000000008C
:107500003000200100000F0930014004000000009D
:10751000000000000000000000000000300020011A
:1075200000000F0A300140040000000000000000CD
:1075300000000000000000003000200100000F0BE0
:1075400030014004000000000000000000000000C6
:10755000000000003000200100000F0C300140044A
:10756000000000000000000000000000000000001B
:107570003000200100000F0D300140040000000029
:1075800000000000000000000000000030002001AA
:1075900000000F0E30014004000000000000000059
:1075A00000000000000000003000200100000F0F6C
:1075B0003001400400000000000000000000000056
:1075C000000000003000200100000F1030014004D6
:1075D00000000000000000000000000000000000AB
:1075E0003000200100000F113001400400000000B5
:1075F000000000000000000000000000300020013A
:1076000000000F12300140040000000000000000E4
:1076100000000000000000003000200100000F13F7
:1076200030014004000000000000000000000000E5
:10763000000000003000200100000F143001400461
:10764000000000000000000000000000000000003A
:107650003000200100000F15300140040000000040
:1076600000000000000000000000000030002001C9
:1076700000000F1630014004000000000000000070
:1076800000000000000000003000200100000F1783
:107690003001400400000000000000000000000075
:1076A000000000003000200100000F1830014004ED
:1076B00000000000000000000000000000000000CA
:1076C0003000200100000F193001400400000000CC
:1076D0000000000000000000000000003000200159
:1076E00000000F1A300140040000000000000000FC
:1076F00000000000000000003000200100000F1B0F
:107700003001400400000000000000000000000004
:10771000000000003000200100000F1C3001400478
:107720000000000000000000000000000000000059
:107730003000200100000F1D300140040000000057
:1077400000000000000000000000000030002001E8
:1077500000000F1E30014004000000000000000087
:1077600000000000000000003000200100000F1F9A
:107770003001400400000000000000000000000094
:10778000000000003000200100000F203001400404
:1077900000000000000000000000000000000000E9
:1077A0003000200100000F213001400400000000E3
:1077B0000000000000000000000000003000200178
:1077C00000000F2230014004000000000000000013
:1077D00000000000000000003000200100000F2326
:1077E0003001400400000000000000000000000024
:1077F000000000003000200100000F803001400434
:107800000000000000000000000000000000000078
:107810003000200100000F81300140040000000012
:107820000000000000000000000000003000200107
:1078300000000F8230014004000000000000000042
:1078400000000000000000003000200100000F8355
:1078500030014004000000000000000000000000B3
:10786000000000003000200100000F8430014004BF
:107870000000000000000000000000000000000008
:107880003000200100000F8530014004000000009E
:107890000000000000000000000000003000200197
:1078A00000000F86300140040000000000000000CE
:1078B00000000000000000003000200100000F87E1
:1078C0003001400400000000000000000000000043
:1078D000000000003000200100000F88300140044B
:1078E0000000000000000000000000000000000098
:1078F0003000200100000F8930014004000000002A
:107900000000000000000000000000003000200126
:1079100000000F8A30014004000000000000000059
:1079200000000000000000003000200100000F8B6C
:1079300030014004000000000000000000000000D2
:10794000000000003000200100000F8C30014004D6
:107950000000000000000000000000000000000027
:107960003000200100000F8D3001400400000000B5
:1079700000000000000000000000000030002001B6
:1079800000000F8E300140040000000000000000E5
:1079900000000000000000003000200100000F8FF8
:1079A0003001400400000000000000000000000062
:1079B000000000003000200100000F903001400462
:1079C00000000000000000000000000000000000B7
:1079D0003000200100000F91300140040000000041
:1079E0000000000000000000000000003000200146
:1079F00000000F9230014004000000000000000071
:107A000000000000000000003000200100000F9383
:107A100030014004000000000000000000000000F1
:107A2000000000003000200100000F9430014004ED
:107A30000000000000000000000000000000000046
:107A40003000200100000F953001400400000000CC
:107A500000000000000000000000000030002001D5
:107A600000000F96300140040000000000000000FC
:107A700000000000000000003000200100000F970F
:107A80003001400400000000000000000000000081
:107A9000000000003000200100000F983001400479
:107AA00000000000000000000000000000000000D6
:107AB0003000200100000F99300140040000000058
:107AC0000000000000000000000000003000200165
:107AD00000000F9A30014004000000000000000088
:107AE00000000000000000003000200100000F9B9B
:107AF0003001400400000000000000000000000011
:107B0000000000003000200100000F9C3001400404
:107B10000000000000000000000000000000000065
:107B20003000200100000F9D3001400400000000E3
:107B300000000000000000000000000030002001F4
:107B400000000F9E30014004000000000000000013
:107B500000000000000000003000200100000F9F26
:107B600030014004000000000000000000000000A0
:107B70000000000030008001000000012000000033
:107B8000300020010000099B20000000300040CAA6
:107B900000000000000000000000000000000000E5
:107BA00000000000000000000000000000000000D5
:107BB00000000000000000000000000000000000C5
:107BC00000000000000000000000000000000000B5
:107BD00000000000000000000000000000000000A5
:107BE0000000000000000000000000000000000095
:107BF000000800080000000800000000000000006D
:107C00000000000000000000000000000000000074
:107C10000000000000000000000000000000000064
:107C20000000000000000000000000000000000054
:107C30000000000000000000000000000000000044
:107C40000000000000000000000000000000000034
:107C500000000000000000000000067300000000AB
:107C60000000000000000000000000000000000014
:107C70000000000000000000000000000000000004
:107C800000000000000000000000000000000000F4
:107C900000000000000000000000000000000000E4
:107CA00000000000000000000000000000000000D4
:107CB00000000000000000000000000000000000C4
:107CC00000000000000000000000000000000000B4
:107CD00000000000000000000000000000000000A4
:107CE0000000000000000000000000000000000094
:107CF0000000000000000000000000000000000084
:107D00000000000000000000000000000000000073
:107D10000000000000000000000000000000000063
:107D20000000000000000000000000000000000053
:107D30000000000000000000000000000000000043
:107D40000000000000000000000000000000000033
:107D50000000000000000000000000000000000023
:107D60000000000000000000000000000000000013
:107D70000000000000000000000000000000000003
:107D800000000000000000000000000000000000F3
:107D900000000000000000000000000000000000E3
:107DA00000000000000000000000000000000000D3
:107DB00000000000000000000000000000000000C3
:107DC00000000000000000000000000000000000B3
:107DD00000000000000000000000000000000000A3
:107DE0000000000000000000000000000000000093
:107DF0000000000000000000000000000000000083
:107E00000000000000000000000000000000000072
:107E10000000000000000000000000000000000062
:107E20000000000000000000000000000000000052
:107E30000000000000000000000000000000000042
:107E40000000000000000000000000000000000032
:107E50000000000000000000000000000000000022
:107E60000000000000000000000000000000000012
:107E70000000000000000000000000000000000002
:107E800000000000000000000000000000000000F2
:107E900000000000000000000000000000000000E2
:107EA00000000000000000000000000000000000D2
:107EB0000000000000000000300080010000000110
:107EC00020000000300020010040000020000000E1
:107ED00030004065000000000000000000000000CD
:107EE0000000000000000000000000000000000092
:107EF0000000000000000000000000000000000082
:107F00000000000000000000000000000000000071
:107F10000000000000000000000000000000000061
:107F20000000000000000000000000000000000051
:107F30000000000000000000000000000000000041
:107F40000000000000000000000000000000000031
:107F50000000000000000000000000000000000021
:107F60000000000000000000000000000000000011
:107F70000000000000000000000000000000000001
:107F800000000000000000000000000000000000F1
:107F900000000000000000000000000000000000E1
:107FA00000000000000000000000000000000000D1
:107FB00000000000000000000000000000000000C1
:107FC00000000000000000000000000000000000B1
:107FD00000000000000000000000000000000000A1
:107FE0000000000000000000000000000000000091
:107FF0000000000000000000000000000000000081
:108000000000000000000000000000000000000070
:108010000000000000000000000000000000000060
:108020000000000000000000000000000000000050
:108030000000000000000000000000000000000040
:108040000000000000000000000000000000000030
:108050000000000000000000000000000000000020
:10806000000000000000000030008001000000025D
:108070002000000020000000200000002000000080
:108080002000000020000000200000002000000070
:108090002000000020000000200000002000000060
:1080A0003001400800000000000000000000000057
:1080B00000000000000000000000000000000000C0
:1080C00000000000300020010040000130014004A9
:1080D00000000000000000000000000000000000A0
:1080E0003000200100400004300140040000000086
:1080F000000000000000000000000000300020012F
:1081000000400008300140040000000000000000B2
:1081100000000000000000003000200100400009C5
:1081200030014004000000000000000000000000DA
:1081300000000000300020010040000B300140042E
:10814000000000000000000000000000000000002F
:10815000300020010040000C30014004000000000D
:1081600000000000000000000000000030002001BE
:108170000040000D3001400400000000000000003D
:108180000000000000000000300020010040000E50
:10819000300140040000000000000000000000006A
:1081A00000000000300020010040001430014004B5
:1081B00000000000000000000000000000000000BF
:1081C0003000200100400015300140040000000094
:1081D000000000000000000000000000300020014E
:1081E0000040001A300140040000000000000000C0
:1081F0000000000000000000300020010040001BD3
:1082000030014004000000000000000000000000F9
:108210000000000030002001004000223001400436
:10822000000000000000000000000000000000004E
:108230003000200100400023300140040000000015
:1082400000000000000000000000000030002001DD
:108250000040002430014004000000000000000045
:108260000000000000000000300020010040002558
:108270003001400400000000000000000000000089
:1082800000000000300020010040002830014004C0
:1082900000000000000000000000000000000000DE
:1082A000300020010040002930014004000000009F
:1082B000000000000000000000000000300020016D
:1082C0000040008030014004000000000000000079
:1082D000000000000000000030002001004000818C
:1082E0003001400400000000000000000000000019
:1082F00000000000300020010040008230014004F6
:10830000000000000000000000000000000000006D
:1083100030002001004000833001400400000000D4
:1083200000000000000000000000000030002001FC
:108330000040008430014004000000000000000004
:108340000000000000000000300020010040008517
:1083500030014004000000000000000000000000A8
:108360000000000030002001004000863001400481
:1083700000000000000000000000000000000000FD
:108380003000200100400087300140040000000060
:10839000000000000000000000000000300020018C
:1083A0000040008A3001400400000000000000008E
:1083B0000000000000000000300020010040008E9E
:1083C0003001400400000000000000000000000038
:1083D0000000000030002001004000903001400407
:1083E000000000000000000000000000000000008D
:1083F00030002001004000913001400400000000E6
:10840000000000000000000000000000300020011B
:108410000040009230014004000000000000000015
:108420000000000000000000300020010040009328
:1084300030014004000000000000000000000000C7
:108440000000000030002001004000943001400492
:10845000000000000000000000000000000000001C
:108460003000200100400095300140040000000071
:1084700000000000000000000000000030002001AB
:1084800000400096300140040000000000000000A1
:1084900000000000000000003000200100400097B4
:1084A0003001400400000000000000000000000057
:1084B000000000003000200100400098300140041E
:1084C00000000000000000000000000000000000AC
:1084D00030002001004000993001400400000000FD
:1084E000000000000000000000000000300020013B
:1084F0000040009C3001400400000000000000002B
:1085000000000000000000003000200100400103D6
:1085100030014004000000000000000000000000E6
:10852000000000003000200100400106300140043E
:10853000000000000000000000000000000000003B
:108540003000200100400110300140040000000014
:1085500000000000000000000000000030002001CA
:108560000040011130014004000000000000000044
:108570000000000000000000300020010040011257
:108580003001400400000000000000000000000076
:1085900000000000300020010040011330014004C1
:1085A00000000000000000000000000000000000CB
:1085B00030002001004001143001400400000000A0
:1085C000000000000000000000000000300020015A
:1085D00000400115300140040000000000000000D0
:1085E00000000000000000003000200100400116E3
:1085F0003001400400000000000000000000000006
:10860000000000003000200100400117300140044C
:10861000000000000000000000000000000000005A
:10862000300020010040011830014004000000002B
:1086300000000000000000000000000030002001E9
:10864000004001193001400400000000000000005B
:108650000000000000000000300020010040011A6E
:108660003001400400000000000000000000000095
:1086700000000000300020010040011B30014004D8
:1086800000000000000000000000000000000000EA
:10869000300020010040011C3001400400000000B7
:1086A0000000000000000000000000003000200179
:1086B0000040011D300140040000000000000000E7
:1086C0000000000000000000300020010040011EFA
:1086D0003001400400000000000000000000000025
:1086E00000000000300020010040011F3001400464
:1086F000000000000000000000000000000000007A
:108700003000200100400120300140040000000042
:108710000000000000000000000000003000200108
:108720000040012130014004000000000000000072
:108730000000000000000000300020010040012285
:1087400030014004000000000000000000000000B4
:1087500000000000300020010040012330014004EF
:108760000000000000000000000000000000000009
:10877000300020010040018430014004000000006E
:108780000000000000000000000000003000200198
:10879000004002843001400400000000000000009E
:1087A0000000000000000000300020010040030530
:1087B0003001400400000000000000000000000044
:1087C000000000003000200100400311300140048F
:1087D0000000000000000000000000000000000099
:1087E000300020010040031A300140040000000066
:1087F0000000000000000000000000003000200128
:10880000004003823001400400000000000000002E
:108810000000000000000000300020010040038341
:1088200030014004000000000000000000000000D3
:1088300000000000300020010040038430014004AB
:108840000000000000000000000000000000000028
:10885000300020010040038530014004000000008A
:1088600000000000000000000000000030002001B7
:1088700000400480300140040000000000000000BF
:1088800000000000000000003000200100400482D1
:108890003001400400000000000000000000000063
:1088A000000000003000200100400484300140043A
:1088B00000000000000000000000000000000000B8
:1088C0003000200100400485300140040000000019
:1088D0000000000000000000000000003000200147
:1088E0000040048B30014004000000000000000044
:1088F0000000000000000000300020010040049053
:1089000030014004000000000000000000000000F2
:1089100000000000300020010040049130014004BC
:108920000000000000000000000000000000000047
:10893000300020010040049230014004000000009B
:1089400000000000000000000000000030002001D6
:1089500000400493300140040000000000000000CB
:1089600000000000000000003000200100400494DE
:108970003001400400000000000000000000000082
:108980000000000030002001004004953001400448
:1089900000000000000000000000000000000000D7
:1089A0003000200100400496300140040000000027
:1089B0000000000000000000000000003000200166
:1089C0000040049730014004000000000000000057
:1089D000000000000000000030002001004004986A
:1089E0003001400400000000000000000000000012
:1089F00000000000300020010040049930014004D4
:108A00000000000000000000000000000000000066
:108A1000300020010040049A3001400400000000B2
:108A200000000000000000000000000030002001F5
:108A30000040049B300140040000000000000000E2
:108A4000000000000000000030002001004005058B
:108A500030014004000000000000000000000000A1
:108A60000000000030002001004005833001400478
:108A700000000000000000000000000000000000F6
:108A80003000200100400584300140040000000057
:108A90000000000000000000000000003000200185
:108AA000004005903001400400000000000000007C
:108AB000000000000000000030002001004005928E
:108AC0003001400400000000000000000000000031
:108AD00000000000300020010040059730014004F4
:108AE0000000000000000000000000000000000086
:108AF000300020010040059A3001400400000000D1
:108B00000000000000000000000000003000200114
:108B10000040059B30014004000000000000000000
:108B20000000000000000000300020010040059C13
:108B300030014004000000000000000000000000C0
:108B400000000000300020010040059D300140047D
:108B50000000000000000000000000000000000015
:108B600030002001004006003001400400000000F9
:108B700000000000000000000000000030002001A4
:108B80000040060130014004000000000000000029
:108B9000000000000000000030002001004006023C
:108BA0003001400400000000000000000000000050
:108BB00000000000300020010040060330014004A6
:108BC00000000000000000000000000000000000A5
:108BD0003000200100400604300140040000000085
:108BE0000000000000000000000000003000200134
:108BF00000400605300140040000000000000000B5
:108C000000000000000000003000200100400606C7
:108C100030014004000000000000000000000000DF
:108C20000000000030002001004006073001400431
:108C30000000000000000000000000000000000034
:108C40003000200100400608300140040000000010
:108C500000000000000000000000000030002001C3
:108C60000040060930014004000000000000000040
:108C70000000000000000000300020010040060A53
:108C8000300140040000000000000000000000006F
:108C900000000000300020010040060B30014004BD
:108CA00000000000000000000000000000000000C4
:108CB000300020010040060C30014004000000009C
:108CC0000000000000000000000000003000200153
:108CD0000040060D300140040000000000000000CC
:108CE0000000000000000000300020010040060EDF
:108CF00030014004000000000000000000000000FF
:108D000000000000300020010040060F3001400448
:108D10000000000000000000000000000000000053
:108D20003000200100400610300140040000000027
:108D300000000000000000000000000030002001E2
:108D40000040061130014004000000000000000057
:108D5000000000000000000030002001004006126A
:108D6000300140040000000000000000000000008E
:108D700000000000300020010040061330014004D4
:108D800000000000000000000000000000000000E3
:108D900030002001004006143001400400000000B3
:108DA0000000000000000000000000003000200172
:108DB00000400615300140040000000000000000E3
:108DC00000000000000000003000200100400616F6
:108DD000300140040000000000000000000000001E
:108DE0000000000030002001004006173001400460
:108DF0000000000000000000000000000000000073
:108E0000300020010040061830014004000000003E
:108E10000000000000000000000000003000200101
:108E2000004006193001400400000000000000006E
:108E30000000000000000000300020010040061A81
:108E400030014004000000000000000000000000AD
:108E500000000000300020010040061B30014004EB
:108E60000000000000000000000000000000000002
:108E7000300020010040061C3001400400000000CA
:108E80000000000000000000000000003000200191
:108E90000040061D300140040000000000000000FA
:108EA0000000000000000000300020010040061E0D
:108EB000300140040000000000000000000000003D
:108EC00000000000300020010040061F3001400477
:108ED0000000000000000000000000000000000092
:108EE0003000200100400620300140040000000056
:108EF0000000000000000000000000003000200121
:108F00000040062130014004000000000000000085
:108F10000000000000000000300020010040062298
:108F200030014004000000000000000000000000CC
:108F30000000000030002001004006233001400402
:108F40000000000000000000000000000000000021
:108F50003000200100400680300140040000000085
:108F600000000000000000000000000030002001B0
:108F700000400681300140040000000000000000B5
:108F800000000000000000003000200100400682C8
:108F9000300140040000000000000000000000005C
:108FA0000000000030002001004006833001400432
:108FB00000000000000000000000000000000000B1
:108FC0003000200100400684300140040000000011
:108FD0000000000000000000000000003000200140
:108FE0000040068530014004000000000000000041
:108FF0000000000000000000300020010040068654
:1090000030014004000000000000000000000000EB
:1090100000000000300020010040068730014004BD
:109020000000000000000000000000000000000040
:10903000300020010040068830014004000000009C
:1090400000000000000000000000000030002001CF
:1090500000400689300140040000000000000000CC
:109060000000000000000000300020010040068ADF
:10907000300140040000000000000000000000007B
:1090800000000000300020010040068B3001400449
:1090900000000000000000000000000000000000D0
:1090A000300020010040068C300140040000000028
:1090B000000000000000000000000000300020015F
:1090C0000040068D30014004000000000000000058
:1090D0000000000000000000300020010040068E6B
:1090E000300140040000000000000000000000000B
:1090F00000000000300020010040068F30014004D5
:10910000000000000000000000000000000000005F
:1091100030002001004006903001400400000000B3
:1091200000000000000000000000000030002001EE
:1091300000400691300140040000000000000000E3
:1091400000000000000000003000200100400692F6
:10915000300140040000000000000000000000009A
:109160000000000030002001004006933001400460
:1091700000000000000000000000000000000000EF
:10918000300020010040069430014004000000003F
:10919000000000000000000000000000300020017E
:1091A000004006953001400400000000000000006F
:1091B0000000000000000000300020010040069682
:1091C000300140040000000000000000000000002A
:1091D00000000000300020010040069730014004EC
:1091E000000000000000000000000000000000007F
:1091F00030002001004006983001400400000000CB
:10920000000000000000000000000000300020010D
:1092100000400699300140040000000000000000FA
:109220000000000000000000300020010040069A0D
:1092300030014004000000000000000000000000B9
:1092400000000000300020010040069B3001400477
:10925000000000000000000000000000000000000E
:10926000300020010040069C300140040000000056
:10927000000000000000000000000000300020019D
:109280000040069D30014004000000000000000086
:109290000000000000000000300020010040069E99
:1092A0003001400400000000000000000000000049
:1092B00000000000300020010040069F3001400403
:1092C000000000000000000000000000000000009E
:1092D00030002001004006A03001400400000000E2
:1092E000000000000000000000000000300020012D
:1092F000004006A130014004000000000000000012
:10930000000000000000000030002001004006A224
:1093100030014004000000000000000000000000D8
:109320000000000030002001004006A3300140048E
:10933000000000000000000000000000000000002D
:109340003000200100400700300140040000000010
:1093500000000000000000000000000030002001BC
:109360000040070130014004000000000000000040
:109370000000000000000000300020010040070253
:109380003001400400000000000000000000000068
:1093900000000000300020010040070330014004BD
:1093A00000000000000000000000000000000000BD
:1093B000300020010040070430014004000000009C
:1093C000000000000000000000000000300020014C
:1093D00000400705300140040000000000000000CC
:1093E00000000000000000003000200100400706DF
:1093F00030014004000000000000000000000000F8
:109400000000000030002001004007073001400448
:10941000000000000000000000000000000000004C
:109420003000200100400708300140040000000027
:1094300000000000000000000000000030002001DB
:109440000040070930014004000000000000000057
:109450000000000000000000300020010040070A6A
:109460003001400400000000000000000000000087
:1094700000000000300020010040070B30014004D4
:1094800000000000000000000000000000000000DC
:10949000300020010040070C3001400400000000B3
:1094A000000000000000000000000000300020016B
:1094B0000040070D300140040000000000000000E3
:1094C0000000000000000000300020010040070EF6
:1094D0003001400400000000000000000000000017
:1094E00000000000300020010040070F3001400460
:1094F000000000000000000000000000000000006C
:10950000300020010040071030014004000000003E
:1095100000000000000000000000000030002001FA
:10952000004007113001400400000000000000006E
:109530000000000000000000300020010040071281
:1095400030014004000000000000000000000000A6
:1095500000000000300020010040071330014004EB
:1095600000000000000000000000000000000000FB
:1095700030002001004007143001400400000000CA
:10958000000000000000000000000000300020018A
:1095900000400715300140040000000000000000FA
:1095A000000000000000000030002001004007160D
:1095B0003001400400000000000000000000000036
:1095C0000000000030002001004007173001400477
:1095D000000000000000000000000000000000008B
:1095E0003000200100400718300140040000000056
:1095F000000000000000000000000000300020011A
:109600000040071930014004000000000000000085
:109610000000000000000000300020010040071A98
:1096200030014004000000000000000000000000C5
:1096300000000000300020010040071B3001400402
:10964000000000000000000000000000000000001A
:10965000300020010040071C3001400400000000E1
:1096600000000000000000000000000030002001A9
:109670000040071D30014004000000000000000011
:109680000000000000000000300020010040071E24
:109690003001400400000000000000000000000055
:1096A00000000000300020010040071F300140048E
:1096B00000000000000000000000000000000000AA
:1096C000300020010040072030014004000000006D
:1096D0000000000000000000000000003000200139
:1096E000004007213001400400000000000000009D
:1096F00000000000000000003000200100400722B0
:1097000030014004000000000000000000000000E4
:109710000000000030002001004007233001400419
:109720000000000000000000000000000000000039
:10973000300020010040078030014004000000009C
:1097400000000000000000000000000030002001C8
:1097500000400781300140040000000000000000CC
:1097600000000000000000003000200100400782DF
:109770003001400400000000000000000000000074
:109780000000000030002001004007833001400449
:1097900000000000000000000000000000000000C9
:1097A0003000200100400784300140040000000028
:1097B0000000000000000000000000003000200158
:1097C0000040078530014004000000000000000058
:1097D000000000000000000030002001004007866B
:1097E0003001400400000000000000000000000004
:1097F00000000000300020010040078730014004D5
:109800000000000000000000000000000000000058
:1098100030002001004007883001400400000000B3
:1098200000000000000000000000000030002001E7
:1098300000400789300140040000000000000000E3
:109840000000000000000000300020010040078AF6
:109850003001400400000000000000000000000093
:1098600000000000300020010040078B3001400460
:1098700000000000000000000000000000000000E8
:10988000300020010040078C30014004000000003F
:109890000000000000000000000000003000200177
:1098A0000040078D3001400400000000000000006F
:1098B0000000000000000000300020010040078E82
:1098C0003001400400000000000000000000000023
:1098D00000000000300020010040078F30014004EC
:1098E0000000000000000000000000000000000078
:1098F00030002001004007903001400400000000CB
:109900000000000000000000000000003000200106
:1099100000400791300140040000000000000000FA
:10992000000000000000000030002001004007920D
:1099300030014004000000000000000000000000B2
:109940000000000030002001004007933001400477
:109950000000000000000000000000000000000007
:109960003000200100400794300140040000000056
:109970000000000000000000000000003000200196
:109980000040079530014004000000000000000086
:109990000000000000000000300020010040079699
:1099A0003001400400000000000000000000000042
:1099B0000000000030002001004007973001400403
:1099C0000000000000000000000000000000000097
:1099D00030002001004007983001400400000000E2
:1099E0000000000000000000000000003000200126
:1099F0000040079930014004000000000000000012
:109A00000000000000000000300020010040079A24
:109A100030014004000000000000000000000000D1
:109A200000000000300020010040079B300140048E
:109A30000000000000000000000000000000000026
:109A4000300020010040079C30014004000000006D
:109A500000000000000000000000000030002001B5
:109A60000040079D3001400400000000000000009D
:109A70000000000000000000300020010040079EB0
:109A80003001400400000000000000000000000061
:109A900000000000300020010040079F300140041A
:109AA00000000000000000000000000000000000B6
:109AB00030002001004007A03001400400000000F9
:109AC0000000000000000000000000003000200145
:109AD000004007A130014004000000000000000029
:109AE000000000000000000030002001004007A23C
:109AF00030014004000000000000000000000000F1
:109B00000000000030002001004007A330014004A5
:109B10000000000000000000000000000000000045
:109B20003000200100400800300140040000000027
:109B300000000000000000000000000030002001D4
:109B40000040080130014004000000000000000057
:109B5000000000000000000030002001004008026A
:109B60003001400400000000000000000000000080
:109B700000000000300020010040080330014004D4
:109B800000000000000000000000000000000000D5
:109B900030002001004008043001400400000000B3
:109BA0000000000000000000000000003000200164
:109BB00000400805300140040000000000000000E3
:109BC00000000000000000003000200100400806F6
:109BD0003001400400000000000000000000000010
:109BE0000000000030002001004008073001400460
:109BF0000000000000000000000000000000000065
:109C0000300020010040080830014004000000003E
:109C100000000000000000000000000030002001F3
:109C2000004008093001400400000000000000006E
:109C30000000000000000000300020010040080A81
:109C4000300140040000000000000000000000009F
:109C500000000000300020010040080B30014004EB
:109C600000000000000000000000000000000000F4
:109C7000300020010040080C3001400400000000CA
:109C80000000000000000000000000003000200183
:109C90000040080D300140040000000000000000FA
:109CA0000000000000000000300020010040080E0D
:109CB000300140040000000000000000000000002F
:109CC00000000000300020010040080F3001400477
:109CD0000000000000000000000000000000000084
:109CE0003000200100400810300140040000000056
:109CF0000000000000000000000000003000200113
:109D00000040081130014004000000000000000085
:109D10000000000000000000300020010040081298
:109D200030014004000000000000000000000000BE
:109D30000000000030002001004008133001400402
:109D40000000000000000000000000000000000013
:109D500030002001004008143001400400000000E1
:109D600000000000000000000000000030002001A2
:109D70000040081530014004000000000000000011
:109D80000000000000000000300020010040081624
:109D9000300140040000000000000000000000004E
:109DA000000000003000200100400817300140048E
:109DB00000000000000000000000000000000000A3
:109DC000300020010040081830014004000000006D
:109DD0000000000000000000000000003000200132
:109DE000004008193001400400000000000000009D
:109DF0000000000000000000300020010040081AB0
:109E000030014004000000000000000000000000DD
:109E100000000000300020010040081B3001400419
:109E20000000000000000000000000000000000032
:109E3000300020010040081C3001400400000000F8
:109E400000000000000000000000000030002001C1
:109E50000040081D30014004000000000000000028
:109E60000000000000000000300020010040081E3B
:109E7000300140040000000000000000000000006D
:109E800000000000300020010040081F30014004A5
:109E900000000000000000000000000000000000C2
:109EA0003000200100400820300140040000000084
:109EB0000000000000000000000000003000200151
:109EC00000400821300140040000000000000000B4
:109ED00000000000000000003000200100400822C7
:109EE00030014004000000000000000000000000FD
:109EF0000000000030002001004008233001400431
:109F00000000000000000000000000000000000051
:109F100030002001004008803001400400000000B3
:109F200000000000000000000000000030002001E0
:109F300000400881300140040000000000000000E3
:109F400000000000000000003000200100400882F6
:109F5000300140040000000000000000000000008C
:109F60000000000030002001004008833001400460
:109F700000000000000000000000000000000000E1
:109F8000300020010040088430014004000000003F
:109F90000000000000000000000000003000200170
:109FA000004008853001400400000000000000006F
:109FB0000000000000000000300020010040088682
:109FC000300140040000000000000000000000001C
:109FD00000000000300020010040088730014004EC
:109FE0000000000000000000000000000000000071
:109FF00030002001004008883001400400000000CB
:10A0000000000000000000000000000030002001FF
:10A0100000400889300140040000000000000000FA
:10A020000000000000000000300020010040088A0D
:10A0300030014004000000000000000000000000AB
:10A0400000000000300020010040088B3001400477
:10A050000000000000000000000000000000000000
:10A06000300020010040088C300140040000000056
:10A07000000000000000000000000000300020018F
:10A080000040088D30014004000000000000000086
:10A090000000000000000000300020010040088E99
:10A0A000300140040000000000000000000000003B
:10A0B00000000000300020010040088F3001400403
:10A0C0000000000000000000000000000000000090
:10A0D00030002001004008903001400400000000E2
:10A0E000000000000000000000000000300020011F
:10A0F0000040089130014004000000000000000012
:10A100000000000000000000300020010040089224
:10A1100030014004000000000000000000000000CA
:10A12000000000003000200100400893300140048E
:10A13000000000000000000000000000000000001F
:10A14000300020010040089430014004000000006D
:10A1500000000000000000000000000030002001AE
:10A16000004008953001400400000000000000009D
:10A1700000000000000000003000200100400896B0
:10A18000300140040000000000000000000000005A
:10A19000000000003000200100400897300140041A
:10A1A00000000000000000000000000000000000AF
:10A1B00030002001004008983001400400000000F9
:10A1C000000000000000000000000000300020013E
:10A1D0000040089930014004000000000000000029
:10A1E0000000000000000000300020010040089A3C
:10A1F00030014004000000000000000000000000EA
:10A2000000000000300020010040089B30014004A5
:10A21000000000000000000000000000000000003E
:10A22000300020010040089C300140040000000084
:10A2300000000000000000000000000030002001CD
:10A240000040089D300140040000000000000000B4
:10A250000000000000000000300020010040089EC7
:10A260003001400400000000000000000000000079
:10A2700000000000300020010040089F3001400431
:10A2800000000000000000000000000000000000CE
:10A2900030002001004008A0300140040000000010
:10A2A000000000000000000000000000300020015D
:10A2B000004008A130014004000000000000000040
:10A2C000000000000000000030002001004008A253
:10A2D0003001400400000000000000000000000009
:10A2E0000000000030002001004008A330014004BD
:10A2F000000000000000000000000000000000005E
:10A30000300020010040090030014004000000003E
:10A3100000000000000000000000000030002001EC
:10A32000004009013001400400000000000000006E
:10A330000000000000000000300020010040090281
:10A340003001400400000000000000000000000098
:10A3500000000000300020010040090430014004EA
:10A3600000000000000000000000000000000000ED
:10A3700030002001004009073001400400000000C7
:10A38000000000000000000000000000300020017C
:10A3900000400909300140040000000000000000F6
:10A3A0000000000000000000300020010040090A09
:10A3B0003001400400000000000000000000000028
:10A3C00000000000300020010040090E3001400470
:10A3D000000000000000000000000000000000007D
:10A3E000300020010040091030014004000000004E
:10A3F000000000000000000000000000300020010C
:10A40000004009113001400400000000000000007D
:10A410000000000000000000300020010040091290
:10A4200030014004000000000000000000000000B7
:10A4300000000000300020010040091330014004FA
:10A44000000000000000000000000000000000000C
:10A4500030002001004009143001400400000000D9
:10A46000000000000000000000000000300020019B
:10A470000040091530014004000000000000000009
:10A48000000000000000000030002001004009161C
:10A490003001400400000000000000000000000047
:10A4A0000000000030002001004009173001400486
:10A4B000000000000000000000000000000000009C
:10A4C0003000200100400918300140040000000065
:10A4D000000000000000000000000000300020012B
:10A4E0000040091930014004000000000000000095
:10A4F0000000000000000000300020010040091AA8
:10A5000030014004000000000000000000000000D6
:10A5100000000000300020010040091B3001400411
:10A52000000000000000000000000000000000002B
:10A53000300020010040091C3001400400000000F0
:10A5400000000000000000000000000030002001BA
:10A550000040091D30014004000000000000000020
:10A5600000000000000000003000200100400980D1
:10A570003001400400000000000000000000000066
:10A58000000000003000200100400981300140043B
:10A5900000000000000000000000000000000000BB
:10A5A000300020010040098230014004000000001A
:10A5B000000000000000000000000000300020014A
:10A5C0000040098430014004000000000000000049
:10A5D000000000000000000030002001004009865B
:10A5E00030014004000000000000000000000000F6
:10A5F00000000000300020010040098830014004C4
:10A60000000000000000000000000000000000004A
:10A6100030002001004009893001400400000000A2
:10A6200000000000000000000000000030002001D9
:10A630000040098A300140040000000000000000D2
:10A640000000000000000000300020010040098BE5
:10A650003001400400000000000000000000000085
:10A6600000000000300020010040098D300140044E
:10A6700000000000000000000000000000000000DA
:10A68000300020010040098E30014004000000002D
:10A690000000000000000000000000003000200169
:10A6A0000040098F3001400400000000000000005D
:10A6B0000000000000000000300020010040099070
:10A6C0003001400400000000000000000000000015
:10A6D00000000000300020010040099130014004DA
:10A6E000000000000000000000000000000000006A
:10A6F00030002001004009923001400400000000B9
:10A7000000000000000000000000000030002001F8
:10A7100000400993300140040000000000000000E8
:10A7200000000000000000003000200100400994FB
:10A7300030014004000000000000000000000000A4
:10A740000000000030002001004009953001400465
:10A7500000000000000000000000000000000000F9
:10A760003000200100400996300140040000000044
:10A770000000000000000000000000003000200188
:10A780000040099730014004000000000000000074
:10A790000000000000000000300020010040099887
:10A7A0003001400400000000000000000000000034
:10A7B00000000000300020010040099930014004F1
:10A7C0000000000000000000000000000000000089
:10A7D0003000200100400A00300140040000000069
:10A7E0000000000000000000000000003000200118
:10A7F00000400A0430014004000000000000000096
:10A8000000000000000000003000200100400A07A6
:10A8100030014004000000000000000000000000C3
:10A82000000000003000200100400A083001400410
:10A830000000000000000000000000000000000018
:10A840003000200100400A093001400400000000EF
:10A8500000000000000000000000000030002001A7
:10A8600000400A0A3001400400000000000000001F
:10A8700000000000000000003000200100400A0B32
:10A880003001400400000000000000000000000053
:10A89000000000003000200100400A0C300140049C
:10A8A00000000000000000000000000000000000A8
:10A8B0003000200100400A0D30014004000000007B
:10A8C0000000000000000000000000003000200137
:10A8D00000400A0E300140040000000000000000AB
:10A8E00000000000000000003000200100400A0FBE
:10A8F00030014004000000000000000000000000E3
:10A90000000000003000200100400A103001400427
:10A910000000000000000000000000000000000037
:10A920003000200100400A11300140040000000006
:10A9300000000000000000000000000030002001C6
:10A9400000400A1330014004000000000000000035
:10A9500000000000000000003000200100400A1448
:10A960003001400400000000000000000000000072
:10A97000000000003000200100400A1530014004B2
:10A9800000000000000000000000000000000000C7
:10A990003000200100400A16300140040000000091
:10A9A0000000000000000000000000003000200156
:10A9B00000400A17300140040000000000000000C1
:10A9C00000000000000000003000200100400A19D3
:10A9D0003001400400000000000000000000000002
:10A9E000000000003000200100400A1A300140043D
:10A9F0000000000000000000000000000000000057
:10AA00003000200100400A1B30014004000000001B
:10AA100000000000000000000000000030002001E5
:10AA200000400A1C3001400400000000000000004B
:10AA300000000000000000003000200100400A1D5E
:10AA40003001400400000000000000000000000091
:10AA5000000000003000200100400A1E30014004C8
:10AA600000000000000000000000000000000000E6
:10AA70003000200100400A1F3001400400000000A7
:10AA80000000000000000000000000003000200175
:10AA900000400A22300140040000000000000000D5
:10AAA00000000000000000003000200100400A23E8
:10AAB0003001400400000000000000000000000021
:10AAC000000000003000200100400A8430014004F2
:10AAD0000000000000000000000000000000000076
:10AAE0003000200100400A893001400400000000CD
:10AAF0000000000000000000000000003000200105
:10AB000000400A8A300140040000000000000000FC
:10AB100000000000000000003000200100400A8B0F
:10AB200030014004000000000000000000000000B0
:10AB3000000000003000200100400A8D3001400478
:10AB40000000000000000000000000000000000005
:10AB50003000200100400A8E300140040000000057
:10AB60000000000000000000000000003000200194
:10AB700000400A9030014004000000000000000086
:10AB800000000000000000003000200100400A9199
:10AB90003001400400000000000000000000000040
:10ABA000000000003000200100400A923001400403
:10ABB0000000000000000000000000000000000095
:10ABC0003000200100400A963001400400000000DF
:10ABD0000000000000000000000000003000200124
:10ABE00000400A9A3001400400000000000000000C
:10ABF00000000000000000003000200100400A9B1F
:10AC000030014004000000000000000000000000CF
:10AC1000000000003000200100400A9C3001400488
:10AC20000000000000000000000000000000000024
:10AC30003000200100400A9D300140040000000067
:10AC400000000000000000000000000030002001B3
:10AC500000400AA030014004000000000000000095
:10AC600000000000000000003000200100400AA1A8
:10AC7000300140040000000000000000000000005F
:10AC8000000000003000200100400AA23001400412
:10AC900000000000000000000000000000000000B4
:10ACA0003000200100400AA33001400400000000F1
:10ACB0000000000000000000000000003000200143
:10ACC00000400B00300140040000000000000000C4
:10ACD00000000000000000003000200100400B01D7
:10ACE00030014004000000000000000000000000EF
:10ACF000000000003000200100400B023001400441
:10AD00000000000000000000000000000000000043
:10AD10003000200100400B0630014004000000001C
:10AD200000000000000000000000000030002001D2
:10AD300000400B073001400400000000000000004C
:10AD400000000000000000003000200100400B085F
:10AD5000300140040000000000000000000000007E
:10AD6000000000003000200100400B0930014004C9
:10AD700000000000000000000000000000000000D3
:10AD80003000200100400B0A3001400400000000A8
:10AD90000000000000000000000000003000200162
:10ADA00000400B0B300140040000000000000000D8
:10ADB00000000000000000003000200100400B0CEB
:10ADC000300140040000000000000000000000000E
:10ADD000000000003000200100400B0D3001400455
:10ADE0000000000000000000000000000000000063
:10ADF0003000200100400B0E300140040000000034
:10AE000000000000000000000000000030002001F1
:10AE100000400B0F30014004000000000000000063
:10AE200000000000000000003000200100400B1076
:10AE3000300140040000000000000000000000009D
:10AE4000000000003000200100400B1130014004E0
:10AE500000000000000000000000000000000000F2
:10AE60003000200100400B123001400400000000BF
:10AE70000000000000000000000000003000200181
:10AE800000400B13300140040000000000000000EF
:10AE900000000000000000003000200100400B1402
:10AEA000300140040000000000000000000000002D
:10AEB000000000003000200100400B15300140046C
:10AEC0000000000000000000000000000000000082
:10AED0003000200100400B1630014004000000004B
:10AEE0000000000000000000000000003000200111
:10AEF00000400B173001400400000000000000007B
:10AF000000000000000000003000200100400B188D
:10AF100030014004000000000000000000000000BC
:10AF2000000000003000200100400B1930014004F7
:10AF30000000000000000000000000000000000011
:10AF40003000200100400B1A3001400400000000D6
:10AF500000000000000000000000000030002001A0
:10AF600000400B1B30014004000000000000000006
:10AF700000000000000000003000200100400B1C19
:10AF8000300140040000000000000000000000004C
:10AF9000000000003000200100400B1D3001400483
:10AFA00000000000000000000000000000000000A1
:10AFB0003000200100400B1E300140040000000062
:10AFC0000000000000000000000000003000200130
:10AFD00000400B1F30014004000000000000000092
:10AFE00000000000000000003000200100400B20A5
:10AFF00030014004000000000000000000000000DC
:10B00000000000003000200100400B21300140040E
:10B010000000000000000000000000000000000030
:10B020003000200100400B223001400400000000ED
:10B0300000000000000000000000000030002001BF
:10B0400000400B233001400400000000000000001D
:10B0500000000000000000003000200100400B80D4
:10B06000300140040000000000000000000000006B
:10B07000000000003000200100400B81300140043E
:10B0800000000000000000000000000000000000C0
:10B090003000200100400B8230014004000000001D
:10B0A000000000000000000000000000300020014F
:10B0B00000400B843001400400000000000000004C
:10B0C00000000000000000003000200100400B865E
:10B0D00030014004000000000000000000000000FB
:10B0E000000000003000200100400B8730014004C8
:10B0F0000000000000000000000000000000000050
:10B100003000200100400B883001400400000000A6
:10B1100000000000000000000000000030002001DE
:10B1200000400B89300140040000000000000000D6
:10B1300000000000000000003000200100400B8AE9
:10B14000300140040000000000000000000000008A
:10B15000000000003000200100400B8B3001400453
:10B1600000000000000000000000000000000000DF
:10B170003000200100400B8C300140040000000032
:10B18000000000000000000000000000300020016E
:10B1900000400B8D30014004000000000000000062
:10B1A00000000000000000003000200100400B8E75
:10B1B000300140040000000000000000000000001A
:10B1C000000000003000200100400B8F30014004DF
:10B1D000000000000000000000000000000000006F
:10B1E0003000200100400B903001400400000000BE
:10B1F00000000000000000000000000030002001FE
:10B2000000400B91300140040000000000000000ED
:10B2100000000000000000003000200100400B9200
:10B2200030014004000000000000000000000000A9
:10B23000000000003000200100400B93300140046A
:10B2400000000000000000000000000000000000FE
:10B250003000200100400B94300140040000000049
:10B26000000000000000000000000000300020018D
:10B2700000400B9530014004000000000000000079
:10B2800000000000000000003000200100400B968C
:10B290003001400400000000000000000000000039
:10B2A000000000003000200100400B9730014004F6
:10B2B000000000000000000000000000000000008E
:10B2C0003000200100400B983001400400000000D5
:10B2D000000000000000000000000000300020011D
:10B2E00000400B9930014004000000000000000005
:10B2F00000000000000000003000200100400B9A18
:10B3000030014004000000000000000000000000C8
:10B31000000000003000200100400B9B3001400481
:10B32000000000000000000000000000000000001D
:10B330003000200100400B9C300140040000000060
:10B3400000000000000000000000000030002001AC
:10B3500000400B9D30014004000000000000000090
:10B3600000000000000000003000200100400B9EA3
:10B370003001400400000000000000000000000058
:10B38000000000003000200100400B9F300140040D
:10B3900000000000000000000000000000000000AD
:10B3A0003000200100400BA03001400400000000EC
:10B3B000000000000000000000000000300020013C
:10B3C00000400BA13001400400000000000000001C
:10B3D00000000000000000003000200100400BA22F
:10B3E00030014004000000000000000000000000E8
:10B3F000000000003000200100400BA33001400499
:10B40000000000000000000000000000000000003C
:10B410003000200100400C0030014004000000001A
:10B4200000000000000000000000000030002001CB
:10B4300000400C013001400400000000000000004A
:10B4400000000000000000003000200100400C025D
:10B450003001400400000000000000000000000077
:10B46000000000003000200100400C0630014004C4
:10B4700000000000000000000000000000000000CC
:10B480003000200100400C073001400400000000A3
:10B49000000000000000000000000000300020015B
:10B4A00000400C08300140040000000000000000D3
:10B4B00000000000000000003000200100400C09E6
:10B4C0003001400400000000000000000000000007
:10B4D000000000003000200100400C0A3001400450
:10B4E000000000000000000000000000000000005C
:10B4F0003000200100400C0C30014004000000002E
:10B5000000000000000000000000000030002001EA
:10B5100000400C0E3001400400000000000000005C
:10B5200000000000000000003000200100400C0F6F
:10B530003001400400000000000000000000000096
:10B54000000000003000200100400C1030014004D9
:10B5500000000000000000000000000000000000EB
:10B560003000200100400C113001400400000000B8
:10B57000000000000000000000000000300020017A
:10B5800000400C12300140040000000000000000E8
:10B5900000000000000000003000200100400C13FB
:10B5A0003001400400000000000000000000000026
:10B5B000000000003000200100400C143001400465
:10B5C000000000000000000000000000000000007B
:10B5D0003000200100400C15300140040000000044
:10B5E000000000000000000000000000300020010A
:10B5F00000400C1630014004000000000000000074
:10B6000000000000000000003000200100400C1786
:10B6100030014004000000000000000000000000B5
:10B62000000000003000200100400C1830014004F0
:10B63000000000000000000000000000000000000A
:10B640003000200100400C193001400400000000CF
:10B650000000000000000000000000003000200199
:10B6600000400C1A300140040000000000000000FF
:10B6700000000000000000003000200100400C1B12
:10B680003001400400000000000000000000000045
:10B69000000000003000200100400C803001400418
:10B6A000000000000000000000000000000000009A
:10B6B0003000200100400C813001400400000000F7
:10B6C0000000000000000000000000003000200129
:10B6D00000400C8230014004000000000000000027
:10B6E00000000000000000003000200100400C8439
:10B6F00030014004000000000000000000000000D5
:10B70000000000003000200100400C8630014004A1
:10B710000000000000000000000000000000000029
:10B720003000200100400C87300140040000000080
:10B7300000000000000000000000000030002001B8
:10B7400000400C88300140040000000000000000B0
:10B7500000000000000000003000200100400C89C3
:10B760003001400400000000000000000000000064
:10B77000000000003000200100400C8A300140042D
:10B7800000000000000000000000000000000000B9
:10B790003000200100400C8B30014004000000000C
:10B7A0000000000000000000000000003000200148
:10B7B00000400C8C3001400400000000000000003C
:10B7C00000000000000000003000200100400C8D4F
:10B7D00030014004000000000000000000000000F4
:10B7E000000000003000200100400C8E30014004B9
:10B7F0000000000000000000000000000000000049
:10B800003000200100400C8F300140040000000097
:10B8100000000000000000000000000030002001D7
:10B8200000400C90300140040000000000000000C7
:10B8300000000000000000003000200100400C91DA
:10B840003001400400000000000000000000000083
:10B85000000000003000200100400C923001400444
:10B8600000000000000000000000000000000000D8
:10B870003000200100400C93300140040000000023
:10B880000000000000000000000000003000200167
:10B8900000400C9430014004000000000000000053
:10B8A00000000000000000003000200100400C9566
:10B8B0003001400400000000000000000000000013
:10B8C000000000003000200100400C9630014004D0
:10B8D0000000000000000000000000000000000068
:10B8E0003000200100400C973001400400000000AF
:10B8F00000000000000000000000000030002001F7
:10B9000000400C98300140040000000000000000DE
:10B9100000000000000000003000200100400C99F1
:10B9200030014004000000000000000000000000A2
:10B93000000000003000200100400C9A300140045B
:10B9400000000000000000000000000000000000F7
:10B950003000200100400C9B30014004000000003A
:10B960000000000000000000000000003000200186
:10B9700000400C9C3001400400000000000000006A
:10B9800000000000000000003000200100400C9D7D
:10B990003001400400000000000000000000000032
:10B9A000000000003000200100400C9E30014004E7
:10B9B0000000000000000000000000000000000087
:10B9C0003000200100400C9F3001400400000000C6
:10B9D0000000000000000000000000003000200116
:10B9E00000400CA0300140040000000000000000F6
:10B9F00000000000000000003000200100400CA109
:10BA000030014004000000000000000000000000C1
:10BA1000000000003000200100400CA23001400472
:10BA20000000000000000000000000000000000016
:10BA30003000200100400CA3300140040000000051
:10BA400000000000000000000000000030002001A5
:10BA500000400D0030014004000000000000000024
:10BA600000000000000000003000200100400D0137
:10BA70003001400400000000000000000000000051
:10BA8000000000003000200100400D0230014004A1
:10BA900000000000000000000000000000000000A6
:10BAA0003000200100400D0430014004000000007F
:10BAB0000000000000000000000000003000200135
:10BAC00000400D06300140040000000000000000AE
:10BAD00000000000000000003000200100400D07C1
:10BAE00030014004000000000000000000000000E1
:10BAF000000000003000200100400D08300140042B
:10BB00000000000000000000000000000000000035
:10BB10003000200100400D09300140040000000009
:10BB200000000000000000000000000030002001C4
:10BB300000400D0A30014004000000000000000039
:10BB400000000000000000003000200100400D0B4C
:10BB50003001400400000000000000000000000070
:10BB6000000000003000200100400D0C30014004B6
:10BB700000000000000000000000000000000000C5
:10BB80003000200100400D0D300140040000000095
:10BB90000000000000000000000000003000200154
:10BBA00000400D0E300140040000000000000000C5
:10BBB00000000000000000003000200100400D0FD8
:10BBC0003001400400000000000000000000000000
:10BBD000000000003000200100400D103001400442
:10BBE0000000000000000000000000000000000055
:10BBF0003000200100400D11300140040000000021
:10BC000000000000000000000000000030002001E3
:10BC100000400D1230014004000000000000000050
:10BC200000000000000000003000200100400D1363
:10BC3000300140040000000000000000000000008F
:10BC4000000000003000200100400D1430014004CD
:10BC500000000000000000000000000000000000E4
:10BC60003000200100400D153001400400000000AC
:10BC70000000000000000000000000003000200173
:10BC800000400D16300140040000000000000000DC
:10BC900000000000000000003000200100400D17EF
:10BCA000300140040000000000000000000000001F
:10BCB000000000003000200100400D183001400459
:10BCC0000000000000000000000000000000000074
:10BCD0003000200100400D19300140040000000038
:10BCE0000000000000000000000000003000200103
:10BCF00000400D1A30014004000000000000000068
:10BD000000000000000000003000200100400D1B7A
:10BD100030014004000000000000000000000000AE
:10BD2000000000003000200100400D1C30014004E4
:10BD30000000000000000000000000000000000003
:10BD40003000200100400D1D3001400400000000C3
:10BD50000000000000000000000000003000200192
:10BD600000400D1E300140040000000000000000F3
:10BD700000000000000000003000200100400D1F06
:10BD8000300140040000000000000000000000003E
:10BD9000000000003000200100400D203001400470
:10BDA0000000000000000000000000000000000093
:10BDB0003000200100400D2130014004000000004F
:10BDC0000000000000000000000000003000200122
:10BDD00000400D223001400400000000000000007F
:10BDE00000000000000000003000200100400D2392
:10BDF00030014004000000000000000000000000CE
:10BE0000000000003000200100400D80300140049F
:10BE10000000000000000000000000000000000022
:10BE20003000200100400D8130014004000000007E
:10BE300000000000000000000000000030002001B1
:10BE400000400D82300140040000000000000000AE
:10BE500000000000000000003000200100400D86BE
:10BE6000300140040000000000000000000000005D
:10BE7000000000003000200100400D873001400428
:10BE800000000000000000000000000000000000B2
:10BE90003000200100400D88300140040000000007
:10BEA0000000000000000000000000003000200141
:10BEB00000400D8930014004000000000000000037
:10BEC00000000000000000003000200100400D8A4A
:10BED00030014004000000000000000000000000ED
:10BEE000000000003000200100400D8B30014004B4
:10BEF0000000000000000000000000000000000042
:10BF00003000200100400D8C300140040000000092
:10BF100000000000000000000000000030002001D0
:10BF200000400D8D300140040000000000000000C2
:10BF300000000000000000003000200100400D8ED5
:10BF4000300140040000000000000000000000007C
:10BF5000000000003000200100400D8F300140043F
:10BF600000000000000000000000000000000000D1
:10BF70003000200100400D9030014004000000001E
:10BF80000000000000000000000000003000200160
:10BF900000400D913001400400000000000000004E
:10BFA00000000000000000003000200100400D9261
:10BFB000300140040000000000000000000000000C
:10BFC000000000003000200100400D9330014004CB
:10BFD0000000000000000000000000000000000061
:10BFE0003000200100400D943001400400000000AA
:10BFF00000000000000000000000000030002001F0
:10C0000000400D95300140040000000000000000D9
:10C0100000000000000000003000200100400D96EC
:10C02000300140040000000000000000000000009B
:10C03000000000003000200100400D973001400456
:10C0400000000000000000000000000000000000F0
:10C050003000200100400D98300140040000000035
:10C06000000000000000000000000000300020017F
:10C0700000400D9930014004000000000000000065
:10C0800000000000000000003000200100400D9A78
:10C09000300140040000000000000000000000002B
:10C0A000000000003000200100400D9B30014004E2
:10C0B0000000000000000000000000000000000080
:10C0C0003000200100400D9C3001400400000000C1
:10C0D000000000000000000000000000300020010F
:10C0E00000400D9D300140040000000000000000F1
:10C0F00000000000000000003000200100400D9E04
:10C1000030014004000000000000000000000000BA
:10C11000000000003000200100400D9F300140046D
:10C12000000000000000000000000000000000000F
:10C130003000200100400DA030014004000000004C
:10C14000000000000000000000000000300020019E
:10C1500000400DA13001400400000000000000007C
:10C1600000000000000000003000200100400DA28F
:10C17000300140040000000000000000000000004A
:10C18000000000003000200100400DA330014004F9
:10C19000000000000000000000000000000000009F
:10C1A0003000200100400E0030014004000000007B
:10C1B000000000000000000000000000300020012E
:10C1C00000400E01300140040000000000000000AB
:10C1D00000000000000000003000200100400E02BE
:10C1E00030014004000000000000000000000000DA
:10C1F000000000003000200100400E043001400427
:10C20000000000000000000000000000000000002E
:10C210003000200100400E07300140040000000003
:10C2200000000000000000000000000030002001BD
:10C2300000400E0830014004000000000000000033
:10C2400000000000000000003000200100400E0946
:10C250003001400400000000000000000000000069
:10C26000000000003000200100400E0A30014004B0
:10C2700000000000000000000000000000000000BE
:10C280003000200100400E0B30014004000000008F
:10C29000000000000000000000000000300020014D
:10C2A00000400E0C300140040000000000000000BF
:10C2B00000000000000000003000200100400E0DD2
:10C2C00030014004000000000000000000000000F9
:10C2D000000000003000200100400E0E300140043C
:10C2E000000000000000000000000000000000004E
:10C2F0003000200100400E0F30014004000000001B
:10C3000000000000000000000000000030002001DC
:10C3100000400E103001400400000000000000004A
:10C3200000000000000000003000200100400E115D
:10C330003001400400000000000000000000000088
:10C34000000000003000200100400E1230014004C7
:10C3500000000000000000000000000000000000DD
:10C360003000200100400E133001400400000000A6
:10C37000000000000000000000000000300020016C
:10C3800000400E14300140040000000000000000D6
:10C3900000000000000000003000200100400E15E9
:10C3A0003001400400000000000000000000000018
:10C3B000000000003000200100400E163001400453
:10C3C000000000000000000000000000000000006D
:10C3D0003000200100400E17300140040000000032
:10C3E00000000000000000000000000030002001FC
:10C3F00000400E1830014004000000000000000062
:10C4000000000000000000003000200100400E1974
:10C4100030014004000000000000000000000000A7
:10C42000000000003000200100400E1A30014004DE
:10C4300000000000000000000000000000000000FC
:10C440003000200100400E1B3001400400000000BD
:10C45000000000000000000000000000300020018B
:10C4600000400E8030014004000000000000000089
:10C4700000000000000000003000200100400E819C
:10C480003001400400000000000000000000000037
:10C49000000000003000200100400E823001400406
:10C4A000000000000000000000000000000000008C
:10C4B0003000200100400E843001400400000000E4
:10C4C000000000000000000000000000300020011B
:10C4D00000400E8630014004000000000000000013
:10C4E00000000000000000003000200100400E8726
:10C4F00030014004000000000000000000000000C7
:10C50000000000003000200100400E88300140048F
:10C51000000000000000000000000000000000001B
:10C520003000200100400E8930014004000000006E
:10C5300000000000000000000000000030002001AA
:10C5400000400E8A3001400400000000000000009E
:10C5500000000000000000003000200100400E8BB1
:10C560003001400400000000000000000000000056
:10C57000000000003000200100400E8C300140041B
:10C5800000000000000000000000000000000000AB
:10C590003000200100400E8D3001400400000000FA
:10C5A000000000000000000000000000300020013A
:10C5B00000400E8E3001400400000000000000002A
:10C5C00000000000000000003000200100400E8F3D
:10C5D00030014004000000000000000000000000E6
:10C5E000000000003000200100400E9030014004A7
:10C5F000000000000000000000000000000000003B
:10C600003000200100400E91300140040000000085
:10C6100000000000000000000000000030002001C9
:10C6200000400E92300140040000000000000000B5
:10C6300000000000000000003000200100400E93C8
:10C640003001400400000000000000000000000075
:10C65000000000003000200100400E943001400432
:10C6600000000000000000000000000000000000CA
:10C670003000200100400E95300140040000000011
:10C680000000000000000000000000003000200159
:10C6900000400E9630014004000000000000000041
:10C6A00000000000000000003000200100400E9754
:10C6B0003001400400000000000000000000000005
:10C6C000000000003000200100400E9830014004BE
:10C6D000000000000000000000000000000000005A
:10C6E0003000200100400E9930014004000000009D
:10C6F00000000000000000000000000030002001E9
:10C7000000400E9A300140040000000000000000CC
:10C7100000000000000000003000200100400E9BDF
:10C720003001400400000000000000000000000094
:10C73000000000003000200100400E9C3001400449
:10C7400000000000000000000000000000000000E9
:10C750003000200100400E9D300140040000000028
:10C760000000000000000000000000003000200178
:10C7700000400E9E30014004000000000000000058
:10C7800000000000000000003000200100400E9F6B
:10C790003001400400000000000000000000000024
:10C7A000000000003000200100400EA030014004D5
:10C7B0000000000000000000000000000000000079
:10C7C0003000200100400EA13001400400000000B4
:10C7D0000000000000000000000000003000200108
:10C7E00000400EA2300140040000000000000000E4
:10C7F00000000000000000003000200100400EA3F7
:10C8000030014004000000000000000000000000B3
:10C81000000000003000200100400F003001400403
:10C820000000000000000000000000000000000008
:10C830003000200100400F013001400400000000E2
:10C840000000000000000000000000003000200197
:10C8500000400F073001400400000000000000000D
:10C8600000000000000000003000200100400F0820
:10C870003001400400000000000000000000000043
:10C88000000000003000200100400F09300140048A
:10C890000000000000000000000000000000000098
:10C8A0003000200100400F0A300140040000000069
:10C8B0000000000000000000000000003000200127
:10C8C00000400F0B30014004000000000000000099
:10C8D00000000000000000003000200100400F0CAC
:10C8E00030014004000000000000000000000000D3
:10C8F000000000003000200100400F0D3001400416
:10C900000000000000000000000000000000000027
:10C910003000200100400F0E3001400400000000F4
:10C9200000000000000000000000000030002001B6
:10C9300000400F0F30014004000000000000000024
:10C9400000000000000000003000200100400F1037
:10C950003001400400000000000000000000000062
:10C96000000000003000200100400F1130014004A1
:10C9700000000000000000000000000000000000B7
:10C980003000200100400F12300140040000000080
:10C990000000000000000000000000003000200146
:10C9A00000400F13300140040000000000000000B0
:10C9B00000000000000000003000200100400F14C3
:10C9C00030014004000000000000000000000000F2
:10C9D000000000003000200100400F15300140042D
:10C9E0000000000000000000000000000000000047
:10C9F0003000200100400F1630014004000000000C
:10CA000000000000000000000000000030002001D5
:10CA100000400F173001400400000000000000003B
:10CA200000000000000000003000200100400F184E
:10CA30003001400400000000000000000000000081
:10CA4000000000003000200100400F1930014004B8
:10CA500000000000000000000000000000000000D6
:10CA60003000200100400F1A300140040000000097
:10CA70000000000000000000000000003000200165
:10CA800000400F1B300140040000000000000000C7
:10CA900000000000000000003000200100400F1CDA
:10CAA0003001400400000000000000000000000011
:10CAB000000000003000200100400F1D3001400444
:10CAC0000000000000000000000000000000000066
:10CAD0003000200100400F1E300140040000000023
:10CAE00000000000000000000000000030002001F5
:10CAF00000400F1F30014004000000000000000053
:10CB000000000000000000003000200100400F2065
:10CB100030014004000000000000000000000000A0
:10CB2000000000003000200100400F2130014004CF
:10CB300000000000000000000000000000000000F5
:10CB40003000200100400F223001400400000000AE
:10CB50000000000000000000000000003000200184
:10CB600000400F23300140040000000000000000DE
:10CB700000000000000000003000200100400F8095
:10CB80003001400400000000000000000000000030
:10CB9000000000003000200100400F8130014004FF
:10CBA0000000000000000000000000000000000085
:10CBB0003000200100400F823001400400000000DE
:10CBC0000000000000000000000000003000200114
:10CBD00000400F843001400400000000000000000D
:10CBE00000000000000000003000200100400F871E
:10CBF00030014004000000000000000000000000C0
:10CC0000000000003000200100400F883001400487
:10CC10000000000000000000000000000000000014
:10CC20003000200100400F89300140040000000066
:10CC300000000000000000000000000030002001A3
:10CC400000400F8A30014004000000000000000096
:10CC500000000000000000003000200100400F8BA9
:10CC6000300140040000000000000000000000004F
:10CC7000000000003000200100400F8C3001400413
:10CC800000000000000000000000000000000000A4
:10CC90003000200100400F8D3001400400000000F2
:10CCA0000000000000000000000000003000200133
:10CCB00000400F8E30014004000000000000000022
:10CCC00000000000000000003000200100400F8F35
:10CCD00030014004000000000000000000000000DF
:10CCE000000000003000200100400F90300140049F
:10CCF0000000000000000000000000000000000034
:10CD00003000200100400F9130014004000000007D
:10CD100000000000000000000000000030002001C2
:10CD200000400F92300140040000000000000000AD
:10CD300000000000000000003000200100400F93C0
:10CD4000300140040000000000000000000000006E
:10CD5000000000003000200100400F94300140042A
:10CD600000000000000000000000000000000000C3
:10CD70003000200100400F95300140040000000009
:10CD80000000000000000000000000003000200152
:10CD900000400F9630014004000000000000000039
:10CDA00000000000000000003000200100400F974C
:10CDB00030014004000000000000000000000000FE
:10CDC000000000003000200100400F9830014004B6
:10CDD0000000000000000000000000000000000053
:10CDE0003000200100400F99300140040000000095
:10CDF00000000000000000000000000030002001E2
:10CE000000400F9A300140040000000000000000C4
:10CE100000000000000000003000200100400F9BD7
:10CE2000300140040000000000000000000000008D
:10CE300000000000300020010040100030014004DC
:10CE400000000000000000000000000000000000E2
:10CE500030002001004010013001400400000000BB
:10CE60000000000000000000000000003000200171
:10CE700000401006300140040000000000000000E7
:10CE800000000000000000003000200100401007FA
:10CE9000300140040000000000000000000000001D
:10CEA0000000000030002001004010083001400464
:10CEB0000000000000000000000000000000000072
:10CEC0003000200100401009300140040000000043
:10CED0000000000000000000000000003000200101
:10CEE0000040100A30014004000000000000000073
:10CEF0000000000000000000300020010040100B86
:10CF000030014004000000000000000000000000AC
:10CF100000000000300020010040100C30014004EF
:10CF20000000000000000000000000000000000001
:10CF3000300020010040100D3001400400000000CE
:10CF40000000000000000000000000003000200190
:10CF50000040100E300140040000000000000000FE
:10CF60000000000000000000300020010040100F11
:10CF7000300140040000000000000000000000003C
:10CF8000000000003000200100401010300140047B
:10CF90000000000000000000000000000000000091
:10CFA000300020010040101130014004000000005A
:10CFB0000000000000000000000000003000200120
:10CFC000004010123001400400000000000000008A
:10CFD000000000000000000030002001004010139D
:10CFE00030014004000000000000000000000000CC
:10CFF0000000000030002001004010143001400407
:10D000000000000000000000000000000000000020
:10D0100030002001004010153001400400000000E5
:10D0200000000000000000000000000030002001AF
:10D030000040101630014004000000000000000015
:10D040000000000000000000300020010040101728
:10D05000300140040000000000000000000000005B
:10D060000000000030002001004010183001400492
:10D0700000000000000000000000000000000000B0
:10D080003000200100401019300140040000000071
:10D09000000000000000000000000000300020013F
:10D0A0000040101A300140040000000000000000A1
:10D0B0000000000000000000300020010040101BB4
:10D0C00030014004000000000000000000000000EB
:10D0D00000000000300020010040101C300140041E
:10D0E0000000000000000000000000000000000040
:10D0F000300020010040101D3001400400000000FD
:10D1000000000000000000000000000030002001CE
:10D110000040101E3001400400000000000000002C
:10D120000000000000000000300020010040101F3F
:10D13000300140040000000000000000000000007A
:10D1400000000000300020010040102030014004A9
:10D1500000000000000000000000000000000000CF
:10D160003000200100401021300140040000000088
:10D17000000000000000000000000000300020015E
:10D1800000401022300140040000000000000000B8
:10D1900000000000000000003000200100401023CB
:10D1A000300140040000000000000000000000000A
:10D1B00000000000300020010040108030014004D9
:10D1C000000000000000000000000000000000005F
:10D1D00030002001004010813001400400000000B8
:10D1E00000000000000000000000000030002001EE
:10D1F00000401084300140040000000000000000E6
:10D2000000000000000000003000200100401087F6
:10D210003001400400000000000000000000000099
:10D220000000000030002001004010883001400460
:10D2300000000000000000000000000000000000EE
:10D24000300020010040108930014004000000003F
:10D25000000000000000000000000000300020017D
:10D260000040108A3001400400000000000000006F
:10D270000000000000000000300020010040108B82
:10D280003001400400000000000000000000000029
:10D2900000000000300020010040108C30014004EC
:10D2A000000000000000000000000000000000007E
:10D2B000300020010040108D3001400400000000CB
:10D2C000000000000000000000000000300020010D
:10D2D0000040108E300140040000000000000000FB
:10D2E0000000000000000000300020010040108F0E
:10D2F00030014004000000000000000000000000B9
:10D300000000000030002001004010903001400477
:10D31000000000000000000000000000000000000D
:10D320003000200100401091300140040000000056
:10D33000000000000000000000000000300020019C
:10D340000040109230014004000000000000000086
:10D350000000000000000000300020010040109399
:10D360003001400400000000000000000000000048
:10D370000000000030002001004010943001400403
:10D38000000000000000000000000000000000009D
:10D3900030002001004010953001400400000000E2
:10D3A000000000000000000000000000300020012C
:10D3B0000040109630014004000000000000000012
:10D3C0000000000000000000300020010040109725
:10D3D00030014004000000000000000000000000D8
:10D3E000000000003000200100401098300140048F
:10D3F000000000000000000000000000000000002D
:10D40000300020010040109930014004000000006D
:10D4100000000000000000000000000030002001BB
:10D420000040109A3001400400000000000000009D
:10D430000000000000000000300020010040109BB0
:10D440003001400400000000000000000000000067
:10D4500000000000300020010040109C300140041A
:10D4600000000000000000000000000000000000BC
:10D47000300020010040109D3001400400000000F9
:10D48000000000000000000000000000300020014B
:10D490000040109E30014004000000000000000029
:10D4A0000000000000000000300020010040109F3C
:10D4B00030014004000000000000000000000000F7
:10D4C0000000000030002001004010A030014004A6
:10D4D000000000000000000000000000000000004C
:10D4E00030002001004010A1300140040000000085
:10D4F00000000000000000000000000030002001DB
:10D50000004010A2300140040000000000000000B4
:10D51000000000000000000030002001004010A3C7
:10D520003001400400000000000000000000000086
:10D5300000000000300020010040110030014004D4
:10D5400000000000000000000000000000000000DB
:10D5500030002001004011013001400400000000B3
:10D56000000000000000000000000000300020016A
:10D5700000401102300140040000000000000000E3
:10D5800000000000000000003000200100401104F5
:10D590003001400400000000000000000000000016
:10D5A000000000003000200100401107300140045D
:10D5B000000000000000000000000000000000006B
:10D5C000300020010040110830014004000000003C
:10D5D00000000000000000000000000030002001FA
:10D5E000004011093001400400000000000000006C
:10D5F0000000000000000000300020010040110A7F
:10D6000030014004000000000000000000000000A5
:10D6100000000000300020010040110B30014004E8
:10D6200000000000000000000000000000000000FA
:10D63000300020010040110C3001400400000000C7
:10D640000000000000000000000000003000200189
:10D650000040110E300140040000000000000000F6
:10D660000000000000000000300020010040110F09
:10D670003001400400000000000000000000000035
:10D680000000000030002001004011103001400473
:10D69000000000000000000000000000000000008A
:10D6A0003000200100401111300140040000000052
:10D6B0000000000000000000000000003000200119
:10D6C0000040111230014004000000000000000082
:10D6D0000000000000000000300020010040111395
:10D6E00030014004000000000000000000000000C5
:10D6F00000000000300020010040111430014004FF
:10D700000000000000000000000000000000000019
:10D7100030002001004011153001400400000000DD
:10D7200000000000000000000000000030002001A8
:10D73000004011163001400400000000000000000D
:10D740000000000000000000300020010040111720
:10D750003001400400000000000000000000000054
:10D76000000000003000200100401118300140048A
:10D7700000000000000000000000000000000000A9
:10D780003000200100401119300140040000000069
:10D790000000000000000000000000003000200138
:10D7A0000040111A30014004000000000000000099
:10D7B0000000000000000000300020010040111BAC
:10D7C00030014004000000000000000000000000E4
:10D7D00000000000300020010040111C3001400416
:10D7E0000000000000000000000000000000000039
:10D7F000300020010040111D3001400400000000F5
:10D8000000000000000000000000000030002001C7
:10D810000040111E30014004000000000000000024
:10D820000000000000000000300020010040111F37
:10D830003001400400000000000000000000000073
:10D8400000000000300020010040112030014004A1
:10D8500000000000000000000000000000000000C8
:10D860003000200100401121300140040000000080
:10D870000000000000000000000000003000200157
:10D8800000401122300140040000000000000000B0
:10D8900000000000000000003000200100401123C3
:10D8A0003001400400000000000000000000000003
:10D8B00000000000300020010040118030014004D1
:10D8C0000000000000000000000000000000000058
:10D8D00030002001004011813001400400000000B0
:10D8E00000000000000000000000000030002001E7
:10D8F00000401184300140040000000000000000DE
:10D9000000000000000000003000200100401187EE
:10D910003001400400000000000000000000000092
:10D920000000000030002001004011883001400458
:10D9300000000000000000000000000000000000E7
:10D94000300020010040118A300140040000000036
:10D950000000000000000000000000003000200176
:10D960000040118B30014004000000000000000066
:10D970000000000000000000300020010040118C79
:10D980003001400400000000000000000000000022
:10D9900000000000300020010040118E30014004E2
:10D9A0000000000000000000000000000000000077
:10D9B000300020010040118F3001400400000000C1
:10D9C0000000000000000000000000003000200106
:10D9D00000401190300140040000000000000000F1
:10D9E0000000000000000000300020010040119104
:10D9F00030014004000000000000000000000000B2
:10DA0000000000003000200100401192300140046D
:10DA10000000000000000000000000000000000006
:10DA2000300020010040119330014004000000004C
:10DA30000000000000000000000000003000200195
:10DA4000004011943001400400000000000000007C
:10DA5000000000000000000030002001004011958F
:10DA60003001400400000000000000000000000041
:10DA700000000000300020010040119630014004F9
:10DA80000000000000000000000000000000000096
:10DA900030002001004011973001400400000000D8
:10DAA0000000000000000000000000003000200125
:10DAB0000040119830014004000000000000000008
:10DAC000000000000000000030002001004011991B
:10DAD00030014004000000000000000000000000D1
:10DAE00000000000300020010040119A3001400485
:10DAF0000000000000000000000000000000000026
:10DB0000300020010040119B300140040000000063
:10DB100000000000000000000000000030002001B4
:10DB20000040119C30014004000000000000000093
:10DB30000000000000000000300020010040119DA6
:10DB40003001400400000000000000000000000060
:10DB500000000000300020010040119E3001400410
:10DB600000000000000000000000000000000000B5
:10DB7000300020010040119F3001400400000000EF
:10DB80000000000000000000000000003000200144
:10DB9000004011A03001400400000000000000001F
:10DBA000000000000000000030002001004011A132
:10DBB00030014004000000000000000000000000F0
:10DBC0000000000030002001004011A2300140049C
:10DBD0000000000000000000000000000000000045
:10DBE00030002001004011A330014004000000007B
:10DBF00000000000000000000000000030002001D4
:10DC00000040120930014004000000000000000044
:10DC10000000000000000000300020010040120E53
:10DC2000300140040000000000000000000000007F
:10DC300000000000300020010040120F30014004BD
:10DC400000000000000000000000000000000000D4
:10DC5000300020010040121030014004000000009C
:10DC60000000000000000000000000003000200163
:10DC700000401212300140040000000000000000CB
:10DC800000000000000000003000200100401213DE
:10DC9000300140040000000000000000000000000F
:10DCA00000000000300020010040128030014004DC
:10DCB0000000000000000000000000000000000064
:10DCC00030002001004012813001400400000000BB
:10DCD00000000000000000000000000030002001F3
:10DCE00000401282300140040000000000000000EB
:10DCF00000000000000000003000200100401283FE
:10DD0000300140040000000000000000000000009E
:10DD100000000000300020010040128B3001400460
:10DD200000000000000000000000000000000000F3
:10DD3000300020010040128E30014004000000003D
:10DD40000000000000000000000000003000200182
:10DD5000004012913001400400000000000000006B
:10DD6000000000000000000030002001004012947C
:10DD7000300140040000000000000000000000002E
:10DD800000000000300020010040129530014004E6
:10DD90000000000000000000000000000000000083
:10DDA000300020010040129A3001400400000000C1
:10DDB0000000000000000000000000003000200112
:10DDC0000040129B300140040000000000000000F1
:10DDD000000000000000000030002001004012A2FE
:10DDE00030014004000000000000000000000000BE
:10DDF0000000000030002001004012A33001400468
:10DE00000000000000000000000000000000000012
:10DE100030002001004012A4300140040000000046
:10DE200000000000000000000000000030002001A1
:10DE3000004012A530014004000000000000000076
:10DE4000000000000000000030002001004012A887
:10DE5000300140040000000000000000000000004D
:10DE60000000000030002001004012A930014004F1
:10DE700000000000000000000000000000000000A2
:10DE8000300080010000000120000000300020016F
:10DE900000400002200000003000412F0000000080
:10DEA0000000000000000000000000000000000072
:10DEB0000000000000000000000000000000000062
:10DEC0000000000000000000000000000000000052
:10DED0000000000000000000000000000000000042
:10DEE0000000000000000000000000000000000032
:10DEF0000000000000000000000000000000000022
:10DF00000000000000000000000000000000000011
:10DF10000000000000000000000000000000000001
:10DF200000000000000000000000000000000000F1
:10DF300000000000000000000000000000000000E1
:10DF400000000000000000000000000000000000D1
:10DF500000000000000000000000000000000000C1
:10DF60000000000000001E92000000000000000001
:10DF700000000000000000000000000000000000A1
:10DF80000000000000000000000000000000000091
:10DF90000000000000000000000000000000000081
:10DFA0000000000000000000000000000000000071
:10DFB0000000000000000000000000000000000061
:10DFC0000000000000000000000000000000000051
:10DFD0000000000000000000000000000000000041
:10DFE0000000000000000000000000000000000031
:10DFF0000000000000000000000000000000000021
:10E00000000400000000000000000000000000000C
:10E010000000000000000000000000000000000000
:10E0200000000000000000000000000000000000F0
:10E0300000000000000000000000000000000000E0
:10E0400000000000000000000000000000000000D0
:10E0500000000000000000000000000000000000C0
:10E0600000000000000000000000000000000000B0
:10E0700000000000000000000000000000000000A0
:10E080000000000000000000000000000000000090
:10E090000000000000000000000000000000000080
:10E0A0000000000000000000000000000000000070
:10E0B0000000000000000000000000000000000060
:10E0C0000000000000000000000000000000000050
:10E0D0000000000000000000000000000000000040
:10E0E0000000000000000000000000000000000030
:10E0F000000000000000000000000ACD0000000049
:10E10000000000000000000000000000000000000F
:10E1100000000000000000000000000000002000DF
:10E1200000000000000000000000000000000000EF
:10E1300000000000000000000000000000000000DF
:10E1400000000000000000000000000000000000CF
:10E1500000000000000000000000000000000000BF
:10E1600000000000000000000000000000000000AF
:10E17000000000000000000000000000000000009F
:10E18000000000000000000000000000000000008F
:10E19000000000000000000000000000000000007F
:10E1A000000000000000000000000000000000006F
:10E1B000000000000000000000000000000000005F
:10E1C000000000000000000000000000000000004F
:10E1D000000000000000000000000000000000003F
:10E1E000000000000000000000000000000000002F
:10E1F000000000000000000000000000000000001F
:10E20000000000000000000000000000000000000E
:10E2100000000000000000000000000000000000FE
:10E2200000000000000000000000000000000000EE
:10E2300000000000000000000000000000000000DE
:10E2400000000000000000000000000000000000CE
:10E2500000000000000000000000000000000000BE
:10E2600000000000000000000000000000000000AE
:10E27000000000000000000000000000000000009E
:10E28000000000000000000000000000000000008E
:10E29000000000000000000000000000000000007E
:10E2A000000000000000000000000000000000006E
:10E2B000000000000000000000000000000000005E
:10E2C000000000000000000000000000000000004E
:10E2D000000000000000000000000000000000003E
:10E2E000000000000000000000000000000000002E
:10E2F000000000000000000000000000000000001E
:10E30000000000000000000000000000000000000D
:10E3100000000000000000000000000000000000FD
:10E3200000000000000000000000000000000000ED
:10E3300000000000000000000000000000000000DD
:10E3400000000000000000000000000000000000CD
:10E35000000000000000000030008001000000010B
:10E3600020000000300020010040000520000000D7
:10E370003000419400000000000000000000000098
:10E38000000000000000000000000000000000008D
:10E39000000000000000000000000000000000007D
:10E3A000000000000000000000000000000000006D
:10E3B000000000000000000000000000000000005D
:10E3C000000000000000000000000000000000004D
:10E3D000000000000000000000000000000000003D
:10E3E000000000000000000000000000000000002D
:10E3F000000000000000000000000000000000001D
:10E40000000000000000000000000000000000000C
:10E4100000000000000000000000000000000000FC
:10E4200000000000000000000000000000000000EC
:10E4300000000000000000000000000000001CC9F7
:10E4400000000000000000000000000000000000CC
:10E4500000000000000000000000000000000000BC
:10E4600000000000000000000000000000000000AC
:10E47000000000000000000000000000000000009C
:10E48000000000000000000000000000000000008C
:10E49000000000000000000000000200000000007A
:10E4A000000000000000000000000000000000006C
:10E4B000000000000000000000000200000000005A
:10E4C000000002000000000000000000000000004A
:10E4D000000000000000000000000000000000003C
:10E4E000000000000000000000000000000000002C
:10E4F000000000000000000000000000000000001C
:10E50000000000000000000000000000000000000B
:10E5100000000000000000000000000000000000FB
:10E5200000000000000000000000000000000000EB
:10E5300000000000000000000000000000000000DB
:10E5400000000000000000000000000000000000CB
:10E5500000000000000000000000000000000000BB
:10E5600000000000000000000000000000000000AB
:10E57000000000000000000000000000000000009B
:10E58000000000000000000000000000000000008B
:10E59000000000000000000000000000000000007B
:10E5A000000000000000000000000000000000006B
:10E5B000000000000000000000000000000000005B
:10E5C000000000000000000000000000000000004B
:10E5D00000000682000000000000000000000000B3
:10E5E000000000000000000000000000000000002B
:10E5F000000000000000100000000000000000000B
:10E60000000000000000000000000000000000000A
:10E6100000000000000000000000000000000000FA
:10E6200000000000000040000000000000000000AA
:10E6300000000000000000000000000000000000DA
:10E6400000000000000000000000000000000000CA
:10E6500000000000000000000000000000000000BA
:10E6600000000000000000000000000000000000AA
:10E67000000000000000000000000000000000009A
:10E68000000000000000000000000000000000008A
:10E69000000000000000000000000000000000007A
:10E6A000000000000000000000000000000000006A
:10E6B000000000000000000000000000000000005A
:10E6C000000000000000000000000000000000004A
:10E6D000000000000000000000000000000000003A
:10E6E000000000000000000000000000000000002A
:10E6F000000000000000000000000000000000001A
:10E700000000000000000000000000000000000009
:10E7100000000000000000000000000000000000F9
:10E7200000000000000000000000000000000000E9
:10E7300000000000000000000000000000000000D9
:10E7400000000000000000000000000000000000C9
:10E7500000000000000000000000000000000000B9
:10E76000000000000000023B00000000000000006C
:10E770000000000000000000000000000000000099
:10E780000000000000000000000000000000000089
:10E790000000000000000000000000000000000079
:10E7A0000000000000000000000000000000000069
:10E7B00000000000000010000000800000000000C9
:10E7C0000000080000000000000000000000000041
:10E7D0000000000000000000000000000000000039
:10E7E0000000080000000000000008000000000019
:10E7F0000000000000000000000000000000000019
:10E800000008000000000000000000000000000000
:10E8100000000000000000000000000000000000F8
:10E8200000000000000000000000000000000000E8
:10E8300000000000000000000000000000000000D8
:10E8400000000000000000000000000000000000C8
:10E8500000000000000000000000000000000000B8
:10E8600000000000000000000000000000000000A8
:10E870000000000000000000000000000000000098
:10E880000000000000000000000000000000000088
:10E890000000000000000000000000000000000078
:10E8A0000000000000000000000000000000000068
:10E8B0000000000000000000000000000000000058
:10E8C0000000000000000000000000000000000048
:10E8D0000000000000000000000000000000000038
:10E8E0000000000000000000000000000000000028
:10E8F0000000000000000000000000000000000018
:10E900000000000000000000000000000000000007
:10E9100000000000000000000000000000000000F7
:10E9200000000000000000000000000000000000E7
:10E9300000000000000000000000000000000000D7
:10E9400000000000000000000000000000000000C7
:10E9500000000000000000000000000000000000B7
:10E9600000000000000000000000000000000000A7
:10E970000000000000000000000000000000000097
:10E980000000000000000000000000000000000087
:10E990000000000000000000000000000000000077
:10E9A0000000000000000000000000000000000067
:10E9B0000000000000000000000000000000000057
:10E9C0000000000030008001000000012000000075
:10E9D000300020010040000A20000000300040CA42
:10E9E0000000000000000000000000000000000027
:10E9F0000000000000000000000000000000000017
:10EA00000000000000000000000000000000000006
:10EA100000000000000000000000000000000000F6
:10EA200000000000000000000000000000000000E6
:10EA300000000000000000000000000000000000D6
:10EA400000000000000000000000000000000000C6
:10EA500000000000000000000000000000000000B6
:10EA600000000000000000000000000000000000A6
:10EA70000000000000000000000000000000000096
:10EA80000000000000000000000000000000000086
:10EA90000000000000000000000000000000000076
:10EAA000000000000000000000000A7F00000000DD
:10EAB0000000000000000000000000000000000056
:10EAC00080000000000000000000000000000000C6
:10EAD0000000000000000000000000000000000036
:10EAE0000000000000000000000000000000000026
:10EAF0000000000000000000000000000000000016
:10EB00000000000000000000000000000000000005
:10EB100000000000000000000000000000000000F5
:10EB200000000000000000000000000000000000E5
:10EB300000000000000000000000000000000000D5
:10EB400000000000000000000000000000000000C5
:10EB500000000000000000000000000000000000B5
:10EB600000000000000000000000000000000000A5
:10EB70000000000000000000000000000000000095
:10EB80000000000000000000000000000000000085
:10EB90000000000000000000000000000000000075
:10EBA0000000000000000000000000000000000065
:10EBB0000000000000000000000000000000000055
:10EBC0000000000000000000000000000000000045
:10EBD0000000000000000000000000000000000035
:10EBE0000000000000000000000000000000000025
:10EBF0000000000000000000000000000000000015
:10EC00000000000000000000000000000000000004
:10EC100000000000000000000000000000000000F4
:10EC200000000000000000000000000000000000E4
:10EC300000000000000000000000000000000000D4
:10EC400000000000000000000000000000000000C4
:10EC500000000000000000000000000000000000B4
:10EC600000000000000000000000000000000000A4
:10EC70000000000000000000000000000000000094
:10EC80000000000000000000000000000000000084
:10EC90000000000000000000000000000000000074
:10ECA0000000000000000000000000000000000064
:10ECB0000000000000000000000000000000000054
:10ECC0000000000000000000000000000000000044
:10ECD0000000000000000000000000000000000034
:10ECE0000000000000000000000000000000000024
:10ECF0000000000000000000000000000000000014
:10ED00000000000000000000300080010000000151
:10ED100020000000300020010040000F2000000013
:10ED20003000412F00000000000000000000000043
:10ED300000000000000000000000000000000000D3
:10ED400000000000000000000000000000000000C3
:10ED500000000000000000000000000000000000B3
:10ED600000000000000000000000000000000000A3
:10ED70000000000000000000000000000000000093
:10ED80000000000000000000000000000000000083
:10ED90000000000000000000000000000000000073
:10EDA0000000000000000000000000000000000063
:10EDB0000000000000000000000000000000000053
:10EDC0000000000000000000000000000000000043
:10EDD0000000000000000000000000000000000033
:10EDE00000000000000000000000000000001652BB
:10EDF0000000000000000000000000000000000013
:10EE00000000000080000000000000000000000082
:10EE100000000000000000000000000000000000F2
:10EE200000000000000000000000000000000000E2
:10EE300000000000000000000000000000002000B2
:10EE400000000000000000000000000000000000C2
:10EE500000000000000000000000000000000000B2
:10EE600000000000000000000000000000000000A2
:10EE70000000000000000000000000000000000092
:10EE80000000000000000000000000000000000082
:10EE90000000000000000000000000000000000072
:10EEA0000000000000000000000000000000000062
:10EEB0000000000000000000000000000000000052
:10EEC0000000000000000000000000000000000042
:10EED0000000000000000000000000000000000032
:10EEE0000000000000000000000000000000000022
:10EEF0000000000000000000000000000000000012
:10EF00000000000000000000000000000000000001
:10EF100000000000000000000000000000000000F1
:10EF200000000000000000000000000000000000E1
:10EF300000000000000000000000000000000000D1
:10EF400000000000000000000000000000000000C1
:10EF500000000000000000000000000000000000B1
:10EF600000000000000000000000000000000000A1
:10EF70000000000000000000000000000000000091
:10EF800000001A95000000000000000000000000D2
:10EF90000000000000000000000000000020000051
:10EFA0000000000000000000000000000000000061
:10EFB0000000000000000000000000000000000051
:10EFC0000000000000000000000000000000000041
:10EFD0000000000000000000000000000000000031
:10EFE0000000000000000000000000000000000021
:10EFF0000000000000000000000000000000000011
:10F000000000000000000000000000000000000000
:10F0100000000000000000000000000000000000F0
:10F0200000000000000000000000000000000000E0
:10F0300000000000000000000000000000000000D0
:10F0400000000000000000000000000000000000C0
:10F0500000000000000000000000000000000000B0
:10F0600000000000000000000000000000000000A0
:10F070000000000000000000000000000000000090
:10F080000000000000000000000000000000000080
:10F090000000000000000000000000000000000070
:10F0A0000000000000000000000000000000000060
:10F0B0000000000000000000000000000000000050
:10F0C0000000000000000000000000000000000040
:10F0D0000000000000000000000000000000000030
:10F0E0000000000000000000000000000000000020
:10F0F0000000000000000000000000000000000010
:10F1000000000000000000000000000000000000FF
:10F110000000000000001A55000000000000000080
:10F1200000000000000000000020000000000000BF
:10F1300000000000000000000000000000000000CF
:10F1400000000000000000000000000000000000BF
:10F1500000000000000000000000000000000000AF
:10F16000000000000000000000000000000000009F
:10F17000000000000000000000000000000000008F
:10F18000000000000000000000000000000000007F
:10F19000000000000000000000000000000000006F
:10F1A000000000000000000000000000000000005F
:10F1B000000000000000000000000000000000004F
:10F1C000000000000000000000000000000000003F
:10F1D000000000000000000000000000000000002F
:10F1E000300080010000000220000000200000002C
:10F1F000200000002000000020000000200000008F
:10F20000200000002000000020000000200000007E
:10F210002000000020000000300140080000000035
:10F2200000000000000000000000000000000000DE
:10F23000000000000000000000000000300020017D
:10F2400000400017300140040000000000000000F2
:10F2500000000000000000003000800100000001FC
:10F2600020000000300020010040001220000000BB
:10F270003000412F000000000000000000000000EE
:10F28000000000000000000000000000000000007E
:10F29000000000000000000000000000000000006E
:10F2A000000000000000000000000000000000005E
:10F2B000000000000000000000000000000000004E
:10F2C000000000000000000000000000000000003E
:10F2D000000000000000000000000000000000002E
:10F2E000000000000000000000000000000000001E
:10F2F000000000000000000000000000000000000E
:10F3000000000000000000000000000000000000FD
:10F3100000000000000000000000000000000000ED
:10F3200000000000000000000000000000000000DD
:10F3300000000000000000000000000000000300CA
:10F3400000000000000000000000000000000000BD
:10F3500000000000000000000000000000000000AD
:10F36000000000000000000000000000000000009D
:10F37000000000000000000000000000000000008D
:10F38000000000000000000000000000000000007D
:10F39000000000000000000000000000000000006D
:10F3A000001000000000000000000000000000004D
:10F3B000000000000000000000000000000000004D
:10F3C000000000000000000000000000000000003D
:10F3D000000000000000000000000000000000002D
:10F3E000000000000000000000000000000000001D
:10F3F000000000000000000000000000000000000D
:10F4000000100000000000000000000000000000EC
:10F4100000000000000000000000000000000000EC
:10F4200000000000000000000000000000000000DC
:10F4300000000000000000000000000000000000CC
:10F4400000000000000000000000000000000000BC
:10F4500000000000000000000000000000000000AC
:10F46000000000000000000000000000000000009C
:10F47000000000000000000000000000000000008C
:10F48000000000000000000000000000000000007C
:10F49000000000000000000000000000000000006C
:10F4A000000000000000000000000000000000005C
:10F4B000000000000000000000000000000000004C
:10F4C000000000000000000000000000000000003C
:10F4D00000001C14000000000000000000000000FC
:10F4E000000000000000000000000000000000001C
:10F4F000000000000000000000000000000000000C
:10F5000000000000000000000000000000000000FB
:10F5100000000000000000000000000000100000DB
:10F5200000000000000000000000000000000000DB
:10F5300000000000000000000000000000000000CB
:10F5400000000000000000000000000000000000BB
:10F5500000000000000000000000000000000000AB
:10F56000000000000000000000000000000000009B
:10F57000000000000000000000000000000000008B
:10F58000000000000000000000000000000000007B
:10F59000000000000000000000000000000000006B
:10F5A000000000000000000000000000000000005B
:10F5B000000000000000000000000000000000004B
:10F5C000000000000000000000000000000000003B
:10F5D000000000000000000000000000000000002B
:10F5E000000000000000000000000000000000001B
:10F5F000000000000000000000000000000000000B
:10F6000000000000000000000000000000000000FA
:10F6100000000000000000000000000000000000EA
:10F6200000000000000000000000000000000000DA
:10F6300000000000000000000000000000000000CA
:10F6400000000000000000000000000000000000BA
:10F6500000000000000000000000000000000000AA
:10F66000000000000000000000000000000000009A
:10F67000000000000000000000000000000000008A
:10F68000000000000000000000000000000000007A
:10F69000000000000000000000000000000000006A
:10F6A000000000000000000000000000000000005A
:10F6B000000000000000000000000000000000004A
:10F6C000000000000000000000000000000000003A
:10F6D000000000000000000000000000000000002A
:10F6E000000000000000000000000000000000001A
:10F6F000000000000000000000000000000000000A
:10F7000000000000000000000000000000000000F9
:10F7100000000000000000000000000000000000E9
:10F7200000000000000000000000000000000000D9
:10F7300030008001000000012000000030002001A6
:10F740000040001620000000300040CA0000000009
:10F7500000000000000000000000000000000000A9
:10F760000000000000000000000000000000000099
:10F770000000000000000000000000000000000089
:10F780000000000000000000000000000000000079
:10F790000000000000000000000000000000000069
:10F7A0000000000000000000000000000000000059
:10F7B0000000000000000000000000000000000049
:10F7C0000000000000000000000000000000000039
:10F7D0000000000000000000000000000000000029
:10F7E0000000000000000000000000000000000019
:10F7F0000000000000000000000000000000000009
:10F8000000000000000000000000000000000000F8
:10F810000000000000001680000000000000000052
:10F8200000000000000000000000000000000000D8
:10F8300000200000000000000000000000000000A8
:10F8400000000000000000000000000000000000B8
:10F8500000000000000000000000000000000000A8
:10F860000020000000000000000000000000000078
:10F870000000000000000000000000000000000088
:10F880000000000000000000000000000000000078
:10F890000000000000000000000000000000000068
:10F8A0000000000000000000000000000000000058
:10F8B0000000000000000000000000000000000048
:10F8C0000000000000000000000000000000000038
:10F8D0000000000000000000000000000000000028
:10F8E0000000000000000000000000000000000018
:10F8F0000000000000000000000000000000000008
:10F9000000000000000000000000000000000000F7
:10F9100000000000000000000000000000000000E7
:10F9200000000000000000000000000000000000D7
:10F9300000000000000000000000000000000000C7
:10F9400000000000000000000000000000000000B7
:10F9500000000000000000000000000000000000A7
:10F960000000000000000000000000000000000097
:10F970000000000000000000000000000000000087
:10F980000000000000000000000000000000000077
:10F990000000000000000000000000000000000067
:10F9A0000000000000000000000000000000000057
:10F9B0000000000000000000000000000000000047
:10F9C0000000000000000000000000000000000037
:10F9D0000000000000000000000000000000000027
:10F9E0000000000000000000000000000000000017
:10F9F0000000000000000000000000000000000007
:10FA000000000000000000000000000000000000F6
:10FA100000000000000000000000000000000000E6
:10FA200000000000000000000000000000000000D6
:10FA300000000000000000000000000000000000C6
:10FA400000000000000000000000000000000000B6
:10FA500000000000000000000000000000000000A6
:10FA60000000000000000000000000000000000096
:10FA700000000000300080010000000120000000B4
:10FA80003000200100400018200000003000412F0D
:10FA90000000000000000000000000000000000066
:10FAA0000000000000000000000000000000000056
:10FAB0000000000000000000000000000000000046
:10FAC0000000000000000000000000000000000036
:10FAD0000000000000000000000000000000000026
:10FAE0000000000000000000000000000000000016
:10FAF0000000000000000000000000000000000006
:10FB000000000000000000000000000000000000F5
:10FB100000000000000000000000000000000000E5
:10FB200000000000000000000000000000000000D5
:10FB300000000000000000000000000000000000C5
:10FB400000000000000000000000000000000000B5
:10FB500000000000000000000000000000000000A5
:10FB60000000000000000000000000000020000075
:10FB70000000000000200000000000000000000065
:10FB80000000000000000000000000000000000075
:10FB90000000000000000000000000000000000065
:10FBA0000000000000200000000000000000000035
:10FBB0000000000000000000000000000020000025
:10FBC0000000000000000000000000000000000035
:10FBD0000000000000000000000000000000000025
:10FBE0000000000000000000000000000000000015
:10FBF0000000000000000000000000000000000005
:10FC000000000000000000000000000000000000F4
:10FC100000000000000000000000000000000000E4
:10FC200000000000000000000000000000000000D4
:10FC300000000000000000000000000000000000C4
:10FC400000000000000000000000000000000000B4
:10FC500000000000000000000000000000000000A4
:10FC60000000000000000000000000000000000094
:10FC70000000000000000000000000000000000084
:10FC80000000000000000000000000000000000074
:10FC90000000000000000000000000000000000064
:10FCA0000000000000000000000000000000000054
:10FCB0000000000000000000000000000000000044
:10FCC0000000000000000000000000000000000034
:10FCD0000000000000000000000000000000000024
:10FCE0000000000000000000000000000000030011
:10FCF0000000000000000000000000000000000004
:10FD000000200000000000000020000000000000B3
:10FD100000000000000000000000000000000000E3
:10FD200000000000000000000000000000000000D3
:10FD300000000000000000000020000000000000A3
:10FD400000000000000000000000000000000000B3
:10FD500000000000000000000000000000000000A3
:10FD60000000000000000000000000000000000093
:10FD70000000000000000000000000000000000083
:10FD80000000000000000000000000000000000073
:10FD90000000000000000000000000000000000063
:10FDA0000000000000000000000000000000000053
:10FDB0000020000000000000000000000000000023
:10FDC0000000000000000000000000000000000033
:10FDD0000000000000000000000000000000000023
:10FDE0000000000000000000000000000000000013
:10FDF0000000000000000000000000000000000003
:10FE000000000000000000000000000000000000F2
:10FE100000000000000000000000000000000000E2
:10FE200000000000000000000000000000000000D2
:10FE300000000000000000000000000000000000C2
:10FE400000000000000000000000000000000000B2
:10FE500000000000000000000000000000000000A2
:10FE60000000000000000000000000000000000092
:10FE70000000000000000000000000000000000082
:10FE80000000000000000000000000000000000072
:10FE90000000000000000000000000000000000062
:10FEA0000000000000000000000000000000000052
:10FEB0000000000000000000000000000000000042
:10FEC0000000000000000000000000000000000032
:10FED0000000000000000000000000000000000022
:10FEE0000000000000000000000000000000000012
:10FEF0000000000000000000000000000000000002
:10FF000000000000000000000000000000000000F1
:10FF100000000000000000000000000000000000E1
:10FF200000000000000000000000000000000000D1
:10FF300000000000000000000000000000000000C1
:10FF40000000000000000000000000003000800100
:10FF50000000000120000000300020010040001CD3
:10FF600020000000300042C300000000000000003C
:10FF70000000000000000000000000000000000081
:10FF80000000000000000000000000000000000071
:10FF90000000000000000000000000000000000061
:10FFA0000000000000000000000000000000000051
:10FFB0000000000000000000000000000000000041
:10FFC0000000000000000000000000000000000031
:10FFD0000000000000000000000000000000000021
:10FFE0000000000000000000000000000000000011
:10FFF0000000000000000000000000000000000001
:020000040001F9
:1000000000000000000000000000000000000000F0
:1000100000000000000000000000000000000000E0
:1000200000000000000000000000000000000000D0
:10003000000001800000000000000000000000003F
:1000400000000000000000000000000000000000B0
:1000500000000000000000000000000000000000A0
:100060000000000000000000000000000000000090
:100070000000000000000000000000000000000080
:10008000000000000004000000000000000000006C
:100090000000000000000000000000000000000060
:1000A0000000000000000000000000000000000050
:1000B000000000000004000000000000000000003C
:1000C0000000000000000000000000000000000030
:1000D0000000000000000000000000000000000020
:1000E0000000000000000000000000000000000010
:1000F0000000000000000000000000000000000000
:1001000000000000000000000000000000000000EF
:1001100000000000000000000000000000000000DF
:1001200000000000000000000000000000000000CF
:1001300000000000000000000000000000000000BF
:1001400000000000000000000000000000000000AF
:10015000000000000000000000000000000000009F
:10016000000000000000000000000000000000008F
:10017000000000000000000000000000000000007F
:10018000000000000000000000000000000000006F
:10019000000000000000000000000000000000005F
:1001A000000000000000000000000000000000004F
:1001B000000000000000000000000000000000003F
:1001C000000020000000088D00000000000000007A
:1001D000000000000000000000000000000000001F
:1001E000000000000000000000000000000000000F
:1001F00000000000000000000000000000000000FF
:1002000000000000000000000000000000000000EE
:1002100000000000000000000000000000000000DE
:1002200000000000000020000000000000000000AE
:1002300000000000000000000000000000000000BE
:10024000000000000000200000000000000000008E
:10025000000000000000000000000000000000009E
:10026000000000000000000000000000000000008E
:10027000000000000000000000000000000000007E
:10028000000000000000000000000000000000006E
:10029000000000000000000000000000000000005E
:1002A000000000000000000000000000000000004E
:1002B000000000000000000000000000000000003E
:1002C000000000000000000000000000000000002E
:1002D000000000000000000000000000000000001E
:1002E000000000000000000000000000000000000E
:1002F00000000000000000000000000000000000FE
:1003000000000000000000000000000000000000ED
:1003100000000000000000000000000000000000DD
:1003200000000000000000000000000000000000CD
:1003300000000000000000000000000000000000BD
:1003400000000000000000000000000000000000AD
:10035000000000000000000000001969000000001B
:10036000000000000000000000000000000000008D
:10037000000002000000000000000000000000007B
:10038000000000000000000000000000000000006D
:10039000000000000000000000000000000000005D
:1003A000000000000000000000000000000000004D
:1003B000000000000000000000000000000000003D
:1003C000000002000000000000000000000000002B
:1003D000000000000000000000000000000000001D
:1003E000000000000000000000000000000000000D
:1003F00000000000000000000000000000000000FD
:1004000000000000000000000000000000000000EC
:1004100000000000000000000000000000000000DC
:1004200000000200000000000000000000000000CA
:1004300000000000000000000000000000000000BC
:1004400000000000000000000000000000000000AC
:10045000000000000000000000000000000000009C
:10046000000000000000000000000000000000008C
:10047000000000000000000000000000000000007C
:10048000000000000000000000000000000000006C
:10049000000000000000000000000000000000005C
:1004A000000000000000000000000000000000004C
:1004B000000000000000000000000000000000003C
:1004C000000000000000000000000000000000002C
:1004D000000000000000000000000000000000001C
:1004E0000000000000000000000000000000168076
:1004F00000000000000000000000000000000000FC
:1005000000000000000000000040000000000000AB
:1005100000000000000000000000000000000000DB
:1005200000000000000000000000000000000000CB
:10053000000000000000000000400000000000007B
:1005400000000000000000000000000000000000AB
:10055000000000000000000000000000000000009B
:10056000000000000000000000000000000000008B
:10057000000000000000000000000000000000007B
:10058000000000000000000000000000000000006B
:10059000000000000000000000000000000000005B
:1005A000000000000000000000000000000000004B
:1005B000000000000000000000000000000000003B
:1005C000000000000000000000000000000000002B
:1005D000000000000000000000000000000000001B
:1005E000000000000000000000000000000000000B
:1005F00000000000000000000000000000000000FB
:1006000000000000000000000000000000000000EA
:1006100000000000000000000000000000000000DA
:1006200000000000000000000000000000000000CA
:1006300000000000000000000000000000000000BA
:1006400000000000000000000000000000000000AA
:10065000000000000000000000000000000000009A
:10066000000000000000000000000000000000008A
:10067000000000000000000000000000000000007A
:1006800000000FD00000000000000000000000008B
:100690000000000000010000000000000000000455
:1006A000000000000000000000000000000000004A
:1006B000000000000000000000000000000000003A
:1006C0000000000000000000000000000000000426
:1006D000000000000000000000000000000000001A
:1006E0000000000000010000000000000000000009
:1006F00000000000000000000000000000000000FA
:1007000000000000000000000000000000000000E9
:1007100000000000000000000000000000000000D9
:1007200000000000000000000000000000000000C9
:1007300000000000000000000000000000000000B9
:1007400000000000000100000000000000000000A8
:100750000000000000000000000000000000000099
:100760000000000000000000000000000000000089
:100770000000000000000000000000000000000079
:100780000000000000000000000000000000000069
:100790000000000000000000000000000000000059
:1007A0000000000000000000000000000000000049
:1007B0000000000000000000000000000000000039
:1007C0000000000000000000000000000000000029
:1007D0000000000000000000000000000000000019
:1007E0000000000000000000000000000000000009
:1007F00000000000000000000000000000000000F9
:1008000000000000000000000000000000000000E8
:100810000000000000000FFD0000000000000000CC
:1008200000000000000000000000000020000000A8
:100830000000000000008000000000000000000038
:1008400000000000000000000000000000000000A8
:100850000000000000000000000000000000000098
:100860000000000000008000000000000000000008
:100870000000000000000000000000002000000058
:100880000000000000000000000000000000000068
:100890000000000000000000000000000000000058
:1008A0000000000000000000000000000000000048
:1008B0000000000000000000000000000000000038
:1008C0000000000000000000000000000000000028
:1008D00000000000000000000000000020000000F8
:1008E0000000000000000000000000000000000008
:1008F00000000000000000000000000000000000F8
:1009000000000000000000000000000000000000E7
:1009100000000000000000000000000000000000D7
:1009200000000000000000000000000000000000C7
:1009300000000000000000000000000000000000B7
:1009400000000000000000000000000000000000A7
:100950000000000000000000000000000000000097
:100960000000000000000000000000000000000087
:100970000000000000000000000000000000000077
:100980000000000000000000000000000000000067
:100990000000000000000000000000000000000057
:1009A0000000000000000000000000000000000047
:1009B0000000000000000000000000000000000037
:1009C0000000000000000000000000000000000027
:1009D0000000000000000000000000000000000017
:1009E0000000000000000000000000000000000007
:1009F00000000000000000000000000000000000F7
:100A000000000000000000000000000000000000E6
:100A100000000000000000000000000000000000D6
:100A200000000000000000000000000000000000C6
:100A300000000000000000000000000000000000B6
:100A400000000000000000000000000000000000A6
:100A50000000000000000000000000000000000096
:100A60000000000000000000000000000000000086
:100A700000000000300080010000000120000000A4
:100A80003000200100400026200000003000412FEF
:100A90000000000000000000000000000000000056
:100AA0000000000000000000000000000000000046
:100AB0000000000000000000000000000000000036
:100AC0000000000000000000000000000000000026
:100AD0000000000000000000000000000000000016
:100AE0000000000000000000000000000000000006
:100AF00000000000000000000000000000000000F6
:100B000000000000000000000000000000000000E5
:100B100000000000000000000000000000000000D5
:100B200000000000000000000000000000000000C5
:100B300000000000000000000000000000000000B5
:100B400000000000000000000000000000000000A5
:100B50004040000000400000000018FE00000000BF
:100B6000000000000000000000000000004400053C
:100B70004000000040000001400044000000000070
:100B80000000000000000000000000000000000065
:100B90000000000000000000000000000000000055
:100BA000000000004000000140004400000041043B
:100BB0000000050040400000004000000044000527
:100BC00040000000000000000000000000004104A0
:100BD0000000000040400000004000000000410410
:100BE00000000504000000000000000000000000FC
:100BF0000000000040400000004000000000000035
:100C000000000000000000000000000000000000E4
:100C1000000000000000000000000000004400058B
:100C20004000000000000000000000000000000084
:100C300000000000000000000000000000000000B4
:100C400000000000000000000000000000000000A4
:100C50000000000000000000000000000000000094
:100C60000000000000000000000000000000000084
:100C70000000000000000000000000000000000074
:100C80000000000000000000000000000000000064
:100C90000000000000000000000000000000000054
:100CA0000000000000000000000000000000000044
:100CB0000000000000000000000000000000000034
:100CC0000000000000000000000000000000000024
:100CD0000000000000000000000000000000000014
:100CE0000000000000A0000020820000000016CEDE
:100CF00000000000000000000000000000000000F4
:100D0000002200028000000200000002A000220079
:100D100000000000000000000000000000000000D3
:100D200000000000000000000000000000000000C3
:100D3000000000000000000000000002A0002200EF
:100D4000000002000000020200A00000208200005B
:100D500000220002800000020000000000000000ED
:100D6000000002000000000200A00000208200003D
:100D7000000002000000020200000000000000006D
:100D8000000000000000000020A000002082000001
:100D90000000000000000000000000000000000053
:100DA0000000000000000000000000000000000043
:100DB000002200028000000200000000000000008D
:100DC0000000000000000000000000000000000023
:100DD0000000000000000000000000000000000013
:100DE0000000000000000000000000000000000003
:100DF00000000000000000000000000000000000F3
:100E000000000000000000000000000000000000E2
:100E100000000000000000000000000000000000D2
:100E200000000000000000000000000000000000C2
:100E300000000000000000000000000000000000B2
:100E400000000000000000000000000000000000A2
:100E50000000000000000000000000000000000092
:100E60000000000000000000000000000000000082
:100E70000000000000000000000000000000000072
:100E80000000000000000000000000000000000062
:100E90000000000000000000000000000000000052
:100EA0000000000000000000000000000000000042
:100EB0000000000000000000000000000000000032
:100EC0000000000000000000000000000000000022
:100ED0000000000000000000000000000000000012
:100EE0000000000000000000000000000000000002
:100EF00000000000000000000000000000000000F2
:100F000000000000000000000000000000000000E1
:100F100000000000000000000000000000000000D1
:100F200000000000000000000000000000000000C1
:100F300000000000000000000000000000000000B1
:100F400000000000000000000000000030008001F0
:100F50000000000120000000300020010040008857
:100F6000200000003000412F0000000000000000C1
:100F70000000000000000000000000000000000071
:100F80000000000000000000000000000000000061
:100F90000000000000000000000000000000000051
:100FA0000000000000000000000000000000000041
:100FB0000000000000000000000000000000000031
:100FC0000000000000000000000000000000000021
:100FD0000000000000000000000000000000000011
:100FE0000000000000000000000000000000000001
:100FF00000000000000000000000000000000000F1
:1010000000000000000000000000000000000000E0
:1010100000000000000000000000000000000000D0
:1010200000000000000000000000000000000000C0
:10103000000003660000080000000000000000003F
:1010400000000000000000000000000000000000A0
:101050000000200000000000000000000000000070
:101060000000000000000000000000000000000080
:101070000000000000000000000000000000000070
:101080000000000000000000000000000000000060
:101090000000000000000000000000000000000050
:1010A0000000000000000000000000000000000040
:1010B0000000000000000000000000000000000030
:1010C0000000000000000000000000000000000020
:1010D0000000000000000000000000000000000010
:1010E0000000000000000000000000000000000000
:1010F00000000000000000000000000000000000F0
:1011000000000000000000000000000000000000DF
:1011100000000000000000000000000000000000CF
:1011200000000000000000000000000000000000BF
:1011300000000000000000000000000000000000AF
:10114000000000000000000000000000000000009F
:10115000000000000000000000000000000000008F
:10116000000000000000000000000000000000007F
:10117000000000000000000000000000000000006F
:10118000000000000000000000000000000000005F
:10119000000000000000000000000000000000004F
:1011A000000000000000000000000000000000003F
:1011B000000000000000000000000000000000002F
:1011C0000000000000000F9100000000000000007F
:1011D000000000000000000000000000000000000F
:1011E00000000000000000000000000000000000FF
:1011F00000000000000000000000000000000000EF
:1012000000000000000000000000000000000000DE
:1012100000000000000000000000000000000000CE
:1012200000000000000000000000000000000000BE
:1012300000000000000000000000000000000000AE
:10124000000000000000000000000000000000009E
:10125000000000000000000000000000000000008E
:10126000000000000000000000000000000000007E
:10127000000000000000000000000000000000006E
:10128000000200000000000000000000000000005C
:10129000000000000000000000000000000000004E
:1012A000000000000000000000000000000000003E
:1012B000000000000000000000000000000000002E
:1012C000000000000000000000000000000000001E
:1012D000000000000000000000000000000000000E
:1012E00000000000000000000000000000000000FE
:1012F00000000000000000000000000000000000EE
:1013000000000000000000000000000000000000DD
:1013100000000000000000000000000000000000CD
:1013200000000000000000000000000000000000BD
:1013300000000000000000000000000000000000AD
:10134000000000000000000000000000000000009D
:10135000000000000000000000000000000000008D
:10136000000000000000000000000000000000007D
:10137000000000000000000000000000000000006D
:10138000000000000000000000000000000000005D
:10139000000000000000000000000000000000004D
:1013A000000000000000000000000000000000003D
:1013B000000000000000000000000000000000002D
:1013C000000000000000000000000000000000001D
:1013D000000000000000000000000000000000000D
:1013E00000000000000000000000000000000000FD
:1013F00000000000000000000000000000000000ED
:1014000000000000000000000000000000000000DC
:1014100000000000000000000000000000000000CC
:1014200000000000300080010000000120000000EA
:10143000300020010040008B20000000300040659B
:10144000000000000000000000000000000000009C
:10145000000000000000000000000000000000008C
:10146000000000000000000000000000000000007C
:10147000000000000000000000000000000000006C
:10148000000000000000000000000000000000005C
:10149000000000000000000000000000000000004C
:1014A000000000000000000000000000000000003C
:1014B000000000000000000000000000000000002C
:1014C000000000000000000000000000000000001C
:1014D000000000000000000000000000000000000C
:1014E00000000000000008000000000000000000F4
:1014F00000000000000000000000000000000000EC
:1015000000000000000000000000088B0000000048
:1015100000000000000000000000000000000000CB
:1015200000000000000000000000000000000000BB
:1015300000000000000000000000000000000000AB
:10154000000000000000000000000000000000009B
:10155000000000000000000000000000000000008B
:10156000000000000000000000000000000000007B
:10157000000000000000000000000000000000006B
:10158000000000000000000000000000000000005B
:10159000000000000000000000000000000000004B
:1015A000000000000000000000000000000000003B
:1015B000000000000000000000000000000000002B
:1015C000000000000000000000000000000000001B
:1015D0000000000030008001000000022000000038
:1015E000200000002000000020000000200000007B
:1015F000200000002000000020000000200000006B
:101600002000000020000000200000003001400801
:1016100000000000000000000000000000000000CA
:1016200000000000000000000000000000000000BA
:10163000300020010040008F300140040000000015
:1016400000000000000000000000000030008001E9
:101650000000000120000000300020010040008C4C
:10166000200000003000412F0000000000000000BA
:10167000000000000000000000000000000000006A
:10168000000000000000000000000000000000005A
:10169000000000000000000000000000000000004A
:1016A000000000000000000000000000000000003A
:1016B000000000000000000000000000000000002A
:1016C000000000000000000000000000000000001A
:1016D000000000000000000000000000000000000A
:1016E00000000000000000000000000000000000FA
:1016F00000000000000000000000000000000000EA
:1017000000000000000000000000000000000000D9
:1017100000000000000000000000000000000000C9
:1017200000000000000000000000000000000000B9
:10173000000009CB000008000000000000000000CD
:101740000000000000000000000000000000000099
:101750000000000000000000000000000000000089
:101760000000000000000000000000000000000079
:101770000000000000000000000000000000000069
:101780000000000000000000000000000000000059
:101790000000000000000000000000000000000049
:1017A0000000000000000000000000000000000039
:1017B0000000000000000000000000000000000029
:1017C0000000000000000000000000000000000019
:1017D0000000000000000000000000000000000009
:1017E00000000000000000000000000000000000F9
:1017F00000000000000000000000000000000000E9
:1018000000000000000000000000000000000000D8
:1018100000000000000000000000000000000000C8
:1018200000000000000000000000000000000000B8
:1018300000000000000000000000000000000000A8
:101840000000000000000000000000000000000098
:101850000000000000000000000000000000000088
:101860000000000000000000000000000000000078
:101870000000000000000000000000000000000068
:101880000000000000000000000000000000000058
:101890000000000000000000000000000000000048
:1018A0000000000000000000000000000000000038
:1018B0000000000000000000000000000000000028
:1018C000000000000000153D0000000000000000C6
:1018D0000000000000000000000000000000000008
:1018E00000000000000020000000000000000000D8
:1018F00000000000000000000000000000000000E8
:1019000000000000000000000000000000000000D7
:1019100000000000000000000000000000000000C7
:1019200000000000000000000000000000000000B7
:1019300000000000000000000000000000000000A7
:101940000000000000000000000000000000000097
:101950000000000000000000000000000000000087
:101960000000000000000000000000000000000077
:101970000000000000000000000000000000000067
:101980000001000000000000000000000000000056
:101990000000000000000000000000000000000047
:1019A0000000000000000000000000000000000037
:1019B0000000000000000000000000000000000027
:1019C0000000000000000000000000000000000017
:1019D0000000000000000000000000000000000007
:1019E00000000000000000000000000000000000F7
:1019F00000000000000000000000000000000000E7
:101A000000000000000000000000000000000000D6
:101A100000000000000000000000000000000000C6
:101A200000000000000000000000000000000000B6
:101A300000000000000000000000000000000000A6
:101A40000000000000000000000000000000000096
:101A50000000000000000000000000000000000086
:101A60000000000000000000000000000000000076
:101A70000000000000000000000000000000000066
:101A80000000000000000000000000000000000056
:101A90000000000000000000000000000000000046
:101AA0000000000000000000000000000000000036
:101AB0000000000000000000000000000000000026
:101AC0000000000000000000000000000000000016
:101AD0000000000000000000000000000000000006
:101AE00000000000000000000000000000000000F6
:101AF00000000000000000000000000000000000E6
:101B000000000000000000000000000000000000D5
:101B100000000000000000000000000000000000C5
:101B200000000000300080010000000120000000E3
:101B3000300020010040009A200000003000412FBA
:101B40000000000000000000000000000000000095
:101B50000000000000000000000000000000000085
:101B60000000000000000000000000000000000075
:101B70000000000000000000000000000000000065
:101B80000000000000000000000000000000000055
:101B90000000000000000000000000000000000045
:101BA0000000000000000000000000000000000035
:101BB0000000000000000000000000000000000025
:101BC0000000000000000000000000000000000015
:101BD0000000000000000000000000000000000005
:101BE00000000000000000000000000000000000F5
:101BF00000000000000000000000000000000000E5
:101C000000000000430000000020102A0000000037
:101C100000000000000000000000000000000000C4
:101C200000000000000000000000000000000000B4
:101C300000000000000000000000000000000000A4
:101C40000000000000000000000000000000000094
:101C50000000000000000000000000000000000084
:101C60000000000000000000000000000000000074
:101C70000000000000000000000000000000000064
:101C80000000000000000000000000000000000054
:101C90000000000000000000000000000000000044
:101CA0000000000000000000000000000000000034
:101CB0000000000000000000000000000000000024
:101CC0000000000000000000000000000000000014
:101CD0000000000000000000000000000000000004
:101CE00000000000000000000000000000000000F4
:101CF00000000000000000000000000000000000E4
:101D000000000000000000000000000000000000D3
:101D100000000000000000000000000000000000C3
:101D200000000000000000000000000000000000B3
:101D300000000000000000000000000000000000A3
:101D40000000000000000000000000000000000093
:101D50000000000000000000000000000000000083
:101D60000000000000000000000000000000000073
:101D70000000000000000000000000000000000063
:101D80000000000000000000000000000000000053
:101D9000000000000000000000000000002009B565
:101DA0000000000000000000000000000000000033
:101DB0000000000000000000000000000000000023
:101DC0000000000000000000000000000000000013
:101DD0000000000000000000000000000000000003
:101DE00000000000000000000000000000000000F3
:101DF00000000000000000000000000000000000E3
:101E000000000000000000000000000000000000D2
:101E100000000000000000000000000000000000C2
:101E200000000000000000000000000000000000B2
:101E300000000000000000000000000000000000A2
:101E40000000000000000000000000000000000092
:101E50000000000000000000000000000000000082
:101E60000000000000000000000000000000000072
:101E70000000000000000000000000000000000062
:101E80000000000000000000000000000000000052
:101E90000000000000000000000000000000000042
:101EA0000000000000000000000000000000000032
:101EB0000000000000000000000000000000000022
:101EC0000000000000000000000000000000000012
:101ED0000000000000000000000000000000000002
:101EE00000000000000000000000000000000000F2
:101EF00000000000000000000000000000000000E2
:101F000000000000000000000000000000000000D1
:101F100000000000000000000000000000000000C1
:101F200000000000000000000000000000000000B1
:101F300000000000000000000000000000000000A1
:101F40000000000000000000000000000000000091
:101F50000000000000000000000000000000000081
:101F60000000000000000000000000000000000071
:101F70000000000000000000000000000000000061
:101F80000000000000000000000000000000000051
:101F90000000000000000000000000000000000041
:101FA0000000000000000000000000000000000031
:101FB0000000000000000000000000000000000021
:101FC0000000000000000000000000000000000011
:101FD0000000000000000000000000000000000001
:101FE00000000000000000000000000000000000F1
:101FF0000000000000000000000000003000800130
:102000000000000120000000300020010040009D81
:1020100020000000300041F9000000000000000036
:1020200000000000000000000000000000000000B0
:1020300000000000000000000000000000000000A0
:102040000000000000000000000000000000000090
:102050000000000000000000000000000000000080
:102060000000000000000000000000000000000070
:102070000000000000000000000000000000000060
:102080000000000000000000000000000000000050
:102090000000000000000000000000000000000040
:1020A0000000000000000000000000000000000030
:1020B0000000000000000000000000000000000020
:1020C0000000000000000000000000000000000010
:1020D0000000000000000000000000000000000000
:1020E000000009DA04000000000000000000000009
:1020F00000000000000000000000000000000000E0
:1021000000000000000000000000000000000000CF
:1021100000000000000000000000000000000000BF
:1021200000000000000000000000000000000000AF
:10213000000000000000000000000000000000009F
:10214000000000000000000000000000000000008F
:10215000000000000000000000000000000000007F
:10216000000000000000000000000000000000006F
:10217000000000000000000000000000000000005F
:10218000000000000000000000000000000000004F
:10219000000000000000000000000000000000003F
:1021A000000000000000000000000000000000002F
:1021B000000000000000000000000000000000001F
:1021C000000000000000000000000000000000000F
:1021D00000000000000000000000000000000000FF
:1021E00000000000000000000000000000000000EF
:1021F00000000000000000000000000000000000DF
:1022000000000000000000000000000000000000CE
:1022100000000000000000000000000000000000BE
:1022200000000000000000000000000000000000AE
:10223000000000000000000000000000000000009E
:10224000000000000000000000000000000000008E
:10225000000000000000000000000000000000007E
:10226000000000000000000000000000000000006E
:1022700000000000000049AE000000000000000067
:10228000000000000000000000000000000000004E
:10229000000000000000000000000000000000003E
:1022A000000000000000000000000000000000002E
:1022B000000000000000000000000000000000001E
:1022C000000000000000000000000000000000000E
:1022D00000000000000000000000000000000000FE
:1022E00000000000000000000000000000000000EE
:1022F00000000000000000000000000000000000DE
:1023000000000000000000000000000000000000CD
:1023100000000000000000000000000000000000BD
:1023200000000000000000000000000000000000AD
:10233000000000000000000000000000000000009D
:10234000000000000000000000000000000000008D
:10235000000000000000000000000000000000007D
:10236000000000000000000000000000000000006D
:10237000000000000000000000000000000000005D
:10238000000000000000000000000000000000004D
:10239000000000000000000000000000000000003D
:1023A000000000000000000000000000000000002D
:1023B000000000000000000000000000000000001D
:1023C000000000000000000000000000000000000D
:1023D00000000000000000000000000000000000FD
:1023E00000000000000000000000000000000000ED
:1023F00000000000000000000000000000000000DD
:102400000000000000000000000809B30000000008
:1024100000000000000000000000000000000000BC
:1024200000000000000000000000000000000000AC
:10243000000000000000000000000000000000009C
:10244000000000000000000000000000000000008C
:10245000000000000000000000000000000000007C
:10246000000000000000000000000000000000006C
:10247000000000000000000000000000000000005C
:10248000000000000000000000000000000000004C
:10249000000000000000000000000000000000003C
:1024A000000000000000000000000000000000002C
:1024B000000000000000000000000000000000001C
:1024C000000000000000000000000000000000000C
:1024D00000000000000000000000000000000000FC
:1024E00000000000000000000000000000000000EC
:1024F00000000000000000000000000000000000DC
:1025000000000000000000000000000000000000CB
:1025100000000000000000000000000000000000BB
:1025200000000000000000000000000000000000AB
:10253000000000000000000000000000000000009B
:10254000000000000000000000000000000000008B
:10255000000000000000000000000000000000007B
:10256000000000000000000000000000000000006B
:10257000000000000000000000000000000000005B
:10258000000000000000000000000000000000004B
:10259000000000000000000000000000001018EC27
:1025A000000000000000000000000000000000002B
:1025B000000000000000000000000000000000001B
:1025C000000000000000000000000000000000000B
:1025D00000000000000000000000000000000000FB
:1025E00000000000000000000000000000000000EB
:1025F00000000000000000000000000000000000DB
:1026000000000400000000000000000000000000C6
:1026100000000000000000000004000000000000B6
:1026200000000000000000000000000000000000AA
:10263000000000000000000000000000000000009A
:10264000000000000000000000000000000000008A
:10265000000000000000000000000000000000007A
:10266000000000000000000000000000000000006A
:10267000000000000000000000000000000000005A
:10268000000000000000000000000000000000004A
:10269000000000000000000000000000000000003A
:1026A000000000000000000000000000000000002A
:1026B000000000000000000000000000000000001A
:1026C000000000000000000000000000000000000A
:1026D00000000000000000000000000000000000FA
:1026E00000000000000000000000000000000000EA
:1026F00000000000000000000000000000000000DA
:1027000000000000000000000000000000000000C9
:1027100000000000000000000000000000000000B9
:1027200000000000000000000000000000000000A9
:102730000000000000000000000000000000000099
:102740000000000000000000000000000000000089
:102750000000000000000000000000000000000079
:102760000000000000000000000000000000000069
:102770000000000000000000000000000000000059
:102780000000000000000000000000000000000049
:102790000000000000000000000000000000000039
:1027A0000000000000000000000000000000000029
:1027B0000000000000000000000000000000000019
:1027C0000000000000000000000000000000000009
:1027D00000000000000000000000000000000000F9
:1027E00000000000000000000000000000000000E9
:1027F0000000000000000000000000003000800128
:102800000000000120000000300020010040010411
:10281000200000003000412F0000000000000000F8
:1028200000000000000000000000000000000000A8
:102830000000000000000000000000000000000098
:102840000000000000000000000000000000000088
:102850000000000000000000000000000000000078
:102860000000000000000000000000000000000068
:102870000000000000000000000000000000000058
:102880000000000000000000000000000000000048
:102890000000000000000000000000000000000038
:1028A0000000000000000000000000000000000028
:1028B0000000000000000000000000000000000018
:1028C0000000000000000000000000000000000008
:1028D00000000000000000000000000000000000F8
:1028E0000240170F00000000000000000000000080
:1028F00000000000000000000000000000000000D8
:1029000000000000000000000000000000000000C7
:1029100000000000000000000000000000001000A7
:1029200000000000000000000000000000000000A7
:102930000000000000000000000000000000100087
:102940000000000000000000000000000000000087
:102950000000000000000000000000000000000077
:102960000000000000000000000000000000000067
:102970000000000000000000000000000000000057
:102980000000000000000000000000000000000047
:102990000000000000000000000000000000000037
:1029A0000000000000000000000000000000000027
:1029B0000000000000000000000000000000000017
:1029C0000000000000000000000000000000000007
:1029D00000000000000000000000000000000000F7
:1029E00000000000000000000000000000000000E7
:1029F00000000000000000000000000000000000D7
:102A000000000000000000000000000000000000C6
:102A100000000000000000000000000000000000B6
:102A200000000000000000000000000000000000A6
:102A30000000000000000000000000000000000096
:102A40000000000000000000000000000000000086
:102A50000000000000000000000000000000000076
:102A60000000000000000000000000000000000066
:102A700000000000008012BD000000000000000007
:102A80000000000000000000000000000000000046
:102A90000000000000000000000000000000000036
:102AA0000000040000000000000000000000000022
:102AB0000000000000000000000000000000000016
:102AC0000000000000000000000000000000000006
:102AD00000000000000000000000000000000000F6
:102AE00000000000000000000000000000000000E6
:102AF00000000000000000000000000000000000D6
:102B000000000000000000000000000000000000C5
:102B100000000000000000000000000000000000B5
:102B200000000000000000000000000000000000A5
:102B30000000000000000000000000000000000095
:102B40000000000000000000000000000000000085
:102B50000000000000000000000000000000000075
:102B60000000000000000000000000000000000065
:102B70000000000000000000000000000000000055
:102B80000000000000000000000000000000000045
:102B90000000000000000000000000000000000035
:102BA0000000000000000000000000000000000025
:102BB0000000000000000000000000000000000015
:102BC0000000000000000000000000000000000005
:102BD00000000000000000000000000000000000F5
:102BE00000000000000000000000000000000000E5
:102BF00000000000000000000000000000000000D5
:102C000000000000000000000000000000000000C4
:102C100000000000000000000000000000000000B4
:102C200000000000000000000000000000000000A4
:102C30000000000000000000000000000000000094
:102C40000000000000000000000000000000000084
:102C50000000000000000000000000000000000074
:102C60000000000000000000000000000000000064
:102C70000000000000000000000000000000000054
:102C80000000000000000000000000000000000044
:102C90000000000000000000000000000000000034
:102CA0000000000000000000000000000000000024
:102CB0000000000000000000000000000000000014
:102CC0000000000000000000000000000000000004
:102CD0000000000030008001000000012000000022
:102CE0003000200100400107200000003000419426
:102CF00000000000000000000000000000000000D4
:102D000000000000000000000000000000000000C3
:102D100000000000000000000000000000000000B3
:102D200000000000000000000000000000000000A3
:102D30000000000000000000000000000000000093
:102D40000000000000000000000000000000000083
:102D50000000000000000000000000000000000073
:102D60000000000000000000000000000000000063
:102D70000000000000000000000000000000000053
:102D80000000000000000000000000000000000043
:102D900000000000000000000000000140000000F2
:102DA00000000001400000000000000000000000E2
:102DB000000000000000000000000CD30000000034
:102DC0000000000000000000000000000000000003
:102DD00000000000000000000000000000000000F3
:102DE00000000000000008000000000000000000DB
:102DF0000000000000008000000000000000000053
:102E000000000000000000000000000000000000C2
:102E1000000000000000800000000000000008002A
:102E200000000000000000000000000000000000A2
:102E3000000000000008000000000000000000008A
:102E40000000000000000000000000000000000082
:102E50000000000000000000000000000000000072
:102E60000000000000000000000000000000000062
:102E70000000000000000000000000000000000052
:102E80000000000000000000000000000000000042
:102E90000000000000000000000000000000000032
:102EA0000000000000000000000000000000000022
:102EB0000000000000000000000000000000000012
:102EC0000000000000000000000000000000000002
:102ED00000000000000000000000000000000000F2
:102EE00000000000000000000000000000000000E2
:102EF00000000000000000000000000000000000D2
:102F000000000000000000000000000000000000C1
:102F100000000000000000000000000000000000B1
:102F20000000000000000000002000000000000081
:102F30000010002000000000001000100000000041
:102F400000000000000000000000000000000BED89
:102F5000040000000000000000000000000000006D
:102F60000000000000000000000000000000000859
:102F70000000000000000000000000000000000051
:102F80000000000000000000000000000000000041
:102F90000000000000000000000000000000000031
:102FA0000000000000000000000000000000000021
:102FB0000000000000000000000000000000000011
:102FC0000000000000000000000000000000000001
:102FD00000000000000000000000000000000000F1
:102FE00000000000000000000000000000000000E1
:102FF00000000000000000000000000000000000D1
:1030000000000000000000000000000000000000C0
:1030100000000000000000000000000000000000B0
:1030200000000000000000000000000000000000A0
:103030000000000000000000000000000000000090
:103040000000000000000000000000000000000080
:103050000000000000000000000000000000000070
:103060000000000000000000000000000000000060
:103070000000000000000000000000000000000050
:103080000000000000000000000000000000000040
:103090000000000000000000000000000000000030
:1030A0000000000000000000000000000000000020
:1030B0000000000000000000000000000000000010
:1030C0000000000000000000000000000000000000
:1030D00000000000000000000000000000000000F0
:1030E0000000109700000000000000000000010038
:1030F0000000000000000000400000000000000090
:1031000000000000000000000000000000000000BF
:1031100000000000000000000000000000000000AF
:10312000000000000000000000000000000000009F
:10313000000040000000000000000000000000004F
:1031400000000000000080000000000000000000FF
:10315000000000000000000000000000000000006F
:10316000000000000000000000000000000000005F
:10317000000000000000000000000000000000004F
:10318000000000000000000000000000000000003F
:10319000000000000000000000000000000000002F
:1031A000000000000000000000000000000000001F
:1031B000000000000000000000000000000000000F
:1031C00000000000000000000000000000000000FF
:1031D00000000000000000000000000000000000EF
:1031E00000000000000000000000000000000000DF
:1031F00000000000000000000000000000000000CF
:1032000000000000000000000000000000000000BE
:1032100000000000000000000000000000000000AE
:10322000000000000000000000000000000000009E
:10323000000000000000000000000000000000008E
:10324000000000000000000000000004000000007A
:10325000000000000000000000000000000000006E
:10326000000000000000000000000000000000005E
:103270000000000000000842000000000000000004
:10328000000000000000000000000000000000003E
:10329000000000000000000000000000000000002E
:1032A000000000000000000000000000000000001E
:1032B000000000000000000000000000000000000E
:1032C00000000000000000000000000000000000FE
:1032D00000000000000000000000000000000000EE
:1032E00000000000000000000000000000000000DE
:1032F00000000000000000000000000000000000CE
:1033000000000000000000000000000000000000BD
:1033100000000000000000000000000000000000AD
:10332000000000000000000000000000000000009D
:10333000000000000000000000000000000000008D
:10334000300080010000000220000000200000008A
:1033500020000000200000002000000020000000ED
:1033600020000000200000002000000020000000DD
:103370002000000020000000300140080000000094
:10338000000000000000000000000000000000003D
:1033900000000000000000000000000030002001DC
:1033A0000040010E30014004000000000000000059
:1033B000000000000000000030008001000000015B
:1033C00020000000300020010040010B2000000020
:1033D00030004194000000000000000000000000E8
:1033E00000000000000000000000000000000000DD
:1033F00000000000000000000000000000000000CD
:1034000000000000000000000000000000000000BC
:1034100000000000000000000000000000000000AC
:10342000000000000000000000000000000000009C
:10343000000000000000000000000000000000008C
:10344000000000000000000000000000000000007C
:10345000000000000000000000000000000000006C
:10346000000000000000000000000000000000005C
:103470000000000000000000000000000000080044
:103480000000000000000800000000000000000034
:1034900000000000000000000000000000001040DC
:1034A000000000000000000000000000000000001C
:1034B000000000000000000000000000000000000C
:1034C00000000000000000000000000000000000FC
:1034D00000000000000000000000000000000000EC
:1034E00000000000000000000000000000000000DC
:1034F00000000000000000000000000000000000CC
:1035000000000000000000000000000000000000BB
:1035100000000000000000000000000000000000AB
:10352000000000000000000000000000000000009B
:10353000000000000000000000000000000000008B
:10354000000000000000000000000000000000007B
:10355000000000000000000000000000000000006B
:10356000000000000000000000000000000000005B
:10357000000000000000000000000000000000004B
:10358000000000000000000000000000000000003B
:10359000000000000000000000000000000000002B
:1035A000000000000000000000000000000000001B
:1035B000000000000000000000000000000000000B
:1035C00000000000000000000000000000000000FB
:1035D00000000000000000000000000000000000EB
:1035E00000000000000000000000000000000000DB
:1035F00000000000000000000000000000000000CB
:1036000000000000000000000000000000000000BA
:1036100000000000000000000000000000000000AA
:10362000000000000000000000000000000000009A
:103630000000166D00000000000000000000000007
:10364000000000000000000000000000000000007A
:103650000000000800000000000000000000000062
:10366000000000000000000000000000000000005A
:10367000000000000000000000000000000000004A
:10368000000000000000000000000000000000003A
:1036900000000000000040000000000000000000EA
:1036A000000000000000000000000000000000001A
:1036B000000000000000000000000000000000000A
:1036C00000000000000000000000000000000000FA
:1036D00000000000000000000000000000000000EA
:1036E00000000000000000000000000000000000DA
:1036F00000000000000000000000000000000000CA
:1037000000000000000000000000000000000000B9
:1037100000000000000000000000000000000000A9
:103720000000000000000000000000000000000099
:103730000000000000000000000000000000000089
:103740000000000000000000000000000000000079
:103750000000000000000000000000000000000069
:103760000000000000000000000000000000000059
:103770000000000000000000000000000000000049
:103780000000000000000000000000000000000039
:103790000000000000000000000000000000000029
:1037A0000020000000000802802000000000080245
:1037B00000200000000000000000000000000000E9
:1037C00000000000000014090800000000000000D4
:1037D00000000100000000000000000040000000A8
:1037E00000000000000000000000000000000000D9
:1037F00000000000000000000000000000000000C9
:1038000000000000000000000000000000000000B8
:103810000000000000004000000000000000000068
:103820000000000000000000000000000000000098
:103830000000000000000000000000000000000088
:103840000000000000000000000000000000000078
:103850000000000000000000000000000000000068
:103860000000000000000000000000000000000058
:103870000000000000000000000000000000000048
:103880000000000000000000000000000000000038
:103890000000000000000000000000000000000028
:1038A0000000000000000000000000000000000018
:1038B0000000000000000000000000000000000008
:1038C00000000000000000000000000000000000F8
:1038D00000000000000000000000000000000000E8
:1038E00000000000000000000000000000000000D8
:1038F00000000000000000000000000000000000C8
:1039000000000000000000000000000000000000B7
:1039100000000000000000000000000000000000A7
:103920000000000000000000000000000000000097
:103930000000000000000000000000000000000087
:103940000000000000000000000000000000000077
:103950000000000000000000000000000000000067
:103960000000000000000000000000000000000057
:103970000000000000000000000000000000000047
:103980000000000000000000000000000000000037
:103990000000000000000000000000000000000027
:1039A0000000000000000000000000000000000017
:1039B0000000000000000000000000000000000007
:1039C00000000000000000000000000000000000F7
:1039D00000000000000000000000000000000000E7
:1039E00000000000000000000000000000000000D7
:1039F00000000000000000000000000000000000C7
:103A000000000000000000000000000000000000B6
:103A100000000000000000000000000000000000A6
:103A200000000000300080010000000120000000C4
:103A3000300020010040010F20000000300040CA8B
:103A40000000000000000000000000000000000076
:103A50000000000000000000000000000000000066
:103A60000000000000000000000000000000000056
:103A70000000000000000000000000000000000046
:103A80000000000000000000000000000000000036
:103A90000000000000000000000000000000000026
:103AA0000000000000000000000000000000000016
:103AB0000000000000000000000000000000000006
:103AC00000000000000000000000000000000000F6
:103AD00000000000000000000000000000000000E6
:103AE00000000000000000000000000000000020B6
:103AF0000000000080000020000000000000000026
:103B00000000000000000000000018DF00000000BE
:103B100000000000000000000000000000000000A5
:103B20000000000000000000000000000000000095
:103B30000000000000000000000000000000000085
:103B40000000000000000000000000000000000075
:103B50000000000000000000000000000000000065
:103B60000000000000000000000000000000000055
:103B70000000000000000000000000000000000045
:103B80000000000000000000000000000000000035
:103B90000000000000000000000000000000000025
:103BA0000000000000000000000000000000000015
:103BB0000000000000000000000000000000000005
:103BC00000000000000000000000000000000000F5
:103BD00000000000000000000000000000000000E5
:103BE00000000000000000000000000000000000D5
:103BF00000000000000000000000000000000000C5
:103C000000000000000000000000000000000000B4
:103C100000000000000000000000000000000000A4
:103C20000000000000000000000000000000000094
:103C30000000000000000000000000000000000084
:103C40000000000000000000000000000000000074
:103C50000000000000000000000000000000000064
:103C60000000000000000000000000000000000054
:103C70000000000000000000000000000000000044
:103C80000000000000000000000000000000000034
:103C90000000000000000000000000000000000024
:103CA0000000000000000000000000000000000014
:103CB0000000000000000000000000000000000004
:103CC00000000000000000000000000000000000F4
:103CD00000000000000000000000000000000000E4
:103CE00000000000000000000000000000000000D4
:103CF00000000000000000000000000000000000C4
:103D000000000000000000000000000000000000B3
:103D100000000000000000000000000000000000A3
:103D20000000000000000000000000000000000093
:103D30000000000000000000000000000000000083
:103D40000000000000000000000000000000000073
:103D50000000000000000000000000000000000063
:103D600000000000000000003000800100000001A1
:103D700020000000300020010040018020000000F1
:103D8000300041F9000000000000000000000000C9
:103D90000000000000000000000000000000000023
:103DA0000000000000000000000000000000000013
:103DB0000000000000000000000000000000000003
:103DC00000000000000000000000000000000000F3
:103DD00000000000000000000000000000000000E3
:103DE00000000000000000000000000000000000D3
:103DF00000000000000000000000000000000000C3
:103E000000000000000000000000000000000000B2
:103E10000000000000000000000000000240000060
:103E2000000000D108020800000106200802080076
:103E3000000100000802080000010000080208005C
:103E40000001000000000000000000000000006908
:103E5000191208110001000000000000000000001D
:103E60000000000000000000000000000000000052
:103E70000000000000000000000000000000000042
:103E80000000000000000000000000000000000032
:103E90000000000000000000000000000000000022
:103EA0000000000000000000000000000000000012
:103EB0000000000000000000000000000000000002
:103EC00000000000000000000000000000000000F2
:103ED00000000000000000000000000000000000E2
:103EE00000000000000000000000000000000000D2
:103EF00000000000000000000000000000000000C2
:103F000000000000000000000000000000000000B1
:103F100000000000000000000000000000000000A1
:103F20000000000000000000000000000000000091
:103F30000000000000000000000000000000000081
:103F40000000000000000000000000000000000071
:103F50000000000000000000000000000000000061
:103F60000000000000000000000000000000000051
:103F70000000000000000000000000000000000041
:103F80000000000000000000000000000000000031
:103F90000000000000000000000000000000000021
:103FA0000000000000000000000000000000000011
:103FB000812000000000014026006000000002088F
:103FC000260060000000020C2600600000000209CC
:103FD000260060000000020C00000000000000004D
:103FE000000011A626886080000088000000000004
:103FF00000000000000000000000000000000000C1
:1040000000000000000000000000000000000000B0
:1040100000000000000000000000000000000000A0
:104020000000000000000000000000000000000090
:104030000000000000000000000000000000000080
:104040000000000000000000000000000000000070
:104050000000000000000000000000000000000060
:104060000000000000000000000000000000000050
:104070000000000000000000000000000000000040
:104080000000000000000000000000000000000030
:104090000000000000000000000000000000000020
:1040A0000000000000000000000000000000000010
:1040B0000000000000000000000000000000000000
:1040C00000000000000000000000000000000000F0
:1040D00000000000000000000000000000000000E0
:1040E00000000000000000000000000000000000D0
:1040F00000000000000000000000000000000000C0
:1041000000000000000000000000000000000000AF
:10411000000000000000000000000000000000009F
:10412000000000000000000000000000000000008F
:10413000000000000000000000000000000000007F
:10414000000000000000000000000000000000006F
:10415000000000000000000000000000000000005F
:10416000000000000000000000000000000000004F
:10417000000000000000028000000040000000007D
:10418000000000000000000000000000000000002F
:10419000000000000000000000000000000000001F
:1041A00000000000000000000000004000000000CF
:1041B00000000000000000000000000000000000FF
:1041C00000000000000000000000000000000000EF
:1041D00000000000000000000000000000000000DF
:1041E00000000000000000000000000000000000CF
:1041F00000000000000000000000000000000000BF
:1042000000000000000000000000000000000000AE
:10421000000000000000000000000000000000009E
:10422000000000000000000000000000000000008E
:10423000000000000000000000000000000000007E
:10424000000000000000000000000000000000006E
:10425000000000000000000000000000000000005E
:10426000000000000000000000000000000000004E
:10427000000000000000000000000000000000003E
:10428000000000000000000000000000000000002E
:10429000000000000000000000000000000000001E
:1042A000000000000000000000000000000000000E
:1042B00000000000000000000000000000000000FE
:1042C00000000000000000000000000000000000EE
:1042D000000000000000000000000040000000009E
:1042E00000000000000000000000000000000000CE
:1042F00000000000000000000000000000000000BE
:10430000000000000000000000001826000000006F
:10431000000000000000000000000000000000009D
:10432000000000000000000000000000000000008D
:10433000000000000000000000000000000000007D
:10434000000000000000000000000000000000006D
:10435000000000000000000000000000000000005D
:10436000000000000000000000000000000000004D
:10437000000000000000000000000000000000003D
:10438000000000000000000000000000000000002D
:10439000000000000000000000000000000000001D
:1043A000000000000000000000000000000000000D
:1043B00000000000000000000000000000000000FD
:1043C00000000000000000000000000000000000ED
:1043D00000000000000000000000000000000000DD
:1043E00000000000000000000000000000000000CD
:1043F00000000000000000000000000000000000BD
:1044000000000000000000000000000000000000AC
:10441000000000000000000000000000000000009C
:10442000000000000000000000000000000000008C
:10443000000000000000000000000000000000007C
:10444000000000000000000000000000000000006C
:10445000000000000000000000000000000000005C
:10446000000000000000000000000000000000004C
:10447000000000000000000000000000000000003C
:10448000000000000000000000000000000000002C
:10449000000000000000000000000000000000001C
:1044A000000000000000000000000000000000000C
:1044B00000000000000000000000000000000000FC
:1044C00000000000000000000000000000000000EC
:1044D00000000000000000000000000000000000DC
:1044E00000000000000000000000000000000000CC
:1044F00000000000000000000000000000000000BC
:1045000000000000000000000000000000000000AB
:10451000000000000000000000000000000000009B
:10452000000000000000000000000000000000008B
:10453000000000000000000000000000000000007B
:10454000000000000000000000000000000000006B
:10455000000000000000000000000000000000005B
:104560000000000000000000300080010000000199
:1045700020000000300020010040018520000000E4
:104580003000400050000B0C000000000000000054
:10459000000000000000000000000000000000001B
:1045A000000000000000000000000000000000000B
:1045B00000000000000000000000000000000000FB
:1045C00000000000000000000000000000000000EB
:1045D00000000000000000000000000000000000DB
:1045E00000000000000000000000000000000000CB
:1045F00000000000000000000000000000000000BB
:1046000000000000000000000000000000000000AA
:10461000000000000000000000000000000000009A
:10462000000000200000000000000000000000006A
:10463000000000000000000000000000000000007A
:10464000000000000000000000000000000000006A
:10465000000018250000000000000000000000001D
:10466000000000000000000000000000000000004A
:10467000000000000000000000000000000000003A
:10468000000000000000000000000000000000002A
:10469000000000000000000000000000000000001A
:1046A000000000000000000000000000000000000A
:1046B00000000000000000000000000000000000FA
:1046C00000000000000000000000000000000000EA
:1046D00000000000000000000000000000000000DA
:1046E00000000000000000000000000000000000CA
:1046F00000000000000000000000000000000000BA
:1047000000000000000000000000000000000000A9
:104710000000000000000000000000000000000099
:104720000000000000000000000000000000000089
:104730000000000000000000000000000000000079
:104740000000000000000000000000000000000069
:104750000000000000000000000000000000000059
:104760000000000000000000000000000000000049
:104770000000000000000000000000000000000039
:104780000000000000000000000000000000000029
:104790000000000000000000000000000000000019
:1047A0000000000000000000000000000000000009
:1047B00000000000000000000000000000000000F9
:1047C00000000000000000000000000000000000E9
:1047D00000000000000000000000000000000000D9
:1047E00000000000000019C90000020000000000E5
:1047F00000000000000000000000000000000000B9
:1048000000000000000000000000000000000000A8
:104810000000000000000000000000000000000098
:104820000000000000000000000000000000000088
:104830000000000000000000000000000000000078
:104840000000000000000000000000000000000068
:104850000000000000000000000000000000000058
:104860000000000000000000000000000000000048
:104870000000000000000000000000000000000038
:104880000000000000000000000000000000000028
:104890000000000000000000000000000000000018
:1048A0000000000000000000000000000000000008
:1048B00000000000000000000000000000000000F8
:1048C00000000000000000000000000000000000E8
:1048D00000000000000000000000000000000000D8
:1048E00000000000000000000000000000000000C8
:1048F00000000000000000000000000000000000B8
:1049000000000000000000000000000000000000A7
:104910000000000000000000000000000000000097
:104920000000000000000000000000000000000087
:104930000000000000000000000000000000000077
:10494000000000000000000000000400040000005F
:1049500040000001000040000000100000000000C6
:104960000000100000000000000000010000000036
:1049700000000000000000000000030000000080B4
:104980000000000000000000000000000000000027
:104990000000000000000000000000000000000017
:1049A0000000000000000000000000000000008087
:1049B00000000000000000000000000000000000F7
:1049C00000000000000000000000000000000000E7
:1049D00000000000000000000000000000000000D7
:1049E00000000000000000000000000000000000C7
:1049F00000000000000000000000000000000000B7
:104A000000000000000000000000000000000000A6
:104A10000000000000000000000000000000000096
:104A20000000000000000000000000000000000086
:104A30000000000000000000000000000000000076
:104A40000000000000000000000000000000000066
:104A50000000000000000000000000000000000056
:104A60000000000000000000000000000000000046
:104A70000000000000000000000000000000000036
:104A80000000000000000000000000000000000026
:104A90000000000000000000000000000000000016
:104AA0000000000000000000000000000000000006
:104AB00000000000000000000000000000000000F6
:104AC00000000000000000000000000000000000E6
:104AD0000000000000000000000100000040000095
:104AE00000000000000000100000000000000000B6
:104AF00000000000010000000000000000000000B5
:104B0000000000000000000000000000000006BFE0
:104B10000000000000000020000000000000000075
:104B20000000000000000000000000000000000085
:104B30000000000000000000000000000000000075
:104B40000000000000000000000000000000000065
:104B50000000000000000000000000000000000055
:104B60000000000000000000000000000000000045
:104B70000000000000000000000000000000000035
:104B80000000000000000000000000000000000025
:104B90000000000000000000000000000000000015
:104BA0000000000000000000000000000000000005
:104BB00000000000000000000000000000000000F5
:104BC00000000000000000000000000000000000E5
:104BD00000000000000000000000000000000000D5
:104BE00000000000000000000000000000000000C5
:104BF00000000000000000000000000000000000B5
:104C000000000000000000000000000000000000A4
:104C10000000000000000000000000000000000094
:104C20000000000000000000000000000000000084
:104C30000000000000000000000000000000000074
:104C40000000000000000000000000000000000064
:104C50000000000000000000000000000000000054
:104C60000000000000000000000000000000000044
:104C700000000000000000000800000000004000EC
:104C80000000000000000001000000010000000022
:104C90000000000000000000000000000000000014
:104CA000000010D50000000000000000000000001F
:104CB00000000000000000000000000000000000F4
:104CC00000000000000000000000000000000000E4
:104CD00000000000000000000000000000000000D4
:104CE00000000000000000000000000000000000C4
:104CF00000000000000000000000000000000000B4
:104D000000000000000000000000000000000000A3
:104D10000000000000000000000000000000000093
:104D20000000000000000000000000000000000083
:104D30000000000000000000000000000000000073
:104D40000000000000000000000000000000000063
:104D50000000000000000000000000000000000053
:104D60000000000000000000000000000000000043
:104D70000000000000000000000000000000000033
:104D80000000000000000000000000000000000023
:104D90000000000000000000000000000000000013
:104DA0000000000000000000000000000000000003
:104DB00000000000000000000000000000000000F3
:104DC00000000000000000000000000000000000E3
:104DD00000000000000000000000000000000000D3
:104DE00000000000000000000000000000000000C3
:104DF00000000000000000000000000000000000B3
:104E0000000000000000000000000000000008009A
:104E10000000000000000000000000000000000092
:104E20000000000000000000000000000000000082
:104E30000000000000000D50000000000100000014
:104E40000000000000000000000000000000000062
:104E50000000000000000000000000000000000052
:104E60000000000000000000000000000000000042
:104E70000000000000000000000000000000000032
:104E80000000000000000000000000000000000022
:104E9000000000000000000000000008000000000A
:104EA0000000000000000000000000000000000002
:104EB00000000000000000000000000000000000F2
:104EC00000000000000000000000000000000000E2
:104ED00000000000000000000000000000000000D2
:104EE00000000000000000000000000000000000C2
:104EF00000000000000000000000000000000000B2
:104F000000000000000000000000000000000000A1
:104F10000000000000000000000000000000000091
:104F20000000000000000000000000000000000081
:104F30000000000000000000000000000000000071
:104F40000000000000000000000000000000000061
:104F50000000000000000000000000000000000051
:104F60000000000000000000000000000000000041
:104F70000000000000000000000000000000000031
:104F80000000000000000000000000000000000021
:104F90000080000000000000000000000000000091
:104FA0000800001000000000802000000008000041
:104FB000000004008000000000000000000000006D
:104FC000000000000000000000001EE400000000DF
:104FD00000000000000000000000000000000000D1
:104FE00000000000000000000000000000000000C1
:104FF00000000000000000000000000000000000B1
:1050000000000000000000000000000000000000A0
:105010000000000000000000000000000000000090
:105020000000000000000000000000000000000080
:105030000000000000000000000000000000000070
:105040000000000000000000000000000000000060
:105050000000000000000000000000000000000050
:105060000000000000000000000000000000000040
:105070000000000000000000000000000000000030
:105080000000000000000000000000000000000020
:105090000000000000000000000000000000000010
:1050A0000000000000000000000000000000000000
:1050B00000000000000000000000000000000000F0
:1050C00000000000000000000000000000000000E0
:1050D00000000000000000000000000000000000D0
:1050E00000000000000000000000000000000000C0
:1050F00000000000000000000000000000000000B0
:10510000000000000000000000000000000000009F
:10511000000000000000000000000000000000008F
:10512000000000000000000000000000000000007F
:10513000000000000000000000000000000000006F
:10514000000000000000000000000000000000005F
:1051500000000000000000000000000000001CC370
:10516000000000000000000000000000000000003F
:10517000000000000000000000000000000000002F
:10518000000000000000000000000000000000001F
:10519000000000000000000000000000000000000F
:1051A00000000000000000000000000000000000FF
:1051B00000000000000000000000000000000000EF
:1051C00000000008000000000000000000000000D7
:1051D00000000000000000000000000000000000CF
:1051E00000000000000000000000000000000000BF
:1051F00000000000000000000000000000000000AF
:10520000000000000000000000000000000000009E
:10521000000000000000000000000000000000008E
:10522000000000000000000000000000000000007E
:10523000000000000000000000000000000000006E
:10524000000000000000000000000000000000005E
:10525000000000000000000000000000000000004E
:10526000000000000000000000000000000000003E
:10527000000000000000000000000000000000002E
:10528000000000000000000000000000000000001E
:10529000000000000000000000000000000000000E
:1052A00000000000000000000000000000000000FE
:1052B00000000000000000000000000000020000EC
:1052C00000800000000000008000000000000000DE
:1052D000802000000000000002002000000000000C
:1052E00000000000000000000000000000000000BE
:1052F000000017A7000000000000000000000000F0
:10530000000000000000000000000000000000009D
:10531000000000000000000000000000000000008D
:10532000000000000000000000000000000000007D
:10533000000000000000000000000000000000006D
:10534000000000000000000000000000000000005D
:10535000000000000000000000000000000000004D
:10536000000000000000000000000000000000003D
:10537000000000000000000000000000000000002D
:10538000000000000000000000000000000000001D
:10539000000000000000000000000000000000000D
:1053A00000000000000000000000000000000000FD
:1053B00000000000000000000000000000000000ED
:1053C00000000000000000000000000000000000DD
:1053D00000000000000000000000000000000000CD
:1053E00000000000000000000000000000000000BD
:1053F00000000000000000000000000000000000AD
:10540000000000000000000000000000000000009C
:10541000000000000000000000000000000000008C
:10542000000000000000000000000000000000007C
:10543000000000000000000000000000000000006C
:10544000000000000000000000000000000000005C
:105450000000000000000000000000000000080242
:105460000000800000002000000800000000000094
:1054700080000000000000020000000000000000AA
:1054800000000000000001200000000000000020DB
:10549000000000000000000000000000000000000C
:1054A00000000000000000000000000000000000FC
:1054B00000000000000000000000000000000000EC
:1054C00000000000000000000000000000000000DC
:1054D00000000000000000000000000000000000CC
:1054E00000000000000000000000000000000000BC
:1054F00000000000000000000000000000000000AC
:10550000000000000000000000000000000000009B
:10551000000000000000000000000000000000008B
:10552000000000000000000000000000000000007B
:10553000000000000000000000000000000000006B
:10554000000000000000000000000000000000005B
:10555000000000000000000000000000000000004B
:10556000000000000000000000000000000000003B
:10557000000000000000000000000000000000002B
:10558000000000000000000000000000000000001B
:10559000000000000000000000000000000000000B
:1055A00000000000000000000000000000000000FB
:1055B00000000000000000000000000000000000EB
:1055C00000000000000000000000000000000000DB
:1055D00000000000000000000000000000000000CB
:1055E000008000000000000000000800080000002B
:1055F0000C0000300000400000000000000000012E
:105600000000040100000000000000000000000095
:105610000000000000000000000017D3000001009F
:105620000100000000000000000000000000000079
:10563000000000000000000000000000000000006A
:10564000000000000000000000000000000000005A
:10565000000000000000000000000000000000004A
:10566000000000000000000000000000000000003A
:10567000000000000000000000000000000000002A
:10568000000000000000000000000000000000001A
:10569000000000000000000000000000000000000A
:1056A00000000000000000000000000000000000FA
:1056B00000000000000000000000000000000000EA
:1056C00000000000000000000000000000000000DA
:1056D00000000000000000000000000000000000CA
:1056E00000000000000000000000000000000000BA
:1056F00000000000000000000000000000000000AA
:105700000000000000000000000000000000000099
:105710000000000000000000000000000000000089
:105720000000000000000000000000000000000079
:105730000000000000000000000000000000000069
:105740000000000000000000000000000000000059
:105750000000000000000000000000000000000049
:105760000000000000000000000000000000000039
:105770000000000000000000000000000000000029
:1057800000000000220000000000000000000000F7
:105790000000000000040000000100000000000004
:1057A000000000000000000000000000000001E612
:1057B00000000000000000000000000000000000E9
:1057C00000000000000000000000000000000000D9
:1057D00000000000000000000000000000000000C9
:1057E00000000000000000000000000000000000B9
:1057F00000000000000000000000000000000000A9
:105800000000000000000000000000000000000098
:105810000000000000000000000000000000000088
:105820000000000000000000000000000000000078
:105830000000000000000000000000000000000068
:105840000000000000000000000000000000000058
:105850000000000000000000000000000000000048
:105860000000000000000000000000000000000038
:105870000000000000000000000000000000000028
:105880000000000000000000000000000000000018
:105890000000000000000000000000000000000008
:1058A00000000000000000000000000000000000F8
:1058B00000000000000000000000000000000000E8
:1058C00000000000000000000000000000000000D8
:1058D00000000000000000000000000000000000C8
:1058E00000000000000000000000000000000000B8
:1058F00000000000000000000000000000000000A8
:105900000000000000000000000000000000000097
:10591000020000000000000000000402000200007D
:105920000000000000000000000000000000000077
:105930000000000000000000000000000000000067
:105940000000109B000100000000010000000000AA
:105950000000000000000000000000000000000047
:105960000000000000000000000000000000000037
:105970000000000000000000000000000000000027
:105980000000000000000000000000000000000017
:105990000000000000000000000000000000000007
:1059A00000000000000000000000000000000000F7
:1059B00000000000000000000000000000000000E7
:1059C00000000000000000000000000000000000D7
:1059D00000000000000000000000000000000000C7
:1059E00000000000000000000000000000000000B7
:1059F00000000000000000000000000000000000A7
:105A00000000000000000000000000000000000096
:105A10000000000000000000000000000000000086
:105A20000000000000000000000000000000000076
:105A30000000000000000000000000000000000066
:105A40000000000000000000000000000000000056
:105A50000000000000000000000000000000000046
:105A60000000000000000000000000000000000036
:105A70000000000000000000000000000000000026
:105A80000000000000000000000000000000000016
:105A90000000000000000000000000000000000006
:105AA00000000000000808000000000000000000E6
:105AB0000000000090000000000000000000000056
:105AC00000000001000000000000000000000000D5
:105AD000000000000000191B000000000000000092
:105AE00000000000000000000000000000000000B6
:105AF00000000000000000000000000000000000A6
:105B00000000000000000000000000000000000095
:105B10000000000000000000000000000000000085
:105B20000000000000000000000000000000000075
:105B30000000000000000000000000000000000065
:105B40000000000000000000000000000000000055
:105B50000000000000000000000000000000000045
:105B60000000000000000000000000000000000035
:105B70000000000000000000000000000000000025
:105B80000000000000000000000000000000000015
:105B90000000000000000000000000000000000005
:105BA00000000000000000000000000000000000F5
:105BB00000000000000000000000000000000000E5
:105BC00000000000000000000000000000000000D5
:105BD00000000000000000000000000000000000C5
:105BE00000000000000000000000000000000000B5
:105BF00000000000000000000000000000000000A5
:105C00000000000000000000000000000000000094
:105C10000000000000000000000000000000000084
:105C20000000000000000000000000000000000074
:105C30000000000000000000020000000001010060
:105C40000000000000000000000000000000000153
:105C500080000000000000000000000000020000C2
:105C600000000000000000000000088E000000029C
:105C70000000000000000000000000000000000024
:105C80000000000000000000000000000000000014
:105C90000000000000000000000000000000000004
:105CA00000000000000000000000000000000000F4
:105CB00000000000000000000000000000000000E4
:105CC00000000000000000000000000000000000D4
:105CD00000000000000000000000000000000000C4
:105CE00000000000000000000000000000000000B4
:105CF00000000000000000000000000000000000A4
:105D00000000000000000000000000000000000093
:105D10000000000000000000000000000000000083
:105D20000000000000000000000000000000000073
:105D30000000000000000000000000000000000063
:105D40000000000000000000000000000000000053
:105D50000000000000000000000000000000000043
:105D60000000000000000000000000000000000033
:105D70000000000000000000000000000000000023
:105D80000000000000000000000000000000000013
:105D90000000000000000000000000000000000003
:105DA00000000000000000000000000000000000F3
:105DB00000000000000000000000000000000000E3
:105DC00000000000000000000000000000000000D3
:105DD00000000000408402000080810400808000F8
:105DE00000828204008080000080800400808000A7
:105DF0000080800400000000000000000000016B33
:105E000000000A0000080000000000000000000080
:105E10000000000000000000000000000000000082
:105E20000000000000000000000000000000000072
:105E30000000000000000000000000000000000062
:105E40000000000000000000000000000000000052
:105E50000000000000000000000000000000000042
:105E60000000000000000000000000000000000032
:105E70000000000000000000000000000000000022
:105E80000000000000000000000000000000000012
:105E90000000000000000000000000000000000002
:105EA00000000000000000000000000000000000F2
:105EB00000000000000000000000000000000000E2
:105EC00000000000000000000000000000000000D2
:105ED00000000000000000000000000000000000C2
:105EE00000000000000000000000000000000000B2
:105EF00000000000000000000000000000000000A2
:105F00000000000000000000000000000000000091
:105F10000000000000000000000000000000000081
:105F20000000000000000000000000000000000071
:105F30000000000000000000000000000000000061
:105F40000000000000000000000000000000000051
:105F50000000000000000000000000000000000041
:105F600000000000000000000001008000010200AD
:105F700000050580000000002201048200020300E9
:105F8000000101800000000200000000000000008D
:105F9000000001C7140000141000001000000000F1
:105FA00000000000000000000000000000000000F1
:105FB00000000000000000000000000000000000E1
:105FC00000000000000000000000000000000000D1
:105FD00000000000000000000000000000000000C1
:105FE00000000000000000000000000000000000B1
:105FF00000000000000000000000000000000000A1
:106000000000000000000000000000000000000090
:106010000000000000000000000000000000000080
:106020000000000000000000000000000000000070
:106030000000000000000000000000000000000060
:106040000000000000000000000000000000000050
:106050000000000000000000000000000000000040
:106060000000000000000000000000000000000030
:106070000000000000000000000000000000000020
:106080000000000000000000000000000000000010
:106090000000000000000000000000000000000000
:1060A00000000000000000000000000000000000F0
:1060B00000000000000000000000000000000000E0
:1060C00000000000000000000000000000000000D0
:1060D00000000000000000000000000000000000C0
:1060E00000000000000000000000000000000000B0
:1060F0000000000002040000000002006001000037
:106100000003000060050400000000020005040018
:10611000000001000001010000000002000000007A
:10612000000000000000010B000000000000010062
:10613000000000000000000000000000000000005F
:10614000000000000000000000000000000000004F
:10615000000000000000000000000000000000003F
:10616000000000000000000000000000000000002F
:10617000000000000000000000000000000000001F
:10618000000000000000000000000000000000000F
:1061900000000000000000000000000000000000FF
:1061A00000000000000000000000000000000000EF
:1061B00000000000000000000000000000000000DF
:1061C00000000000000000000000000000000000CF
:1061D00000000000000000000000000000000000BF
:1061E00000000000000000000000000000000000AF
:1061F000000000000000000000000000000000009F
:10620000000000000000000000000000000000008E
:10621000000000000000000000000000000000007E
:10622000000000000000000000000000000000006E
:10623000000000000000000000000000000000005E
:10624000000000000000000000000000000000004E
:10625000000000000000000000000000000000003E
:10626000000000000000000000000000000000002E
:10627000000000000000000000000000000000001E
:106280000000000000000000000004000002000008
:1062900002040282000003000000018000020200EC
:1062A0006200008200020202000000800001000083
:1062B00000000000000000000000099B000000003A
:1062C00000000000000000000000000000000000CE
:1062D00000000000000000000000000000000000BE
:1062E00000000000000000000000000000000000AE
:1062F000000000000000000000000000000000009E
:10630000000000000000000000000000000000008D
:10631000000000000000000000000000000000007D
:10632000000000000000000000000000000000006D
:10633000000000000000000000000000000000005D
:10634000000000000000000000000000000000004D
:10635000000000000000000000000000000000003D
:10636000000000000000000000000000000000002D
:10637000000000000000000000000000000000001D
:10638000000000000000000000000000000000000D
:1063900000000000000000000000000000000000FD
:1063A00000000000000000000000000000000000ED
:1063B00000000000000000000000000000000000DD
:1063C00000000000000000000000000000000000CD
:1063D00000000000000000000000000000000000BD
:1063E00000000000000000000000000000000000AD
:1063F000000000000000000000000000000000009D
:10640000000000000000000000000000000000008C
:106410000000000000000000000000000204040072
:10642000000202006285028200838300608585800D
:1064300000828202628584820083830200818180DF
:106440000081800200000000000000000000100E2B
:1064500000010A0100080100000000000000000027
:10646000000000000000000000000000000000002C
:10647000000000000000000000000000000000001C
:10648000000000000000000000000000000000000C
:1064900000000000000000000000000000000000FC
:1064A00000000000000000000000000000000000EC
:1064B00000000000000000000000000000000000DC
:1064C00000000000000000000000000000000000CC
:1064D00000000000000000000000000000000000BC
:1064E00000000000000000000000000000000000AC
:1064F000000000000000000000000000000000009C
:10650000000000000000000000000000000000008B
:10651000000000000000000000000000000000007B
:10652000000000000000000000000000000000006B
:10653000000000000000000000000000000000005B
:10654000000000000000000000000000000000004B
:10655000000000000000000000000000000000003B
:10656000000000000000000000000000000000002B
:10657000000000000000000000000000000000001B
:10658000000000000000000000000000000000000B
:1065900000000000000000000000000000000000FB
:1065A00000000000000000000000000000000000EB
:1065B00003040400000202006205068200030304D3
:1065C00060050580000202066205048200020306DF
:1065D0000001018000010006000000000000000032
:1065E000000018DA14000014100001100000000070
:1065F000000000000000000000000000000000009B
:10660000000000000000000000000000000000008A
:10661000000000000000000000000000000000007A
:10662000000000000000000000000000000000006A
:10663000000000000000000000000000000000005A
:10664000000000000000000000000000000000004A
:10665000000000000000000000000000000000003A
:10666000000000000000000000000000000000002A
:10667000000000000000000000000000000000001A
:10668000000000000000000000000000000000000A
:1066900000000000000000000000000000000000FA
:1066A00000000000000000000000000000000000EA
:1066B00000000000000000000000000000000000DA
:1066C00000000000000000000000000000000000CA
:1066D00000000000000000000000000000000000BA
:1066E00000000000000000000000000000000000AA
:1066F000000000000000000000000000000000009A
:106700000000000000000000000000000000000089
:106710000000000000000000000000000000000079
:106720000000000000000000000000000000000069
:106730000000000000000000000000000000000059
:106740000000000000000FFF00000000000000003B
:106750000000000000000000000000000000000039
:106760000000000000000000000000000000000029
:106770000000000000000000000000000000000019
:106780000000000000000000000000000000000009
:1067900000000000000000000000000000000000F9
:1067A00000000000000000000000000000000000E9
:1067B00000000000000000000000000000000000D9
:1067C00000000000000000000000000000000000C9
:1067D00000000000000000000000000000000000B9
:1067E00000000000000000000000000000000000A9
:1067F0000000000000000000000000000000000099
:106800000000000000000000000000000000000088
:106810000000000000000000000000000000000078
:106820000000000000000000000000000000000068
:106830000000000000000000000000000000000058
:106840000000000000000000000000000000000048
:106850000000000000000000000000000000000038
:106860000000000000000000000000000000000028
:106870000000000000000000000000000000000018
:106880000000000000000000000000000000000008
:1068900000000000000000000000000000000000F8
:1068A00000000000000000000000000000000000E8
:1068B00000000000000000000000000000000000D8
:1068C00000000000000000000000000000000000C8
:1068D00000000000000000000000AFFF000000000A
:1068E00000000000000000000000000000000000A8
:1068F0000000000000000000000000000000000098
:106900000000000000000000000010020000000075
:106910000000000000000000000000000000000077
:106920000000000000000000000000000000000067
:106930000000000000000000000000000000000057
:106940000000000000000000000000000000000047
:106950000000000000000000000000000000000037
:106960000000000000000000000000000000000027
:106970000000000000000000000000000000000017
:106980000000000000000000000000000000000007
:1069900000000000000000000000000000000000F7
:1069A00000000000000000000000000000000000E7
:1069B00000000000000000000000000000000000D7
:1069C00000000000000000000000000000000000C7
:1069D00000000000000000000000000000000000B7
:1069E00000000000000000000000000000000000A7
:1069F0000000000000000000000000000000000097
:106A00000000000000000000000000000000000086
:106A10000000000000000000000000000000000076
:106A20000000000000000000000000000000000066
:106A30000000000000000000000000000000000056
:106A40000000000000000000000000000000000046
:106A50000000000000000000000000000000000036
:106A600000000000000000000000000000000FFF18
:106A70000000000000000004000000000000000012
:106A80000000000000000000000000000000000006
:106A9000000000000000000000000000000018627C
:106AA00000000000000000000000000000000000E6
:106AB00000000000000000000000000000000000D6
:106AC00000000000000000000000000000000000C6
:106AD00000000000000000000000000000000000B6
:106AE00000000000000000000000000000000000A6
:106AF0000000000000000000000000000000000096
:106B00000000000000000000000000000000000085
:106B10000000000000000000000000000000000075
:106B20000000000000000000000000000000000065
:106B30000000000000000000000000000000000055
:106B40000000000000000000000000000000000045
:106B50000000000000000000000000000000000035
:106B60000000000000000000000000000000000025
:106B70000000000000000000000000000000000015
:106B80000000000000000000000000000000000005
:106B900000000000000000000000000000000000F5
:106BA00000000000000000000000000000000000E5
:106BB00000000000000000000000000000000000D5
:106BC00000000000000000000000000000000000C5
:106BD00000000000000000000000000000000000B5
:106BE00000000000000000000000000000000000A5
:106BF0000000000000000000000000000000000095
:106C000000000FFF00000000000000000000000076
:106C10000000F00000000000000020000000000064
:106C20000000000000000000000000000000000064
:106C3000000008ED0000000000000000000000005F
:106C40000000000000000000000000000000000044
:106C50000000000000000000000000000000000034
:106C60000000000000000000000000000000000024
:106C70000000000000000000000000000000000014
:106C80000000000000000000000000000000000004
:106C900000000000000000000000000000000000F4
:106CA00000000000000000000000000000000000E4
:106CB00000000000000000000000000000000000D4
:106CC00000000000000000000000000000000000C4
:106CD00000000000000000000000000000000000B4
:106CE00000000000000000000000000000000000A4
:106CF0000000000000000000000000000000000094
:106D00000000000000000000000000000000000083
:106D10000000000000000000000000000000000073
:106D20000000000000000000000000000000000063
:106D30000000000000000000000000000000000053
:106D40000000000000000000000000000000000043
:106D50000000000000000000000000000000000033
:106D60000000000000000000000000000000000023
:106D70000000000000000000000000000000000013
:106D80000000000000000000000000000000000003
:106D9000000000000000001000000000420010048D
:106DA000100400224200300410040022420030048B
:106DB0001004002242003004000000000000000027
:106DC000000000000000114D008B02800000480010
:106DD00000000000000000000000000000000000B3
:106DE00000000000000000000000000000000000A3
:106DF0000000000000000000000000000000000093
:106E00000000000000000000000000000000000082
:106E10000000000000000000000000000000000072
:106E20000000000000000000000000000000000062
:106E30000000000000000000000000000000000052
:106E40000000000000000000000000000000000042
:106E50000000000000000000000000000000000032
:106E60000000000000000000000000000000000022
:106E70000000000000000000000000000000000012
:106E80000000000000000000000000000000000002
:106E900000000000000000000000000000000000F2
:106EA00000000000000000000000000000000000E2
:106EB00000000000000000000000000000000000D2
:106EC00000000000000000000000000000000000C2
:106ED00000000000000000000000000000000000B2
:106EE00000000000000000000000000000000000A2
:106EF0000000000000000000000000000000000092
:106F00000000000000000000000000000000000081
:106F10000000000000000000000000000000000071
:106F20000000000000000000000000000000000061
:106F30001000000804000002100000080400000215
:106F4000100000080400000210000008000000000B
:106F500000000000000000000000000F00400040A2
:106F600000002200000000000000000000000000FF
:106F70000000000000000000000000000000000011
:106F80000000000000000000000000000000000001
:106F900000000000000000000000000000000000F1
:106FA00000000000000000000000000000000000E1
:106FB00000000000000000000000000000000000D1
:106FC00000000000000000000000000000000000C1
:106FD00000000000000000000000000000000000B1
:106FE00000000000000000000000000000000000A1
:106FF0000000000000000000000000000000000091
:107000000000000000000000000000000000000080
:107010000000000000000000000000000000000070
:107020000000000000000000000000000000000060
:107030000000000000000000000000000000000050
:107040000000000000000000000000000000000040
:107050000000000000000000000000000000000030
:107060000000000000000000000000000000000020
:107070000000000000000000000000000000000010
:107080000000000000000000000000000000000000
:1070900000000000000000000000000000000000F0
:1070A00000000000000000000000000000000000E0
:1070B00000000000000000000000000000000000D0
:1070C0000000000000FFCCCC00FF00FF00FF00FF2D
:1070D00000FF00FF00FF00FF00FF00FF00FF00FFB8
:1070E00000000000000000000000000000000000A0
:1070F0000000000000000000000000000000000090
:10710000000000000000000000000000000000007F
:10711000000000000000000000000000000000006F
:10712000000000000000000000000000000000005F
:10713000000000000000000000000000000000004F
:10714000000000000000000000000000000000003F
:10715000000000000000000000000000000000002F
:10716000000000000000000000000000000000001F
:10717000000000000000000000000000000000000F
:1071800000000000000000000000000000000000FF
:1071900000000000000000000000000000000000EF
:1071A00000000000000000000000000000000000DF
:1071B000000000000000000030008001000000021C
:1071C000200000002000000020000000200000003F
:1071D000200000002000000020000000200000002F
:1071E000200000002000000020000000200000001F
:1071F0003001400800000000000000000000000016
:10720000000000000000000000000000000000007E
:107210000000000030002001004001A130014004C6
:10722000000000000000000000000000000000005E
:1072300030002001004001A23001400400000000A5
:1072400000000000000000000000000030002001ED
:10725000004001A3300140040000000000000000D5
:10726000000000000000000030008001000000016C
:10727000200000003000200100400200200000003B
:10728000300040005000102D000000000000000001
:1072900000000000000000000000000000000000EE
:1072A00000000000000000000000000000000000DE
:1072B00000000000000000000000000000000000CE
:1072C00000000000000000000000000000000000BE
:1072D00000000000000000000000000000000000AE
:1072E000000000000000000000000000000000009E
:1072F000000000000000000000000000000000008E
:10730000000000000000000000000000000000007D
:10731000000000000000000000000000000000006D
:107320000A410000000100850A4100000001140329
:1073300002400000000010850240000000000085AF
:10734000022000000001108500000000000106205E
:10735000002058D6000000000000000000000000DF
:10736000000000000000000000000000000000001D
:10737000000000000000000000000000000000000D
:1073800000000000000000000000000000000000FD
:1073900000000000000000000000000000000000ED
:1073A00000000000000000000000000000000000DD
:1073B00000000000000000000000000000000000CD
:1073C00000000000000000000000000000000000BD
:1073D00000000000000000000000000000000000AD
:1073E000000000000000000000000000000000009D
:1073F000000000000000000000000000000000008D
:10740000000000000000000000000000000000007C
:10741000000000000000000000000000000000006C
:10742000000000000000000000000000000000005C
:10743000000000000000000000000000000000004C
:10744000000000000000000000000000000000003C
:10745000000000000000000000000000000000002C
:10746000000000000000000000000000000000001C
:10747000000000000000000000000000000000000C
:1074800000000000000000000000000000000000FC
:1074900000000000000000000000000000000000EC
:1074A00000000000000000000000000000000000DC
:1074B00000000000A7200088000001C0A7200000F5
:1074C000000000CA81200008000001408120000067
:1074D00000000140844800800000820C04480080C5
:1074E000000002080008102C00000000000000004E
:1074F000000000000000000000000000000000008C
:10750000000000000000000000000000000000007B
:10751000000000000000000000000000000000006B
:10752000000000000000000000000000000000005B
:10753000000000000000000000000000000000004B
:10754000000000000000000000000000000000003B
:10755000000000000000000000000000000000002B
:10756000000000000000000000000000000000001B
:10757000000000000000000000000000000000000B
:1075800000000000000000000000000000000000FB
:1075900000000000000000000000000000000000EB
:1075A00000000000000000000000000000000000DB
:1075B00000000000000000000000000000000000CB
:1075C00000000000000000000000000000000000BB
:1075D00000000000000000000000000000000000AB
:1075E000000000000000000000000000000000009B
:1075F000000000000000000000000000000000008B
:10760000000000000000000000000000000000007A
:10761000000000000000000000000000000000006A
:10762000000000000000000000000000000000005A
:10763000000000000000000000000000000000004A
:10764000000000000000000000000000000000003A
:10765000000000000000000000000000000000002A
:10766000000000000000000000000000000000001A
:107670000000000000000000001009680000000089
:1076800000000000000000000000000000000000FA
:1076900000000000000000000000000000000000EA
:1076A000000000000040000000000000000000009A
:1076B00000000000000000000000000000000400C6
:1076C00000000000000000000000000000000000BA
:1076D00000000000000000000000000000000000AA
:1076E000000000000000000000000000000000009A
:1076F000000000000000000000000000000000008A
:107700000000000000000000000000000000000079
:107710000000000000000000000000000000000069
:107720000000000000000000000000000000000059
:107730000000000000000000000000000000000049
:107740000000000000000000000000000000000039
:107750000000000000000000000000000000000029
:107760000000000000000000000000000000000019
:107770000000000000000000000000000000000009
:1077800000000000000000000000000000000000F9
:1077900000000000000000000000000000000000E9
:1077A00000000000000000000000000000000000D9
:1077B00000000000000000000000000000000000C9
:1077C00000000000000000000000000000000000B9
:1077D00000000000000000000000000000000000A9
:1077E0000000000000000000000000000000000099
:1077F0000000000000000000000000000400000085
:1078000000000000004000040000000002100923F6
:107810000000000000000000000000000000000068
:107820000000000000000000000000000000000058
:107830000000000000000000000000000000000048
:107840000000000000000000000000000000000038
:107850000000000000000000000000000000000028
:107860000000000000000000000000000000000018
:107870000000000000000000000000000000000008
:1078800000000000000000000000000000000000F8
:1078900000000000000000000000000000000000E8
:1078A00000000000000000000000000000000000D8
:1078B00000000000000000000000000000000000C8
:1078C00000000000000000000000000000000000B8
:1078D00000000000000000000000000000000000A8
:1078E0000000000000000000000000000000000098
:1078F0000000000000000000000000000000000088
:107900000000000000000000000000000000000077
:107910000000000000000000000000000000000067
:107920000000000000000000000000000000000057
:107930000000000000000000000000000000000047
:107940000000000000000000000000000000000037
:107950000000000000000000000000000000000027
:107960000000000000000000000000000000000017
:107970000000000000000000000000000000000007
:1079800000000000000000000000000000000000F7
:1079900000000000000000000000000000000000E7
:1079A000004009B6000000000000000000000000D8
:1079B00000000000000000000000000000000000C7
:1079C00000000000000000000000000000000000B7
:1079D00000000000000000000000000000000000A7
:1079E0000000000000000000000000000000000097
:1079F0000000000000000000000000000000000087
:107A00000000000000000000000000000000000076
:107A10000000000000000000000000000000000066
:107A20000000000000000000000000000000000056
:107A30000000000000000000000000000000000046
:107A40000000000000000000000000000000000036
:107A50000000000000000000000000000000000026
:107A60000000000000000000000000000000000016
:107A70000000000000000000000000000000000006
:107A800000000000000000000000000000000000F6
:107A900000000000000000000000000000000000E6
:107AA00000000000000000000000000000000000D6
:107AB00000000000000000000000000000000000C6
:107AC00000000000000000000000000000000000B6
:107AD00000000000000000000000000000000000A6
:107AE0000000000000000000000000000000000096
:107AF0000000000000000000000000000000000086
:107B00000000000000000000000000000000000075
:107B10000000000000000000000000000000000065
:107B20000000000002000000000000000020000231
:107B3000000000000080173A000000000000000074
:107B40000000000000000000000000000000000035
:107B50000000000000000000000000000000000025
:107B60000000000000040000000000000000000011
:107B70000000000000000000000000000000000005
:107B800000000000000000000000000000000000F5
:107B900000040000000000000000000000000000E1
:107BA00000000000000000000000000000000000D5
:107BB00000000000000000000000000000000000C5
:107BC00000000000000000000000000000000000B5
:107BD00000000000000000000000000000000000A5
:107BE0000000000000000000000000000000000095
:107BF0000000000000000000000000000000000085
:107C00000000000000000000000000000000000074
:107C10000000000000000000000000000000000064
:107C20000000000000000000000000000000000054
:107C30000000000000000000000000000000000044
:107C40000000000000000000000000000000000034
:107C50000000000000000000000000000000000024
:107C60000000000000000000000000000000000014
:107C70000000000000000000000000000000000004
:107C800000000000000000000000000000000000F4
:107C90000000000000000000800000000000000064
:107CA00000000000200000000000000000000000B4
:107CB0000000000000000000000000000080002024
:107CC00000000000004000040000097F08000000E0
:107CD00000000000000000000000000000000000A4
:107CE0000000000000000000000000000000000094
:107CF0000000000000000000000000000000000084
:107D00000000000000000000000000000000000073
:107D10000000000000000000000000000000000063
:107D20000000000000000000000000000000000053
:107D30000000000000000000000000000000000043
:107D40000000000000000000000000000000000033
:107D50000000000000000000000000000000000023
:107D60000000000000000000000000000000000013
:107D70000000000000000000000000000000000003
:107D800000000000000000000000000000000000F3
:107D900000000000000000000000000000000000E3
:107DA00000000000000000000000000000000000D3
:107DB00000000000000000000000000000000000C3
:107DC00000000000000000000000000000000000B3
:107DD00000000000000000000000000000000000A3
:107DE0000000000000000000000000000000000093
:107DF0000000000000000000000000000000000083
:107E00000000000000000000000000000000000072
:107E10000000000000000000000000000000000062
:107E200000000000000000000000000004104001FD
:107E300000000000000140004000040001100000AC
:107E400000000000400000000000000000040000EE
:107E500004000000000000010080000800001698E7
:107E60000000000000000000000000000000000012
:107E70000000000000000000000000000000000002
:107E8000000000000000000000800000000800006A
:107E900000000000000000000000000000000000E2
:107EA00000000800000000000000000000000000CA
:107EB00000000000000000000008000000000000BA
:107EC00000000000000000000000000000000000B2
:107ED00000000000000000000000000000000000A2
:107EE0000000000000000000000000000000000092
:107EF0000000000000000000000000000000000082
:107F00000000000000000000000000000000000071
:107F10000000000000000000000000000000000061
:107F20000000000000000000000000000000000051
:107F30000000000000000000000000000000000041
:107F40000000000000000000000000000000000031
:107F50000000000000000000000000000000000021
:107F60000000000000000000000000000000000011
:107F70000000000000000000000000000000000001
:107F800000000000000000000000000000000000F1
:107F900000000000000000000000000000000000E1
:107FA00000000000000000000000000000000000D1
:107FB00000000000000000000000000000010001BF
:107FC00000000008888000500200024000004000CD
:107FD00040080102080001400020000200000000EB
:107FE000000000020001000000000000001000007E
:107FF000000001BA000000000000000000000000C6
:108000000000000000000000000000000000000070
:108010000000000000000000000000000000000060
:108020000000000000000000000000000000000050
:108030000000000000000000000000000000000040
:108040000000000000000000000000000000000030
:108050000000000000000000000000000000000020
:108060000000000000000000000000000000000010
:108070000000000000000000000000000000000000
:1080800000000000000000000000000000000000F0
:1080900000000000000000000000000000000000E0
:1080A00000000000000000000000000000000000D0
:1080B00000000000000000000000000000000000C0
:1080C00000000000000000000000000000000000B0
:1080D00000000000000000000000000000000000A0
:1080E0000000000000000000000000000000000090
:1080F0000000000000000000000000000000000080
:10810000000000000000000000000000000000006F
:10811000000000000000000000000000000000005F
:10812000000000000000000000000000000000004F
:10813000000000000000000000000000000000003F
:10814000000000000000000000000000000000002F
:10815000000000000000008100000000000020007E
:10816000000000800000000000000200000000008D
:1081700000000000000000040000000000000800F3
:10818000000000000000186D00000000000000006A
:1081900000000000000000000000000000000000DF
:1081A00000000000000000000000000000000000CF
:1081B00000000000000000000000000000000000BF
:1081C00000000000000000000000000000000000AF
:1081D000000000000000000000000000000000009F
:1081E000000000000000000000000000000000008F
:1081F000000000000000000000000000000000007F
:10820000000000000000000000000000000000006E
:10821000000000000000000000000000000000005E
:10822000000000000000000000000000000000004E
:10823000000000000000000000000000000000003E
:10824000000000000000000000000000000000002E
:10825000000000000000000000000000000000001E
:10826000000000000000000000000000000000000E
:1082700000000000000000000000000000000000FE
:1082800000000000000000000000000000000000EE
:1082900000000000000000000000000000000000DE
:1082A00000000000000000000000000000000000CE
:1082B00000000000000000000000000000000000BE
:1082C00000000000000000000000000000000000AE
:1082D000000000000000000000000000000000009E
:1082E0000000000000000000200000002000001836
:1082F000001400040220040000000000000200003E
:108300000000000000000000000000100000000459
:10831000000002400200000000001BA80000000056
:10832000000000000000100000000000000000003D
:10833000000000000000000000000000000000003D
:10834000000000000000000000000000000000002D
:10835000000000000000000000000000000000001D
:10836000000000000000000000000000000000000D
:1083700000000000000000000000000000000000FD
:1083800000000000000000000000000000000000ED
:1083900000000000000000000000000000000000DD
:1083A00000000000000000000000000000000000CD
:1083B00000000000000000000000000000000000BD
:1083C00000000000000000000000000000000000AD
:1083D000000000000000000000000000000000009D
:1083E000000000000000000000000000000000008D
:1083F000000000000000000000000000000000007D
:10840000000000000000000000000000000000006C
:10841000000000000000000000000000000000005C
:10842000000000000000000000000000000000004C
:10843000000000000000000000000000000000003C
:10844000000000000000000000000000000000002C
:10845000000000000000000000000000000000001C
:10846000000000000000000000000000000000000C
:1084700000000000080000002000008000020880CA
:10848000000000020080000000002080000080004A
:10849000000108000000828000020002000001A02C
:1084A00080000000000000008000000000001FB0FD
:1084B000800000000000000000000000000000003C
:1084C00000000000000000000000000000000000AC
:1084D000000000000000000000000000000000009C
:1084E000000000000000000000000000000000008C
:1084F000000000000000000000000000000000007C
:10850000000000000000000000000000000000006B
:10851000000000000000000000000000000000005B
:10852000000000000000000000000000000000004B
:10853000000000000000000000000000000000003B
:10854000000000000000000000000000000000002B
:10855000000000000000000000000000000000001B
:10856000000000000000000000000000000000000B
:1085700000000000000000000000000000000000FB
:1085800000000000000000000000000000000000EB
:1085900000000000000000000000000000000000DB
:1085A00000000000000000000000000000000000CB
:1085B00000000000000000000000000000000000BB
:1085C00000000000000000000000000000000000AB
:1085D000000000000000000000000000000000009B
:1085E000000000000000000000000000000000008B
:1085F000000000000000000000000000000000007B
:10860000000000000000000000000000000000006A
:1086100040000000000000000014000400000400FE
:108620000000000000010000000000020000000047
:1086300000000000004000040000044000000000B2
:108640000000012304000000000000000000000002
:10865000000000000000000000000000000000001A
:10866000000000000000000000000000000000000A
:1086700000000000000000000000000000000000FA
:1086800000000000000000000000000000000000EA
:1086900000000000000000000000000000000000DA
:1086A00000000000000000000000000000000000CA
:1086B00000000000000000000000000000000000BA
:1086C00000000000000000000000000000000000AA
:1086D000000000000000000000000000000000009A
:1086E000000000000000000000000000000000008A
:1086F000000000000000000000000000000000007A
:108700000000000000000000000000000000000069
:108710000000000000000000000000000000000059
:108720000000000000000000000000000000000049
:108730000000000000000000000000000000000039
:108740000000000000000000000000000000000029
:108750000000000000000000000000000000000019
:108760000000000000000000000000000000000009
:1087700000000000000000000000000000000000F9
:1087800000000000000000000000000000000000E9
:1087900000000000000000000000000008000000D1
:1087A00020000002000008020000002802800200F1
:1087B00082208880802000020002088000000000E3
:1087C000000200020008000000000000000000029B
:1087D0000020000000000C1100000000000000005C
:1087E0000000100000000000000000000000000079
:1087F0000000000000000000000000000000000079
:108800000000000000000000000000000000000068
:108810000000000000000000000000000000000058
:108820000000000000000000000000000000000048
:108830000000000000000000000000000000000038
:108840000000000000000000000000000000000028
:108850000000000000000000000000000000000018
:108860000000000000000000000000000000000008
:1088700000000000000000000000000000000000F8
:1088800000000000000000000000000000000000E8
:1088900000000000000000000000000000000000D8
:1088A00000000000000000000000000000000000C8
:1088B00000000000000000000000000000000000B8
:1088C00000000000000000000000000000000000A8
:1088D0000000000000000000000000000000000098
:1088E0000000000000000000000000000000000088
:1088F0000000000000000000000000000000000078
:108900000000000000000000000000000000000067
:108910000000000000000000000000000000000057
:108920000000000000000000000000000000000047
:108930000000000000000000282200802880008243
:10894000000280800000000002088200080002008F
:108950000000820000000000000000A28002000071
:1089600000000000000000000000013E00000000C8
:1089700000000000000000000000000000000000F7
:1089800000000000000000000000000000000000E7
:1089900000000000000000000000000000000000D7
:1089A00000000000000000000000000000000000C7
:1089B00000000000000000000000000000000000B7
:1089C00000000000000000000000000000000000A7
:1089D0000000000000000000000000000000000097
:1089E0000000000000000000000000000000000087
:1089F0000000000000000000000000000000000077
:108A00000000000000000000000000000000000066
:108A10000000000000000000000000000000000056
:108A20000000000000000000000000000000000046
:108A30000000000000000000000000000000000036
:108A40000000000000000000000000000000000026
:108A50000000000000000000000000000000000016
:108A60000000000000000000000000000000000006
:108A700000000000000000000000000000000000F6
:108A800000000000000000000000000000000000E6
:108A900000000000000000000000000000000000D6
:108AA00000000000000000000000000000000000C6
:108AB00000000000000000000000000000000000B6
:108AC000000000000000000000020080000080495B
:108AD0008000001000001000100020400000000086
:108AE0000000010080200080000000000000011450
:108AF0000800001000000200820000000000095879
:108B000080000000000000000000000000000000E5
:108B10000000000000000000000000000000000055
:108B20000000000000000000000000000000000045
:108B30000000000000000000000000000000000035
:108B40000000000000000000000000000000000025
:108B50000000000000000000000000000000000015
:108B60000000000000000000000000000000000005
:108B700000000000000000000000000000000000F5
:108B800000000000000000000000000000000000E5
:108B900000000000000000000000000000000000D5
:108BA00000000000000000000000000000000000C5
:108BB00000000000000000000000000000000000B5
:108BC00000000000000000000000000000000000A5
:108BD0000000000000000000000000000000000095
:108BE0000000000000000000000000000000000085
:108BF0000000000000000000000000000000000075
:108C00000000000000000000000000000000000064
:108C10000000000000000000000000000000000054
:108C20000000000000000000000000000000000044
:108C30000000000000000000000000000000000034
:108C40000000000000000000000000000000000024
:108C50000000000000000000000000000000000014
:108C60004009080000100080101A020608440000A5
:108C70000000100000002000008004000000000040
:108C800000000002000008000408000000000000CE
:108C9000000010E5000000000000000000000000DF
:108CA00000000000000000000000000000000000C4
:108CB00000000000000000000000000000000000B4
:108CC00000000000000000000000000000000000A4
:108CD0000000000000000000000000000000000094
:108CE0000000000000000000000000000000000084
:108CF0000000000000000000000000000000000074
:108D00000000000000000000000000000000000063
:108D10000000000000000000000000000000000053
:108D20000000000000000000000000000000000043
:108D30000000000000000000000000000000000033
:108D40000000000000000000000000000000000023
:108D50000000000000000000000000000000000013
:108D60000000000000000000000000000000000003
:108D700000000000000000000000000000000000F3
:108D800000000000000000000000000000000000E3
:108D900000000000000000000000000000000000D3
:108DA00000000000000000000000000000000000C3
:108DB00000000000000000000000000000000000B3
:108DC00000000000000000000000000000000000A3
:108DD0000000000000000000000000000000000093
:108DE0000000000000000000000000000000000083
:108DF000000000000080041804040002020050007B
:108E00002200010000508000000000000204000069
:108E100000000000040002000000000000820200C8
:108E2000000000000000197E0000000000000000AB
:108E30000000000000000000000000000000000032
:108E40000000000000000000000000000000000022
:108E50000000000000000000000000000000000012
:108E60000000000000000000000000000000000002
:108E700000000000000000000000000000000000F2
:108E800000000000000000000000000000000000E2
:108E900000000000000000000000000000000000D2
:108EA00000000000000000000000000000000000C2
:108EB00000000000000000000000000000000000B2
:108EC00000000000000000000000000000000000A2
:108ED0000000000000000000000000000000000092
:108EE0000000000000000000000000000000000082
:108EF0000000000000000000000000000000000072
:108F00000000000000000000000000000000000061
:108F10000000000000000000000000000000000051
:108F20000000000000000000000000000000000041
:108F30000000000000000000000000000000000031
:108F40000000000000000000000000000000000021
:108F50000000000000000000000000000000000011
:108F60000000000000000000000000000000000001
:108F700000000000000000000000000000000000F1
:108F80000000000000000000000060000041200020
:108F900000000400000010000008000000080000AD
:108FA0000000000000000000004010000000080069
:108FB000000004100100000000000809000000008B
:108FC00000000000000000000000000000000000A1
:108FD0000000000000000000000000000000000091
:108FE0000000000000000000000000000000000081
:108FF0000000000000000000000000000000000071
:109000000000000000000000000000000000000060
:109010000000000000000000000000000000000050
:109020000000000000000000000000000000000040
:109030000000000000000000000000000000000030
:109040000000000000000000000000000000000020
:109050000000000000000000000000000000000010
:109060000000000000000000000000000000000000
:1090700000000000000000000000000000000000F0
:1090800000000000000000000000000000000000E0
:1090900000000000000000000000000000000000D0
:1090A00000000000000000000000000000000000C0
:1090B00000000000000000000000000000000000B0
:1090C00000000000000000000000000000000000A0
:1090D0000000000000000000000000000000000090
:1090E0000000000000000000000000000000000080
:1090F0000000000000000000000000000000000070
:10910000000000000000000000000000000000005F
:1091100000000000000000000000000000081080B7
:1091200020100004008000040800040900008005ED
:1091300004210000000000000000000020000000EA
:10914000082000002000000000000000000000488F
:10915000000000000000000000000000000000000F
:1091600000000000000000000000000000000000FF
:1091700000000000000000000000000000000000EF
:1091800000000000000000000000000000000000DF
:1091900000000000000000000000000000000000CF
:1091A00000000000000000000000000000000000BF
:1091B00000000000000000000000000000000000AF
:1091C000000000000000000000000000000000009F
:1091D000000000000000000000000000000000008F
:1091E000000000000000000000000000000000007F
:1091F000000000000000000000000000000000006F
:10920000000000000000000000000000000000005E
:10921000000000000000000000000000000000004E
:10922000000000000000000000000000000000003E
:10923000000000000000000000000000000000002E
:10924000000000000000000000000000000000001E
:10925000000000000000000000000000000000000E
:1092600000000000000000000000000000000000FE
:1092700000000000000000000000000000000000EE
:1092800000000000000000000000000000000000DE
:1092900000000000000000000000000000000000CE
:1092A00000000000000000000000000000000000BE
:1092B00088100002000800408800200000020029F9
:1092C000080020000000000800000002000000006C
:1092D0000A00000000040080000000040400800078
:1092E0000000112E0000000000000000000000003F
:1092F000000000000000000000000000000000006E
:10930000000000000000000000000000000000005D
:10931000000000000000000000000000000000004D
:10932000000000000000000000000000000000003D
:10933000000000000000000000000000000000002D
:10934000000000000000000000000000000000001D
:10935000000000000000000000000000000000000D
:1093600000000000000000000000000000000000FD
:1093700000000000000000000000000000000000ED
:1093800000000000000000000000000000000000DD
:1093900000000000000000000000000000000000CD
:1093A00000000000000000000000000000000000BD
:1093B00000000000000000000000000000000000AD
:1093C000000000000000000000000000000000009D
:1093D000000000000000000000000000000000008D
:1093E000000000000000000000000000000000007D
:1093F000000000000000000000000000000000006D
:10940000000000000000000000000000000000005C
:10941000000000000000000000000000000000004C
:10942000000000000000000000000000000000003C
:10943000000000000000000000000000000000002C
:1094400000000000020000A00001C9150400040093
:1094500000100200020004000000090000000000EB
:10946000000200008014141400828100000000003B
:10947000000810010000118400000000000000003E
:1094800000000000000000000000000000000000DC
:1094900000000000000000000000000000000000CC
:1094A00000000000000000000000000000000000BC
:1094B00000000000000000000000000000000000AC
:1094C000000000000000000000000000000000009C
:1094D000000000000000000000000000000000008C
:1094E000000000000000000000000000000000007C
:1094F000000000000000000000000000000000006C
:10950000000000000000000000000000000000005B
:10951000000000000000000000000000000000004B
:10952000000000000000000000000000000000003B
:10953000000000000000000000000000000000002B
:10954000000000000000000000000000000000001B
:10955000000000000000000000000000000000000B
:1095600000000000000000000000000000000000FB
:1095700000000000000000000000000000000000EB
:1095800000000000000000000000000000000000DB
:1095900000000000000000000000000000000000CB
:1095A00000000000000000000000000000000000BB
:1095B00000000000000000000000000000000000AB
:1095C000000000000000000000000000000000009B
:1095D00000000000000000000080A01804A250015C
:1095E0008402500E2C40200500544002000400006C
:1095F0000000000000000000001430000000010026
:1096000000000000000010000000084400000000FE
:10961000000000000000000000000000000000004A
:10962000000000000000000000000000000000003A
:10963000000000000000000000000000000000002A
:10964000000000000000000000000000000000001A
:10965000000000000000000000000000000000000A
:1096600000000000000000000000000000000000FA
:1096700000000000000000000000000000000000EA
:1096800000000000000000000000000000000000DA
:1096900000000000000000000000000000000000CA
:1096A00000000000000000000000000000000000BA
:1096B00000000000000000000000000000000000AA
:1096C000000000000000000000000000000000009A
:1096D000000000000000000000000000000000008A
:1096E000000000000000000000000000000000007A
:1096F000000000000000000000000000000000006A
:109700000000000000000000000000000000000059
:109710000000000000000000000000000000000049
:109720000000000000000000000000000000000039
:109730000000000000000000000000000000000029
:109740000000000000000000000000000000000019
:109750000000000000000000000000000000000009
:109760000000000000000000000000008A1C00A2B1
:10977000101C008A1A5808000000012A0A009000F4
:109780000812200800800002000000009A800002F9
:1097900004100480140A082402008000000009A1BB
:1097A00000000000000000000000000000000000B9
:1097B00000000000000000000000000000000000A9
:1097C0000000000000000000000000000000000099
:1097D0000000000000000000000000000000000089
:1097E0000000000000000000000000000000000079
:1097F0000000000000000000000000000000000069
:109800000000000000000000000000000000000058
:109810000000000000000000000000000000000048
:109820000000000000000000000000000000000038
:109830000000000000000000000000000000000028
:109840000000000000000000000000000000000018
:109850000000000000000000000000000000000008
:1098600000000000000000000000000000000000F8
:1098700000000000000000000000000000000000E8
:1098800000000000000000000000000000000000D8
:1098900000000000000000000000000000000000C8
:1098A00000000000000000000000000000000000B8
:1098B00000000000000000000000000000000000A8
:1098C0000000000000000000000000000000000098
:1098D0000000000000000000000000000000000088
:1098E0000000000000000000000000000000000078
:1098F0000000000000000000000000000000000068
:10990000CA9DB4FA14BF599F9E5A5C0E2E54232F41
:109910000A54D40208162108008000020002000048
:109920009A94361604948580148A0A2406089001B5
:1099300000001049000000000000000000000000CE
:109940000000000000000000000000000000000017
:109950000000000000000000000000000000000007
:1099600000000000000000000000000000000000F7
:1099700000000000000000000000000000000000E7
:1099800000000000000000000000000000000000D7
:1099900000000000000000000000000000000000C7
:1099A00000000000000000000000000000000000B7
:1099B00000000000000000000000000000000000A7
:1099C0000000000000000000000000000000000097
:1099D0000000000000000000000000000000000087
:1099E0000000000000000000000000000000000077
:1099F0000000000000000000000000000000000067
:109A00000000000000000000000000000000000056
:109A10000000000000000000000000000000000046
:109A20000000000000000000000000000000000036
:109A30000000000000000000000000000000000026
:109A40000000000000000000000000000000000016
:109A50000000000000000000000000000000000006
:109A600000000000000000000000000000000000F6
:109A700000000000000000000000000000000000E6
:109A800000000000000000000000000000000000D6
:109A9000000000008A9CA8BA14BED0CB9E5A7A0E51
:109AA0002C42292F0A54F00A0816280802840402BE
:109AB000000000009E94300204120D80140A082455
:109AC00002009000000000DD000000000000000027
:109AD0000000000000000000000000000000000086
:109AE0000000000000000000000000000000000076
:109AF0000000000000000000000000000000000066
:109B00000000000000000000000000000000000055
:109B10000000000000000000000000000000000045
:109B20000000000000000000000000000000000035
:109B30000000000000000000000000000000000025
:109B40000000000000000000000000000000000015
:109B50000000000000000000000000000000000005
:109B600000000000000000000000000000000000F5
:109B700000000000000000000000000000000000E5
:109B800000000000000000000000000000000000D5
:109B900000000000000000000000000000000000C5
:109BA00000000000000000000000000000000000B5
:109BB00000000000000000000000000000000000A5
:109BC0000000000000000000000000000000000095
:109BD0000000000000000000000000000000000085
:109BE0000000000000000000000000000000000075
:109BF0000000000000000000000000000000000065
:109C00000000000000000000000000000000000054
:109C10000000000000000000000000000000000044
:109C2000000000000000000005700730000005057E
:109C300013447FFF7FFF114C00005F00FFFF114CBA
:109C4000000020200000000055FF00000000000080
:109C50000000000000000000000018DC0000000010
:109C600000000000000000000000000000000000F4
:109C700000000000000000000000000000000000E4
:109C800000000000000000000000000000000000D4
:109C900000000000000000000000000000000000C4
:109CA00000000000000000000000000000000000B4
:109CB00000000000000000000000000000000000A4
:109CC0000000000000000000000000000000000094
:109CD0000000000000000000000000000000000084
:109CE0000000000000000000000000000000000074
:109CF0000000000000000000000000000000000064
:109D00000000000000000000000000000000000053
:109D10000000000000000000000000000000000043
:109D20000000000000000000000000000000000033
:109D30000000000000000000000000000000000023
:109D40000000000000000000000000000000000013
:109D50000000000000000000000000000000000003
:109D600000000000000000000000000000000000F3
:109D700000000000000000000000000000000000E3
:109D800000000000000000000000000000000000D3
:109D900000000000000000000000000000000000C3
:109DA00000000000000000000000000000000000B3
:109DB00000000000000000000000000055007700D7
:109DC000000055555F00FFFFFFFF334CCC5F00776D
:109DD00000FF334C000020200000000055FF000071
:109DE00000000F000000000000000000000000481C
:109DF0000000000000000000000000000000000063
:109E00000000000000000000000000000000000052
:109E10000000000000000000000000000000000042
:109E20000000000000000000000000000000000032
:109E30000000000000000000000000000000000022
:109E40000000000000000000000000000000000012
:109E50000000000000000000000000000000000002
:109E600000000000000000000000000000000000F2
:109E700000000000000000000000000000000000E2
:109E800000000000000000000000000000000000D2
:109E900000000000000000000000000000000000C2
:109EA00000000000000000000000000000000000B2
:109EB00000000000000000000000000000000000A2
:109EC0000000000000000000000000000000000092
:109ED0000000000000000000000000000000000082
:109EE0000000000000000000000000000000000072
:109EF0000000000000000000000000000000000062
:109F00000000000000000000000000000000000051
:109F10000000000000000000000000000000000041
:109F20000000000000000000000000000000000031
:109F30000000000000000000000000000000000021
:109F40000000000000000000000000000000000011
:109F5000FF007700000055555F00FFFFFFFFFF0087
:109F6000FF5F007700FFFF000000FFFF0000000020
:109F700050FF011000000F0F000000000000000063
:109F80000000100E000000000000000000000000B3
:109F900000000000000000000000000000000000C1
:109FA00000000000000000000000000000000000B1
:109FB00000000000000000000000000000000000A1
:109FC0000000000000000000000000000000000091
:109FD0000000000000000000000000000000000081
:109FE0000000000000000000000000000000000071
:109FF0000000000000000000000000000000000061
:10A000000000000000000000000000000000000050
:10A010000000000000000000000000000000000040
:10A020000000000000000000000000000000000030
:10A030000000000000000000000000000000000020
:10A040000000000000000000000000000000000010
:10A050000000000000000000000000000000000000
:10A0600000000000000000000000000000000000F0
:10A0700000000000000000000000000000000000E0
:10A0800000000000000000000000000000000000D0
:10A0900000000000000000000000000000000000C0
:10A0A00000000000000000000000000000000000B0
:10A0B00000000000000000000000000000000000A0
:10A0C0000000000000000000000000000000000090
:10A0D0000000000000000000000000000000000080
:10A0E000000000000F7007F00000555513CC7FFFF3
:10A0F000FFFF5500FF5F007700FF550000002020A4
:10A100000000000055FF00000000000F00000000EC
:10A11000000000000000000000000000000000003F
:10A12000000000000000000000000000000000002F
:10A13000000000000000000000000000000000001F
:10A14000000000000000000000000000000000000F
:10A1500000000000000000000000000000000000FF
:10A1600000000000000000000000000000000000EF
:10A1700000000000000000000000000000000000DF
:10A1800000000000000000000000000000000000CF
:10A1900000000000000000000000000000000000BF
:10A1A00000000000000000000000000000000000AF
:10A1B000000000000000000000000000000000009F
:10A1C000000000000000000000000000000000008F
:10A1D000000000000000000000000000000000007F
:10A1E000000000000000000000000000000000006F
:10A1F000000000000000000000000000000000005F
:10A20000000000000000000000000000000000004E
:10A21000000000000000000000000000000000003E
:10A22000000000000000000000000000000000002E
:10A23000000000000000000000000000000000001E
:10A24000000000000000000000000000000000000E
:10A2500000000000000000000000000000000000FE
:10A2600000000000000000000000000000000000EE
:10A270000000000000000000640014B82004001674
:10A28000200010180000020400000030000002044A
:10A2900000000010000000004188129820040AC647
:10A2A0004188128800000042000001AD000000005B
:10A2B000000000000000000000000000000000009E
:10A2C000000000000000000000000000000000008E
:10A2D000000000000000000000000000000000007E
:10A2E000000000000000000000000000000000006E
:10A2F000000000000000000000000000000000005E
:10A30000000000000000000000000000000000004D
:10A31000000000000000000000000000000000003D
:10A32000000000000000000000000000000000002D
:10A33000000000000000000000000000000000001D
:10A34000000000000000000000000000000000000D
:10A3500000000000000000000000000000000000FD
:10A3600000000000000000000000000000000000ED
:10A3700000000000000000000000000000000000DD
:10A3800000000000000000000000000000000000CD
:10A3900000000000000000000000000000000000BD
:10A3A00000000000000000000000000000000000AD
:10A3B000000000000000000000000000000000009D
:10A3C000000000000000000000000000000000008D
:10A3D000000000000000000000000000000000007D
:10A3E000000000000000000000000000000000006D
:10A3F000000000000000000000000000000000005D
:10A40000000000000000000000000000718881785A
:10A4100004000016618800080000141461308130C7
:10A420000100141400008010000000001140805949
:10A43000040016161040004800000002000010AE94
:10A44000000000000000000000000000000000000C
:10A4500000000000000000000000000000000000FC
:10A4600000000000000000000000000000000000EC
:10A4700000000000000000000000000000000000DC
:10A4800000000000000000000000000000000000CC
:10A4900000000000000000000000000000000000BC
:10A4A00000000000000000000000000000000000AC
:10A4B000000000000000000000000000000000009C
:10A4C000000000000000000000000000000000008C
:10A4D000000000000000000000000000000000007C
:10A4E000000000000000000000000000000000006C
:10A4F000000000000000000000000000000000005C
:10A50000000000000000000000000000000000004B
:10A51000000000000000000000000000000000003B
:10A52000000000000000000000000000000000002B
:10A53000000000000000000000000000000000001B
:10A54000000000000000000000000000000000000B
:10A5500000000000000000000000000000000000FB
:10A5600000000000000000000000000000000000EB
:10A5700000000000000000000000000000000000DB
:10A5800000000000000000000000000000000000CB
:10A5900000000000000000000000000000000000BB
:10A5A000050500FF0000111177FF57FF00000000B4
:10A5B000000000000000000000000000000000009B
:10A5C000000000030000FFFF00003F0000004444C3
:10A5D0000000186D000000000000000000000000F6
:10A5E000000000000000000000000000000000006B
:10A5F000000000000000000000000000000000005B
:10A60000000000000000000000000000000000004A
:10A61000000000000000000000000000000000003A
:10A62000000000000000000000000000000000002A
:10A63000000000000000000000000000000000001A
:10A64000000000000000000000000000000000000A
:10A6500000000000000000000000000000000000FA
:10A6600000000000000000000000000000000000EA
:10A6700000000000000000000000000000000000DA
:10A6800000000000000000000000000000000000CA
:10A6900000000000000000000000000000000000BA
:10A6A00000000000000000000000000000000000AA
:10A6B000000000000000000000000000000000009A
:10A6C000000000000000000000000000000000008A
:10A6D000000000000000000000000000000000007A
:10A6E000000000000000000000000000000000006A
:10A6F000000000000000000000000000000000005A
:10A700000000000000000000000000000000000049
:10A710000000000000000000000000000000000039
:10A720000000000000000000000000000000000029
:10A7300000000000054500FF33000A0AFFFF57FF35
:10A740000000000000000000000000000000000009
:10A75000000000000F0000030000FFFF00003F00AA
:10A760000000FFFF0000005F00000000000000008C
:10A7700000000000000000000000000000000000D9
:10A7800000000000000000000000000000000000C9
:10A7900000000000000000000000000000000000B9
:10A7A00000000000000000000000000000000000A9
:10A7B0000000000000000000000000000000000099
:10A7C0000000000000000000000000000000000089
:10A7D0000000000000000000000000000000000079
:10A7E0000000000000000000000000000000000069
:10A7F0000000000000000000000000000000000059
:10A800000000000000000000000000000000000048
:10A810000000000000000000000000000000000038
:10A820000000000000000000000000000000000028
:10A830000000000000000000000000000000000018
:10A840000000000000000000000000000000000008
:10A8500000000000000000000000000000000000F8
:10A8600000000000000000000000000000000000E8
:10A8700000000000000000000000000000000000D8
:10A8800000000000000000000000000000000000C8
:10A8900000000000000000000000000000000000B8
:10A8A00000000000000000000000000000000000A8
:10A8B0000000000000000000000000000000000098
:10A8C0000000000000000000054500FF55005F5F2C
:10A8D000FFFFFFFF0000000000000000000000007C
:10A8E00000000000000000000F0F0F030000FFFF3A
:10A8F00022333B050000FFFF0000115A000000005A
:10A900000000000000000000000000000000000047
:10A910000000000000000000000000000000000037
:10A920000000000000000000000000000000000027
:10A930000000000000000000000000000000000017
:10A940000000000000000000000000000000000007
:10A9500000000000000000000000000000000000F7
:10A9600000000000000000000000000000000000E7
:10A9700000000000000000000000000000000000D7
:10A9800000000000000000000000000000000000C7
:10A9900000000000000000000000000000000000B7
:10A9A00000000000000000000000000000000000A7
:10A9B0000000000000000000000000000000000097
:10A9C0000000000000000000000000000000000087
:10A9D0000000000000000000000000000000000077
:10A9E0000000000000000000000000000000000067
:10A9F0000000000000000000000000000000000057
:10AA00000000000000000000000000000000000046
:10AA10000000000000000000000000000000000036
:10AA20000000000000000000000000000000000026
:10AA30000000000000000000000000000000000016
:10AA40000000000000000000000000000000000006
:10AA5000000000000000000000000000050500FFED
:10AA600000001111FFFF57FF000000000000000070
:10AA7000000000000000000000000000000F0F03B5
:10AA80000000FFFF22003F05000044440000086F63
:10AA900000000000000000000000000000000000B6
:10AAA00000000000000000000000000000000000A6
:10AAB0000000000000000000000000000000000096
:10AAC0000000000000000000000000000000000086
:10AAD0000000000000000000000000000000000076
:10AAE0000000000000000000000000000000000066
:10AAF0000000000000000000000000000000000056
:10AB00000000000000000000000000000000000045
:10AB10000000000000000000000000000000000035
:10AB20000000000000000000000000000000000025
:10AB30000000000000000000000000000000000015
:10AB40000000000000000000000000000000000005
:10AB500000000000000000000000000000000000F5
:10AB600000000000000000000000000000000000E5
:10AB700000000000000000000000000000000000D5
:10AB800000000000000000000000000000000000C5
:10AB900000000000000000000000000000000000B5
:10ABA00000000000000000000000000000000000A5
:10ABB0000000000000000000000000000000000095
:10ABC0000000000000000000000000000000000085
:10ABD0000000000000000000000000000000000075
:10ABE0000000000000000000024208000000009188
:10ABF0000A420800000106B10A4208000001009163
:10AC00000A420800000100910A420800000006B54F
:10AC100002420800000000950A4208000001009569
:10AC20000000065B024208000000009500000000E2
:10AC30000000000000000000000000000000000014
:10AC40000000000000000000000000000000000004
:10AC500000000000000000000000000000000000F4
:10AC600000000000000000000000000000000000E4
:10AC700000000000000000000000000000000000D4
:10AC800000000000000000000000000000000000C4
:10AC900000000000000000000000000000000000B4
:10ACA00000000000000000000000000000000000A4
:10ACB0000000000000000000000000000000000094
:10ACC0000000000000000000000000000000000084
:10ACD0000000000000000000000000000000000074
:10ACE0000000000000000000000000000000000064
:10ACF0000000000000000000000000000000000054
:10AD00000000000000000000000000000000000043
:10AD10000000000000000000000000000000000033
:10AD20000000000000000000000000000000000023
:10AD30000000000000000000000000000000000013
:10AD40000000000000000000000000000000000003
:10AD500000000000000000000000000000000000F3
:10AD600000000000000000000000000000000000E3
:10AD700000000000000000000000000081206000D2
:10AD800000000020A7206080000002A8A728600023
:10AD90000000022CA720608000000020A720600097
:10ADA000000003488120600000000140A728608067
:10ADB000000081400000097981206000000001400E
:10ADC0000000000000000000000000000000000083
:10ADD0000000000000000000000000000000000073
:10ADE0000000000000000000000000000000000063
:10ADF0000000000000000000000000000000000053
:10AE00000000000000000000000000000000000042
:10AE10000000000000000000000000000000000032
:10AE20000000000000000000000000000000000022
:10AE30000000000000000000000000000000000012
:10AE40000000000000000000000000000000000002
:10AE500000000000000000000000000000000000F2
:10AE600000000000000000000000000000000000E2
:10AE700000000000000000000000000000000000D2
:10AE800000000000000000000000000000000000C2
:10AE900000000000000000000000000000000000B2
:10AEA00000000000000000000000000000000000A2
:10AEB0000000000000000000000000000000000092
:10AEC0000000000000000000000000000000000082
:10AED0000000000000000000000000000000000072
:10AEE0000000000000000000000000000000000062
:10AEF0000000000000000000000000000000000052
:10AF00000000000000000000000000000000000041
:10AF10000000000000000000000000000000000031
:10AF20000000000000000000000000000000000021
:10AF3000000002000000000000000000000000000F
:10AF40000000000000000000000018E90000000000
:10AF500000000000000000000000000000000000F1
:10AF600000000000000000000000000000000000E1
:10AF700000000000000000000000000000000000D1
:10AF800000000000000000000000000000000000C1
:10AF900000000000000000000000000000000000B1
:10AFA00000000000000000000000000000000000A1
:10AFB0000000000000000000000000000000000091
:10AFC0000000000000000000000000000000000081
:10AFD0000000000000000000000000000000000071
:10AFE0000000000000000000000000000000000061
:10AFF0000000000000000000000000000000000051
:10B000000000000000000000000000000000000040
:10B010000000000000000000000000000000000030
:10B020000000000000000000000000000000000020
:10B030000000000000000000000000000000000010
:10B040000000000000000000000000000000000000
:10B0500000000000000000000000000000000000F0
:10B0600000000000000000000000000000000000E0
:10B0700000000000000000000000000000000000D0
:10B0800000000000000000000000000000000000C0
:10B0900000000000000000000000000000000000B0
:10B0A00000000000000000000000000000000000A0
:10B0B0000000000000000000000000000000000090
:10B0C000000000000000020000000000000000007E
:10B0D0000000000000000000000000000000010768
:10B0E0000000000000004000000000000000000020
:10B0F0000000000000000000000000000000000050
:10B10000000000000000000000000000000000003F
:10B11000000000000000000000000000000000002F
:10B12000000000000000000000000000000000001F
:10B13000000000000000000000000000000000000F
:10B1400000000000000000000000000000000000FF
:10B1500000000000000000000000000000000000EF
:10B1600000000000000000000000000000000000DF
:10B1700000000000000000000000000000000000CF
:10B1800000000000000000000000000000000000BF
:10B1900000000000000000000000000000000000AF
:10B1A000000000000000000000000000000000009F
:10B1B000000000000000000000000000000000008F
:10B1C000000000000000000000000000000000007F
:10B1D000000000000000000000000000000000006F
:10B1E000000000000000000000000000000000005F
:10B1F000000000000000000000000000000000004F
:10B20000000000000000000000000000000000003E
:10B21000000000000000000000000000000000002E
:10B22000000000000000000000000000000000001E
:10B23000000000000000000000000000000000000E
:10B2400000000000000000000000000000000000FE
:10B2500000000000000000000000000000000000EE
:10B2600000000000000000000000000000000000DE
:10B2700000000000000000000000000000000000CE
:10B2800000000000000000000000000000000000BE
:10B2900000000000000000000000000000000000AE
:10B2A000000000000000000000000000000000009E
:10B2B000000000000000000000000000000000008E
:10B2C000000000000000000000000000000000007E
:10B2D000000000000000000000000000000000006E
:10B2E000000000000000000000000000000000005E
:10B2F000000000000000000000000000000000004E
:10B30000000000000000000000000000000000003D
:10B31000000000000000000000000000000000002D
:10B32000000000000000000000000000000000001D
:10B33000000000000000000000000000300080015C
:10B3400000000001200000003000200100400285C4
:10B350002000000030004000500008AE0000000057
:10B3600000000000000000000000000000000000DD
:10B3700000000000000000000000000000000000CD
:10B3800000000000000000000000000000000000BD
:10B3900000000000000000000000000000000000AD
:10B3A000000000000000000000000000000000009D
:10B3B000000000000000000000000000000000008D
:10B3C000000000000000000000000000000000007D
:10B3D000000000000000000000000000000000006D
:10B3E000000000000000000000000000000000005D
:10B3F000000000000000000000000000000000004D
:10B40000000000000000000000000000000000003C
:10B41000000000000000000000000000000000002C
:10B4200000000000000019ED0000000000002000F6
:10B43000000000000000000000000000000000000C
:10B4400000000000000000000000000000000000FC
:10B4500000000000000000000000000000000000EC
:10B4600000000000000000000000000000000000DC
:10B4700000000000000000000000000000000000CC
:10B4800000000000000000000000000000000000BC
:10B4900000000000000000000000000000000000AC
:10B4A000000000000000000000000000000000009C
:10B4B000000000000000000000000000000000008C
:10B4C000000000000000000000000000000000007C
:10B4D000000000000000000000000000000000006C
:10B4E000000000000000000000000000000000005C
:10B4F000000000000000000000000000000000004C
:10B50000000000000000000000000000000000003B
:10B51000000000000000000000000000000000002B
:10B52000000000000000000000000000000000001B
:10B53000000000000000000000000000000000000B
:10B5400000000000000000000000000000000000FB
:10B5500000000000000000000000000000000000EB
:10B5600000000000000000000000000000000000DB
:10B5700000000000000000000000000000000000CB
:10B5800000000000000000000000000000000000BB
:10B590000000000000000000000000000000200289
:10B5A0000000000000020000000000000000000099
:10B5B00000000000000002000000109400000000E5
:10B5C000000000000000000000000000000000007B
:10B5D000000000000000000000000000000000006B
:10B5E000000000000000000000000000000000005B
:10B5F000000000000000000000000000000000004B
:10B60000000000000000000000000000000000003A
:10B61000000000000000000000000000000000002A
:10B62000000000000000000000000000000000001A
:10B63000000000000000000000000000000000000A
:10B6400000000000000000000000000000000000FA
:10B6500000000000000000000000000000000000EA
:10B6600000000000000000000000000000000000DA
:10B6700000000000000000000000000000000000CA
:10B6800000000000000000000000000000000000BA
:10B6900000000000000000000000000000000000AA
:10B6A000000000000000000000000000000000009A
:10B6B000000000000000000000000000000000008A
:10B6C000000000000000000000000000000000007A
:10B6D000000000000000000000000000000000006A
:10B6E000000000000000000000000000000000005A
:10B6F000000000000000000000000000000000004A
:10B700000000000000000000000000000000000039
:10B710000000000000000000400400000000104095
:10B72000400001004001000440000000000111043D
:10B730004000000000010104400000000101000081
:10B7400040000000010101044000000400000088E6
:10B7500040010000000000000000000000000000A8
:10B7600000000000000000000000000000000000D9
:10B7700000000000000000000000000000000000C9
:10B7800000000000000000000000000000000000B9
:10B7900000000000000000000000000000000000A9
:10B7A0000000000000000000000000000000000099
:10B7B0000000000000000000000000000000000089
:10B7C0000000000000000000000000000000000079
:10B7D0000000000000000000000000000000000069
:10B7E0000000000000000000000000000000000059
:10B7F0000000000000000000000000000000000049
:10B800000000000000000000000000000000000038
:10B810000000000000000000000000000000000028
:10B820000000000000000000000000000000000018
:10B830000000000000000000000000000000000008
:10B8400000000000000000000000000000000000F8
:10B8500000000000000000000000000000000000E8
:10B8600000000000000000000000000000000000D8
:10B8700000000000000000000000000000000000C8
:10B8800000000000000000000000000000000000B8
:10B8900000000000000000000000000000000000A8
:10B8A0000000000000000000000000000000100088
:10B8B0001000000011402000000490000246110218
:10B8C00000400000000080880040000000000040B0
:10B8D000004800002000804100402000000002409D
:10B8E00000000EBF0000000000000000000000008B
:10B8F0000000000000000000000000000000000048
:10B900000000000000000000000000000000000037
:10B910000000000000000000000000000000000027
:10B920000000000000000000000000000000000017
:10B930000000000000000000000000000000000007
:10B9400000000000000000000000000000000000F7
:10B9500000000000000000000000000000000000E7
:10B9600000000000000000000000000000000000D7
:10B9700000000000000000000000000000000000C7
:10B9800000000000000000000000000000000000B7
:10B9900000000000000000000000000000000000A7
:10B9A0000000000000000000000000000000000097
:10B9B0000000000000000000000000000000000087
:10B9C0000000000000000000000000000000000077
:10B9D0000000000000000000000000000000000067
:10B9E0000000000000000000000000000000000057
:10B9F0000000000000000000000000000000000047
:10BA00000000000000000000000000000000000036
:10BA10000000000000000000000000000000000026
:10BA20000000000000000000000000000000000016
:10BA300000000000000000000000000000050002FF
:10BA400000040002010000000000200080800000CF
:10BA50000080000000000000000000000000044022
:10BA60000040000000000000000000000000000096
:10BA70000000000000000FEB0000080000000000C4
:10BA800000000000000000000000000000000000B6
:10BA900000000000000000000000000000000000A6
:10BAA0000000000000000000000000000000000096
:10BAB0000000000000000000000000000000000086
:10BAC0000000000000000000000000000000000076
:10BAD0000000000000000000000000000000000066
:10BAE0000000000000000000000000000000000056
:10BAF0000000000000000000000000000000000046
:10BB00000000000000000000000000000000000035
:10BB10000000000000000000000000000000000025
:10BB20000000000000000000000000000000000015
:10BB30000000000000000000000000000000000005
:10BB400000000000000000000000000000000000F5
:10BB500000000000000000000000000000000000E5
:10BB600000000000000000000000000000000000D5
:10BB700000000000000000000000000000000000C5
:10BB800000000000000000000000000000000000B5
:10BB900000000000000000000000000000000000A5
:10BBA0000000000000000000000000000000000095
:10BBB0000000000000000000000000000000000085
:10BBC0000000000000000000000000000000000075
:10BBD00000000000000000000280000000010000E2
:10BBE0000000100020000000000000000000000025
:10BBF00002000000000000008000020000000000C1
:10BC00000000000010000000000009DC000000003F
:10BC10000000000000000000000000000000000024
:10BC20000000000000000000000000000000000014
:10BC30000000000000000000000000000000000004
:10BC400000000000000000000000000000000000F4
:10BC500000000000000000000000000000000000E4
:10BC600000000000000000000000000000000000D4
:10BC700000000000000000000000000000000000C4
:10BC800000000000000000000000000000000000B4
:10BC900000000000000000000000000000000000A4
:10BCA0000000000000000000000000000000000094
:10BCB0000000000000000000000000000000000084
:10BCC0000000000000000000000000000000000074
:10BCD0000000000000000000000000000000000064
:10BCE0000000000000000000000000000000000054
:10BCF0000000000000000000000000000000000044
:10BD00000000000000000000000000000000000033
:10BD10000000000000000000000000000000000023
:10BD20000000000000000000000000000000000013
:10BD30000000000000000000000000000000000003
:10BD400000000000000000000000000000000000F3
:10BD500000000000000000000000000000000000E3
:10BD6000000000000000008000000080400C000A7D
:10BD70000000008C02040202100400200400900263
:10BD800000000000000000020004000000000402A7
:10BD9000000000000000040200000000000000F9A4
:10BDA0000000000200000000000000000000000091
:10BDB0000000000000000000000000000000000083
:10BDC0000000000000000000000000000000000073
:10BDD0000000000000000000000000000000000063
:10BDE0000000000000000000000000000000000053
:10BDF0000000000000000000000000000000000043
:10BE00000000000000000000000000000000000032
:10BE10000000000000000000000000000000000022
:10BE20000000000000000000000000000000000012
:10BE30000000000000000000000000000000000002
:10BE400000000000000000000000000000000000F2
:10BE500000000000000000000000000000000000E2
:10BE600000000000000000000000000000000000D2
:10BE700000000000000000000000000000000000C2
:10BE800000000000000000000000000000000000B2
:10BE900000000000000000000000000000000000A2
:10BEA0000000000000000000000000000000000092
:10BEB0000000000000000000000000000000000082
:10BEC0000000000000000000000000000000000072
:10BED0000000000000000000000000000000000062
:10BEE0000000000000000000000000000000000052
:10BEF0000000000000000000000000000000000042
:10BF0000000000000000008440001000004000001D
:10BF100000000000000000000000004000400000A1
:10BF2000000000000000000000000400000000000D
:10BF30000000001B000000000000000000000000E6
:10BF400000000000000000000000000000000000F1
:10BF500000000000000000000000000000000000E1
:10BF600000000000000000000000000000000000D1
:10BF700000000000000000000000000000000000C1
:10BF800000000000000000000000000000000000B1
:10BF900000000000000000000000000000000000A1
:10BFA0000000000000000000000000000000000091
:10BFB0000000000000000000000000000000000081
:10BFC0000000000000000000000000000000000071
:10BFD0000000000000000000000000000000000061
:10BFE0000000000000000000000000000000000051
:10BFF0000000000000000000000000000000000041
:10C000000000000000000000000000000000000030
:10C010000000000000000000000000000000000020
:10C020000000000000000000000000000000000010
:10C030000000000000000000000000000000000000
:10C0400000000000000000000000000000000000F0
:10C0500000000000000000000000000000000000E0
:10C0600000000000000000000000000000000000D0
:10C0700000000000000000000000000000000000C0
:10C0800000000000000000000000000000000000B0
:10C09000000020002000008820000008000022008E
:10C0A0000282020200000000000000800080020006
:10C0B00000010080008802002000808200800000D3
:10C0C0000000028000000FD7000000000000000008
:10C0D0000000000000000000000000000000000060
:10C0E0000000000000000000000000000000000050
:10C0F0000000000000000000000000000000000040
:10C10000000000000000000000000000000000002F
:10C11000000000000000000000000000000000001F
:10C12000000000000000000000000000000000000F
:10C1300000000000000000000000000000000000FF
:10C1400000000000000000000000000000000000EF
:10C1500000000000000000000000000000000000DF
:10C1600000000000000000000000000000000000CF
:10C1700000000000000000000000000000000000BF
:10C1800000000000000000000000000000000000AF
:10C19000000000000000000000000000000000009F
:10C1A000000000000000000000000000000000008F
:10C1B000000000000000000000000000000000007F
:10C1C000000000000000000000000000000000006F
:10C1D000000000000000000000000000000000005F
:10C1E000000000000000000000000000000000004F
:10C1F000000000000000000000000000000000003F
:10C20000000000000000000000000000000000002E
:10C21000000000000000000000000000000000001E
:10C2200000000080800800800288200282802200B6
:10C230000206800AA00C00000002B20A80008008FA
:10C240000202000A80040000820204028000000052
:10C250000202220280000000000009628002000247
:10C2600000000000000000000000000000000000CE
:10C2700000000000000000000000000000000000BE
:10C2800000000000000000000000000000000000AE
:10C29000000000000000000000000000000000009E
:10C2A000000000000000000000000000000000008E
:10C2B000000000000000000000000000000000007E
:10C2C000000000000000000000000000000000006E
:10C2D000000000000000000000000000000000005E
:10C2E000000000000000000000000000000000004E
:10C2F000000000000000000000000000000000003E
:10C30000000000000000000000000000000000002D
:10C31000000000000000000000000000000000001D
:10C32000000000000000000000000000000000000D
:10C3300000000000000000000000000000000000FD
:10C3400000000000000000000000000000000000ED
:10C3500000000000000000000000000000000000DD
:10C3600000000000000000000000000000000000CD
:10C3700000000000000000000000000000000000BD
:10C3800000000000000000000000000000000000AD
:10C39000000000000000000000000000000000009D
:10C3A000000000000000000000000000000000008D
:10C3B000000000000005000100040001410400002D
:10C3C00000011000804800001000202004800000C0
:10C3D0000000100100000400000000000000000048
:10C3E00000000000000000081000010800001EC34B
:10C3F0000000040000000000000000000000000039
:10C40000000000000000000000000000000000002C
:10C41000000000000000000000000000000000001C
:10C42000000000000000000000000000000000000C
:10C4300000000000000000000000000000000000FC
:10C4400000000000000000000000000000000000EC
:10C4500000000000000000000000000000000000DC
:10C4600000000000000000000000000000000000CC
:10C4700000000000000000000000000000000000BC
:10C4800000000000000000000000000000000000AC
:10C49000000000000000000000000000000000009C
:10C4A000000000000000000000000000000000008C
:10C4B000000000000000000000000000000000007C
:10C4C000000000000000000000000000000000006C
:10C4D000000000000000000000000000000000005C
:10C4E000000000000000000000000000000000004C
:10C4F000000000000000000000000000000000003C
:10C50000000000000000000000000000000000002B
:10C51000000000000000000000000000000000001B
:10C52000000000000000000000000000000000000B
:10C5300000000000000000000000000000000000FB
:10C5400000000000000000000040000000000000AB
:10C550002040000000001001004002000000000028
:10C560000042000000000002004000100400000033
:10C5700000420000000000000040800000000000B9
:10C580000000161E00000000000000000000000077
:10C59000000000000000000000000000000000009B
:10C5A000000000000000000000000000000000008B
:10C5B000000000000000000000000000000000007B
:10C5C000000000000000000000000000000000006B
:10C5D000000000000000000000000000000000005B
:10C5E000000000000000000000000000000000004B
:10C5F000000000000000000000000000000000003B
:10C60000000000000000000000000000000000002A
:10C61000000000000000000000000000000000001A
:10C62000000000000000000000000000000000000A
:10C6300000000000000000000000000000000000FA
:10C6400000000000000000000000000000000000EA
:10C6500000000000000000000000000000000000DA
:10C6600000000000000000000000000000000000CA
:10C6700000000000000000000000000000000000BA
:10C6800000000000000000000000000000000000AA
:10C69000000000000000000000000000000000009A
:10C6A000000000000000000000000000000000008A
:10C6B000000000000000000000000000000000007A
:10C6C000000000000000000000000000000000006A
:10C6D000000000000000000000000000000000005A
:10C6E00000000000000008000000070000000840F3
:10C6F0000200020001000000000002000000000033
:10C700000000020000000800000002000002020019
:10C71000000002000000091F0000000000000200ED
:10C720000000000000000000000000000000000009
:10C7300000000000000000000000000000000000F9
:10C7400000000000000000000000000000000000E9
:10C7500000000000000000000000000000000000D9
:10C7600000000000000000000000000000000000C9
:10C7700000000000000000000000000000000000B9
:10C7800000000000000000000000000000000000A9
:10C790000000000000000000000000000000000099
:10C7A0000000000000000000000000000000000089
:10C7B0000000000000000000000000000000000079
:10C7C0000000000000000000000000000000000069
:10C7D0000000000000000000000000000000000059
:10C7E0000000000000000000000000000000000049
:10C7F0000000000000000000000000000000000039
:10C800000000000000000000000000000000000028
:10C810000000000000000000000000000000000018
:10C820000000000000000000000000000000000008
:10C8300000000000000000000000000000000000F8
:10C8400000000000000000000000000000000000E8
:10C8500000000000000000000000000000000000D8
:10C8600000000000000000000000000000000000C8
:10C870000200000000020800000001100004000097
:10C880000201000000020000000400080002000095
:10C890001A00000000000000020000000800000074
:10C8A000020000000000000800000E7A02000000F4
:10C8B0000000000000000000000000000000000078
:10C8C0000000000000000000000000000000000068
:10C8D0000000000000000000000000000000000058
:10C8E0000000000000000000000000000000000048
:10C8F0000000000000000000000000000000000038
:10C900000000000000000000000000000000000027
:10C910000000000000000000000000000000000017
:10C920000000000000000000000000000000000007
:10C9300000000000000000000000000000000000F7
:10C9400000000000000000000000000000000000E7
:10C9500000000000000000000000000000000000D7
:10C9600000000000000000000000000000000000C7
:10C9700000000000000000000000000000000000B7
:10C9800000000000000000000000000000000000A7
:10C990000000000000000000000000000000000097
:10C9A0000000000000000000000000000000000087
:10C9B0000000000000000000000000000000000077
:10C9C0000000000000000000000000000000000067
:10C9D0000000000000000000000000000000000057
:10C9E0000000000000000000000000000000000047
:10C9F0000000000000000000000000000000000037
:10CA000000000000000000000000000008500000CE
:10CA100008404020A0000008020000200800440058
:10CA200003000000000404000200000100000000F8
:10CA3000020000000000000003000200000001D519
:10CA400000000000020000000000000000000000E4
:10CA500000000000000000000000000000000000D6
:10CA600000000000000000000000000000000000C6
:10CA700000000000000000000000000000000000B6
:10CA800000000000000000000000000000000000A6
:10CA90000000000000000000000000000000000096
:10CAA0000000000000000000000000000000000086
:10CAB0000000000000000000000000000000000076
:10CAC0000000000000000000000000000000000066
:10CAD0000000000000000000000000000000000056
:10CAE0000000000000000000000000000000000046
:10CAF0000000000000000000000000000000000036
:10CB00000000000000000000000000000000000025
:10CB10000000000000000000000000000000000015
:10CB20000000000000000000000000000000000005
:10CB300000000000000000000000000000000000F5
:10CB400000000000000000000000000000000000E5
:10CB500000000000000000000000000000000000D5
:10CB600000000000000000000000000000000000C5
:10CB700000000000000000000000000000000000B5
:10CB800000000000000000000000000000000000A5
:10CB90000000000000000000800000028000008013
:10CBA0008000008080010080A48880908000448004
:10CBB0008000029080000480800000A0800004803B
:10CBC0008000008082000482848000848000848051
:10CBD000000008A0800000808000048000000000A9
:10CBE0000000000000000000000000000000000045
:10CBF0000000000000000000000000000000000035
:10CC00000000000000000000000000000000000024
:10CC10000000000000000000000000000000000014
:10CC20000000000000000000000000000000000004
:10CC300000000000000000000000000000000000F4
:10CC400000000000000000000000000000000000E4
:10CC500000000000000000000000000000000000D4
:10CC600000000000000000000000000000000000C4
:10CC700000000000000000000000000000000000B4
:10CC800000000000000000000000000000000000A4
:10CC90000000000000000000000000000000000094
:10CCA0000000000000000000000000000000000084
:10CCB0000000000000000000000000000000000074
:10CCC0000000000000000000000000000000000064
:10CCD0000000000000000000000000000000000054
:10CCE0000000000000000000000000000000000044
:10CCF0000000000000000000000000000000000034
:10CD00000000000000000000000000000000000023
:10CD10000000000000000000000000000000000013
:10CD200000000000000000000000000000200000E3
:10CD3000000000014100800051200040002000213F
:10CD40001420000110200000040000051020000045
:10CD50001000001500200004000000010020000069
:10CD60000000000100001963002000000000000125
:10CD700000000000000000000000000000000000B3
:10CD800000000000000000000000000000000000A3
:10CD90000000000000000000000000000000000093
:10CDA0000000000000000000000000000000000083
:10CDB0000000000000000000000000000000000073
:10CDC0000000000000000000000000000000000063
:10CDD0000000000000000000000000000000000053
:10CDE0000000000000000000000000000000000043
:10CDF0000000000000000000000000000000000033
:10CE00000000000000000000000000000000000022
:10CE10000000000000000000000000000000000012
:10CE20000000000000000000000000000000000002
:10CE300000000000000000000000000000000000F2
:10CE400000000000000000000000000000000000E2
:10CE500000000000000000000000000000000000D2
:10CE600000000000000000000000000000000000C2
:10CE700000000000000000000000000000000000B2
:10CE800000000000000000000000000000000000A2
:10CE90000000000000000000000000000000000092
:10CEA0000000000000000000000000000000000082
:10CEB0000000000000000000000000000000000072
:10CEC000004000000000040140E08A0040A89751A3
:10CED00001400861100102111048800004010201A4
:10CEE0003140000014000211014208040000020158
:10CEF000054002000000020100000E920100000047
:10CF0000000002010000000000000000000000001E
:10CF10000000000000000000000000000000000011
:10CF20000000000000000000000000000000000001
:10CF300000000000000000000000000000000000F1
:10CF400000000000000000000000000000000000E1
:10CF500000000000000000000000000000000000D1
:10CF600000000000000000000000000000000000C1
:10CF700000000000000000000000000000000000B1
:10CF800000000000000000000000000000000000A1
:10CF90000000000000000000000000000000000091
:10CFA0000000000000000000000000000000000081
:10CFB0000000000000000000000000000000000071
:10CFC0000000000000000000000000000000000061
:10CFD0000000000000000000000000000000000051
:10CFE0000000000000000000000000000000000041
:10CFF0000000000000000000000000000000000031
:10D000000000000000000000000000000000000020
:10D010000000000000000000000000000000000010
:10D020000000000000000000000000000000000000
:10D0300000000000000000000000000000000000F0
:10D0400000000000000000000000000000000000E0
:10D050000000000001200002000100000500002087
:10D060001401000060AA80040300040004200214DC
:10D07000030004000420003001000406002000002A
:10D080000300040200A2800401008504000018AD22
:10D09000002000000100040000000000000000006B
:10D0A0000000000000000000000000000000000080
:10D0B0000000000000000000000000000000000070
:10D0C0000000000000000000000000000000000060
:10D0D0000000000000000000000000000000000050
:10D0E0000000000000000000000000000000000040
:10D0F0000000000000000000000000000000000030
:10D10000000000000000000000000000000000001F
:10D11000000000000000000000000000000000000F
:10D1200000000000000000000000000000000000FF
:10D1300000000000000000000000000000000000EF
:10D1400000000000000000000000000000000000DF
:10D1500000000000000000000000000000000000CF
:10D1600000000000000000000000000000000000BF
:10D1700000000000000000000000000000000000AF
:10D18000000000000000000000000000000000009F
:10D19000000000000000000000000000000000008F
:10D1A000000000000000000000000000000000007F
:10D1B000000000000000000000000000000000006F
:10D1C000000000000000000000000000000000005F
:10D1D000000000000000000000000000000000004F
:10D1E0000000000000000000816000028001048156
:10D1F000E5E08AA0D5A997D1F1EA8AE59721469181
:10D2000094688A9487010687B56808B095000697E8
:10D21000816208848300068385E282848300878597
:10D22000000018208120008081000681000000009D
:10D2300000000000000000000000000000000000EE
:10D2400000000000000000000000000000000000DE
:10D2500000000000000000000000000000000000CE
:10D2600000000000000000000000000000000000BE
:10D2700000000000000000000000000000000000AE
:10D28000000000000000000000000000000000009E
:10D29000000000000000000000000000000000008E
:10D2A000000000000000000000000000000000007E
:10D2B000000000000000000000000000000000006E
:10D2C000000000000000000000000000000000005E
:10D2D000000000000000000000000000000000004E
:10D2E000000000000000000000000000000000003E
:10D2F000000000000000000000000000000000002E
:10D30000000000000000000000000000000000001D
:10D31000000000000000000000000000000000000D
:10D3200000000000000000000000000000000000FD
:10D3300000000000000000000000000000000000ED
:10D3400000000000000000000000000000000000DD
:10D3500000000000000000000000000000000000CD
:10D3600000000000000000000000000000000000BD
:10D37000000000000000000000000000016000024A
:10D380000001040145E08A2054A9975165EA887597
:10D3900013010611156A8214070106013560003079
:10D3A00015000617016208040700060305E282045F
:10D3B0000100870500000F72012000000100060136
:10D3C000000000000000000000000000000000005D
:10D3D000000000000000000000000000000000004D
:10D3E000000000000000000000000000000000003D
:10D3F000000000000000000000000000000000002D
:10D40000000000000000000000000000000000001C
:10D41000000000000000000000000000000000000C
:10D4200000000000000000000000000000000000FC
:10D4300000000000000000000000000000000000EC
:10D4400000000000000000000000000000000000DC
:10D4500000000000000000000000000000000000CC
:10D4600000000000000000000000000000000000BC
:10D4700000000000000000000000000000000000AC
:10D48000000000000000000000000000000000009C
:10D49000000000000000000000000000000000008C
:10D4A000000000000000000000000000000000007C
:10D4B000000000000000000000000000000000006C
:10D4C000000000000000000000000000000000005C
:10D4D000000000000000000000000000000000004C
:10D4E000000000000000000000000000000000003C
:10D4F000000000000000000000000000000000002C
:10D50000000000000000000000000000000000001B
:10D5100000FFCCCC00FF00FF00FF00FF00FF00FF7A
:10D5200000FF00FF00FF00FF00FF00FF00FF00FF03
:10D5300000FF00FF00FF00FF00FF00FF00FF00FFF3
:10D5400000FF00FF00FF00FF0000000000FF00FFE1
:10D55000000000FF000000000000000000000000CC
:10D5600000000000000000000000000000000000BB
:10D5700000000000000000000000000000000000AB
:10D58000000000000000000000000000000000009B
:10D59000000000000000000000000000000000008B
:10D5A000000000000000000000000000000000007B
:10D5B000000000000000000000000000000000006B
:10D5C000000000000000000000000000000000005B
:10D5D000000000000000000000000000000000004B
:10D5E000000000000000000000000000000000003B
:10D5F000000000000000000000000000000000002B
:10D60000000000000000000000000000000000001A
:10D610000000000030008001000000022000000037
:10D62000200000002000000020000000200000007A
:10D63000200000002000000020000000200000006A
:10D640002000000020000000200000003001400801
:10D6500000000000000000000000000000000000CA
:10D6600000000000000000000000000000000000BA
:10D67000300020010040029B300140040000000007
:10D680000000000000000000000000003000200149
:10D690000040029C30014004000000000000000037
:10D6A0000000000000000000300020010040029D4A
:10D6B00030014004000000000000000000000000F5
:10D6C0000000000030008001000000012000000088
:10D6D000300020010040029E200000003000438DF9
:10D6E000000000000000000000000000000000003A
:10D6F000000000000000000000000000000000002A
:10D700000000000000000000000000000000000019
:10D710000000000000000000000000000000000009
:10D7200000000000000000000000000000000000F9
:10D7300000000000000000000000000000000000E9
:10D7400000000000000000000000000000000000D9
:10D7500000000000000000000000000000000000C9
:10D7600000000000000000000000000000000000B9
:10D77000000000000000000444501488000000165F
:10D780004188000800002004000014880000000404
:10D790000000100800000004000000000000000469
:10D7A00041841489000008C60000064A00000000F9
:10D7B0000000000400000000000000000000000065
:10D7C0000000000000000000000000000000000059
:10D7D0000000000000000000000000000000000049
:10D7E0000000000000000000000000000000000039
:10D7F0000000000000000000000000000000000029
:10D800000000000000000000000000000000000018
:10D810000000000000000000000000000000000008
:10D8200000000000000000000000000000000000F8
:10D8300000000000000000000000000000000000E8
:10D8400000000000000000000000000000000000D8
:10D8500000000000000000000000000000000000C8
:10D8600000000000000000000000000000000000B8
:10D8700000000000000000000000000000000000A8
:10D880000000000000000000000000000000000098
:10D890000000000000000000000000000000000088
:10D8A0000000000000000000000000000000000078
:10D8B0000000000000000000000000000000000068
:10D8C0000000000000000000000000000000000058
:10D8D0000000000000000000000000000000000048
:10D8E0000000000000000000000000000000000038
:10D8F0000000000000000000000000000000000028
:10D900000000000064008014480400247400905C4F
:10D910004804002674409014480400246400905C7D
:10D92000480400246400901C4804002464009014FF
:10D930004804002464009014480400240000172FB9
:10D9400064009014000000240000000000000000AB
:10D9500000000000000000000000000000000000C7
:10D9600000000000000000000000000000000000B7
:10D9700000000000000000000000000000000000A7
:10D980000000000000000000000000000000000097
:10D990000000000000000000000000000000000087
:10D9A0000000000000000000000000000000000077
:10D9B0000000000000000000000000000000000067
:10D9C0000000000000000000000000000000000057
:10D9D0000000000000000000000000000000000047
:10D9E0000000000000000000000000000000000037
:10D9F0000000000000000000000000000000000027
:10DA00000000000000000000000000000000000016
:10DA10000000000000000000000000000000000006
:10DA200000000000000000000000000000000000F6
:10DA300000000000000000000000000000000000E6
:10DA400000000000000000000000000000000000D6
:10DA500000000000000000000000000000000000C6
:10DA600000000000000000000000000000000000B6
:10DA700000000000000000000000000000000000A6
:10DA80000000000000000000000000000000000096
:10DA90000000000000000000000000000000000086
:10DAA000CC33FFFF0000000815C0DCDC77FF00006E
:10DAB0000000444400000000FFFF00000000FFFFE2
:10DAC00033335FFF0000000000FF33FF0000000061
:10DAD0000000103200000000000000000000000004
:10DAE0000000000000000000000000000000000036
:10DAF0000000000000000000000000000000000026
:10DB00000000000000000000000000000000000015
:10DB10000000000000000000000000000000000005
:10DB200000000000000000000000000000000000F5
:10DB300000000000000000000000000000000000E5
:10DB400000000000000000000000000000000000D5
:10DB500000000000000000000000000000000000C5
:10DB600000000000000000000000000000000000B5
:10DB700000000000000000000000000000000000A5
:10DB80000000000000000000000000000000000095
:10DB90000000000000000000000000000000000085
:10DBA0000000000000000000000000000000000075
:10DBB0000000000000000000000000000000000065
:10DBC0000000000000000000000000000000000055
:10DBD0000000000000000000000000000000000045
:10DBE0000000000000000000000000000000000035
:10DBF0000000000000000000000000000000000025
:10DC00000000000000000000000000000000000014
:10DC10000000000000000000000000000000000004
:10DC200000000000000000000000000000000000F4
:10DC3000000000000000FFFF000000003FC0CCCC4F
:10DC4000FFFF000000003F3F00000000FFFF00005A
:10DC50000000FFFFFFFFFFFF0000000000FF33FF99
:10DC600000000000000000000000000000000000B4
:10DC700000000000000000000000000000000000A4
:10DC80000000000000000000000000000000000094
:10DC90000000000000000000000000000000000084
:10DCA0000000000000000000000000000000000074
:10DCB0000000000000000000000000000000000064
:10DCC0000000000000000000000000000000000054
:10DCD0000000000000000000000000000000000044
:10DCE0000000000000000000000000000000000034
:10DCF0000000000000000000000000000000000024
:10DD00000000000000000000000000000000000013
:10DD10000000000000000000000000000000000003
:10DD200000000000000000000000000000000000F3
:10DD300000000000000000000000000000000000E3
:10DD400000000000000000000000000000000000D3
:10DD500000000000000000000000000000000000C3
:10DD600000000000000000000000000000000000B3
:10DD700000000000000000000000000000000000A3
:10DD80000000000000000000000000000000000093
:10DD90000000000000000000000000000000000083
:10DDA0000000000000000000000000000000000073
:10DDB0000000000000000000000000000000000063
:10DDC0000000000000000000CC333333C00000002E
:10DDD0001540505077FFF000008044000000000024
:10DDE000BFFF00FF00000FFF33335FFF00000000A4
:10DDF00000FF33FF000000000000004200000000B0
:10DE00000000000000000000000000000000000012
:10DE10000000000000000000000000000000000002
:10DE200000000000000000000000000000000000F2
:10DE300000000000000000000000000000000000E2
:10DE400000000000000000000000000000000000D2
:10DE500000000000000000000000000000000000C2
:10DE600000000000000000000000000000000000B2
:10DE700000000000000000000000000000000000A2
:10DE80000000000000000000000000000000000092
:10DE90000000000000000000000000000000000082
:10DEA0000000000000000000000000000000000072
:10DEB0000000000000000000000000000000000062
:10DEC0000000000000000000000000000000000052
:10DED0000000000000000000000000000000000042
:10DEE0000000000000000000000000000000000032
:10DEF0000000000000000000000000000000000022
:10DF00000000000000000000000000000000000011
:10DF10000000000000000000000000000000000001
:10DF200000000000000000000000000000000000F1
:10DF300000000000000000000000000000000000E1
:10DF400000000000000000000000000000000000D1
:10DF5000000000000000000000000000000033335B
:10DF6000C00000003F400000FFFF000000003F3302
:10DF700000000000FFFF00FF0000FFFFFFFFFFFFAA
:10DF80000000000000FF335F000000000000187573
:10DF90000000000000000000000000000000000081
:10DFA0000000000000000000000000000000000071
:10DFB0000000000000000000000000000000000061
:10DFC0000000000000000000000000000000000051
:10DFD0000000000000000000000000000000000041
:10DFE0000000000000000000000000000000000031
:10DFF0000000000000000000000000000000000021
:10E000000000000000000000000000000000000010
:10E010000000000000000000000000000000000000
:10E0200000000000000000000000000000000000F0
:10E0300000000000000000000000000000000000E0
:10E0400000000000000000000000000000000000D0
:10E0500000000000000000000000000000000000C0
:10E0600000000000000000000000000000000000B0
:10E0700000000000000000000000000000000000A0
:10E080000000000000000000000000000000000090
:10E090000000000000000000000000000000000080
:10E0A0000000000000000000000000000000000070
:10E0B0000000000000000000000000000000000060
:10E0C0000000000000000000000000000000000050
:10E0D0000000000000000000000000000000000040
:10E0E0000000000000000000000000000000000030
:10E0F0000000000000000000000208000000000016
:10E1000002220800000000000002080000000000D9
:10E1100002400000000000C00240000000000000BB
:10E120000020400C00000000000000000000000083
:10E1300000000000000000000000000000000000DF
:10E1400000000000000000000000000000000000CF
:10E1500000000000000000000000000000000000BF
:10E1600000000000000000000000000000000000AF
:10E17000000000000000000000000000000000009F
:10E18000000000000000000000000000000000008F
:10E19000000000000000000000000000000000007F
:10E1A000000000000000000000000000000000006F
:10E1B000000000000000000000000000000000005F
:10E1C000000000000000000000000000000000004F
:10E1D000000000000000000000000000000000003F
:10E1E000000000000000000000000000000000002F
:10E1F000000000000000000000000000000000001F
:10E20000000000000000000000000000000000000E
:10E2100000000000000000000000000000000000FE
:10E2200000000000000000000000000000000000EE
:10E2300000000000000000000000000000000000DE
:10E2400000000000000000000000000000000000CE
:10E2500000000000000000000000000000000000BE
:10E2600000000000000000000000000000000000AE
:10E27000000000000000000000000000000000009E
:10E28000000000000000000000000000000060002E
:10E2900000000000000060000000000000006000BE
:10E2A00000000000012000000000014001200000EB
:10E2B00000000060000819BD000000000000000020
:10E2C000000000000000000000000000000000004E
:10E2D000000000000000000000000000000000003E
:10E2E000000000000000000000000000000000002E
:10E2F000000000000000000000000000000000001E
:10E30000000000000000000000000000000000000D
:10E3100000000000000000000000000000000000FD
:10E3200000000000000000000000000000000000ED
:10E3300000000000000000000000000000000000DD
:10E3400000000000000000000000000000000000CD
:10E3500000000000000000000000000000000000BD
:10E3600000000000000000000000000000000000AD
:10E37000000000000000000000000000000000009D
:10E38000000000000000000000000000000000008D
:10E39000000000000000000000000000000000007D
:10E3A000000000000000000000000000000000006D
:10E3B000000000000000000000000000000000005D
:10E3C000000000000000000000000000000000004D
:10E3D000000000000000000000000000000000003D
:10E3E000000000000000000000000000000000002D
:10E3F000000000000000000000000000000000001D
:10E40000000000000000000000000000000000000C
:10E4100000000000000000000000000000000000FC
:10E4200000000000000000000000000000000000EC
:10E4300000000000000000000000000000000000DC
:10E440000000000000000000001019B400000000EF
:10E4500000000000000000000000000000000000BC
:10E4600000000000000000000000000000000000AC
:10E47000000000000000000000000000000000009C
:10E48000000000000000000000000000000000008C
:10E49000000000000000000000000000000000007C
:10E4A000000000000000000000000000000000006C
:10E4B000000000000000000000000000000000005C
:10E4C000000000000000000000000000000000004C
:10E4D000000000000000000000000000000000003C
:10E4E000000000000000000000000000000000002C
:10E4F000000000000000000000000000000000001C
:10E50000000000000000000000000000000000000B
:10E510000000000030008001000000022000000028
:10E52000200000002000000020000000200000006B
:10E53000200000002000000020000000200000005B
:10E5400020000000200000002000000030014008F2
:10E5500000000000000000000000000000000000BB
:10E5600000000000000000000000000000000000AB
:10E57000300020010040050330014004000000008D
:10E58000000000000000000000000000300020013A
:10E5900000400A823001400400000000000000003A
:10E5A00000000000000000003000800100000001B9
:10E5B0002000000030002001004003032000000084
:10E5C0003000412F000000000000000000000000AB
:10E5D000000000000000000000000000000000003B
:10E5E000000000000000000000000000000000002B
:10E5F000000000000000000000000000000000001B
:10E60000000000000000000000000000000000000A
:10E6100000000000000000000000000000000000FA
:10E6200000000000000000000000000000000000EA
:10E6300000000000000000000000000000000000DA
:10E6400000000000000000000000000000000000CA
:10E6500000000000000000000000000000000000BA
:10E6600000000000000000000000000000000000AA
:10E67000000000000000000000000000000000009A
:10E68000030000000000000000000000001009B5B9
:10E69000000000000000000000000000000000007A
:10E6A000000000000000000000000000000000006A
:10E6B000000000000000000000000000000000005A
:10E6C000000000000000000000000000000000004A
:10E6D000000000000000000000000000000000003A
:10E6E000000000000000000000000000000000002A
:10E6F000000000000000000000000000000000001A
:10E700000000000000000000000000000000000009
:10E7100000000000000000000000000000000000F9
:10E7200000000000000000000000000000000000E9
:10E7300000000000000000000000000000000000D9
:10E7400000000000000000000000000000000000C9
:10E7500000000000000000000000000000000000B9
:10E7600000000000000000000000000000000000A9
:10E770000000000000000000000000000000000099
:10E780000000000000000000000000000000000089
:10E790000000000000000000000000000000000079
:10E7A0000000000000000000000000000000000069
:10E7B0000000000000000000000000000000000059
:10E7C0000000000000000000000000000000000049
:10E7D0000000000000000000000000000000000039
:10E7E0000000000000000000000000000000000029
:10E7F0000000000000000000000000000000000019
:10E800000000000000000000000000000000000008
:10E8100000000000000000000000000000000000F8
:10E820000040137A0000000000000000000000001B
:10E8300000000000000000000000000000000000D8
:10E8400000000000000010000000000000000000B8
:10E8500000000000000000000000000000000000B8
:10E8600000000000000000000000000000000000A8
:10E870000000000000000000000000000000000098
:10E880000000000000000000000000000000000088
:10E890000000000000000000000000000000000078
:10E8A0000000000000000000000000000000000068
:10E8B0000000000000000000000000000000000058
:10E8C0000000000000000000000000000000000048
:10E8D0000000000000000000000000000000000038
:10E8E0000000000000000000000000000000000028
:10E8F0000000000000000000000000000000000018
:10E900000000000000000000000000000000000007
:10E9100000000000000000000000000000000000F7
:10E9200000000000000000000000000000000000E7
:10E9300000000000000000000000000000000000D7
:10E9400000000000000000000000000000000000C7
:10E9500000000000000000000000000000000000B7
:10E9600000000000000000000000000000000000A7
:10E970000000000000000000000000000000000097
:10E980000000000000000000000000000000000087
:10E990000000000000000000000000000000000077
:10E9A0000000000000000000000000000000000067
:10E9B0000000000000000000000000000000000057
:10E9C0000000000000000000000000000000000047
:10E9D0000000000000000000000000000000000037
:10E9E0000000000000000000000000000000000027
:10E9F0000000000000000000000000000000000017
:10EA00000000000000000000000000000000000006
:10EA100000000000000000000000000000000000F6
:10EA200000000000000000000000000000000000E6
:10EA300000000000000000000000000000000000D6
:10EA400000000000000000000000000000000000C6
:10EA500000000000000000000000000000000000B6
:10EA600000000000000000000000000000000000A6
:10EA70000000000000000000000000000000000096
:10EA80003000800100000001200000003000200163
:10EA90000040030620000000300044BC00000000DD
:10EAA0000000000000000000000000000000000066
:10EAB0000000000000000000000000000000000056
:10EAC0000000000000000000000000000000000046
:10EAD0000000000000000000000000000000000036
:10EAE0000000000000000000000000000000000026
:10EAF0000000000000000000000000000000000016
:10EB00000000000000000000000000000000000005
:10EB100000000000000000000000000000000000F5
:10EB200000000000000000000000000000000000E5
:10EB300000000000000000000000000200000000D3
:10EB40008000000000000000000000000000000045
:10EB500000000000000000000000000000000000B5
:10EB600000000000000000DE0000000000000000C7
:10EB70000000000000000000000000000000000095
:10EB80000000000000000000000000000000000085
:10EB90000000000000000000000000000000000075
:10EBA0000000000000000000000000000000000065
:10EBB0000000000000000000000000000000000055
:10EBC0000000000000000000000000000000000045
:10EBD0000000000000000000000000000000000035
:10EBE0000000000000000000000000000000000025
:10EBF0000000000000000000000000000000000015
:10EC00000000000000000000000000000000000004
:10EC100000000000000000000000000000000000F4
:10EC200000000000000000000000000000000000E4
:10EC300000000000000000000000000000000000D4
:10EC400000000000000000000000000000000000C4
:10EC500000000000000000000000000000000000B4
:10EC600000000000000000000000000000000000A4
:10EC70000000000000000000000000000000000094
:10EC80000000000000000000000000000000000084
:10EC90000000000000000000000000000000000074
:10ECA0000000000000000000000000000000000064
:10ECB0000000000000000000000000000000000054
:10ECC0000040000000000000000000000000000004
:10ECD0000004000000000000000000000000000030
:10ECE0000000000000001000000000000000000014
:10ECF000000000000000000000001C670000000091
:10ED00000000000000000000000000000000000003
:10ED10000000000000000000000000000000800073
:10ED200000000000000000000000000000000000E3
:10ED300000000000000000000000000000000000D3
:10ED400000000000000000000000000000000000C3
:10ED500000000000000000000000000000000000B3
:10ED600000000000000000000000000000000000A3
:10ED70000000000000000000000000000000000093
:10ED80000000000000000000000000000000000083
:10ED90000000000000000000000000000000000073
:10EDA0000000000000000000000000000000000063
:10EDB0000000000000000000000000000000000053
:10EDC0000000000000000000000000000000000043
:10EDD0000000000000000000000000000000000033
:10EDE0000000000000000000000000000000000023
:10EDF0000000000000000000000000000000000013
:10EE00000000000000000000000000000000000002
:10EE100000000000000000000000000000000000F2
:10EE200000000000000000000000000000000000E2
:10EE300000000000000000000000000000000000D2
:10EE400000000000000000000000000000000000C2
:10EE500000000000000000000000000000000000B2
:10EE6000000000020000000000000400000000019B
:10EE7000000000000004000000000010000000007E
:10EE8000000010004000040000000000000000C569
:10EE90000000000000000000000000000000000072
:10EEA0000000000000000000000000000000000062
:10EEB0000000000000000000000000000000000052
:10EEC0000000000000000000000000000000000042
:10EED0000000000000000000000000000000000032
:10EEE0000000000000000000000000000000000022
:10EEF0000000000000000000000000000000000012
:10EF00000000000000000000000000000000000001
:10EF100000000000000000000000000000000000F1
:10EF200000000000000000000000000000000000E1
:10EF300000000000000000000000000000000000D1
:10EF400000000000000000000000000000000000C1
:10EF500000000000000000000000000000000000B1
:10EF600000000000000000000000000000000000A1
:10EF70000000000000000000000000000000000091
:10EF80000000000000000000000000000000000081
:10EF90000000000000000000000000000000000071
:10EFA0000000000000000000000000000000000061
:10EFB0000000000000000000000000000000000051
:10EFC0000000000000000000000000000000000041
:10EFD0000000000000000000000000000000000031
:10EFE0000000000000000000000000000000000021
:10EFF00000200010000000000000000000000000E1
:10F000000000000000000000000000000000000000
:10F01000000041000000000000004000000000006F
:10F02000000009790000000000000000000000005E
:10F0300000000000000000000000000000000000D0
:10F0400000000000000000000000000000000000C0
:10F0500000000000000000000000000000000000B0
:10F0600000000000000000000000000000000000A0
:10F070000000000000000000000000000000000090
:10F080000000000000000000000000000000000080
:10F090000000000000000000000000000000000070
:10F0A0000000000000000000000000000000000060
:10F0B0000000000000000000000000000000000050
:10F0C0000000000000000000000000000000000040
:10F0D0000000000000000000000000000000000030
:10F0E0000000000000000000000000000000000020
:10F0F0000000000000000000000000000000000010
:10F1000000000000000000000000000000000000FF
:10F1100000000000000000000000000000000000EF
:10F1200000000000000000000000000000000000DF
:10F1300000000000000000000000000000000000CF
:10F1400000000000000000000000000000000000BF
:10F1500000000000000000000000000000000000AF
:10F16000000000000000000000000000000000009F
:10F17000000000000000000000000000000000008F
:10F18000000000000000000000000000001000006F
:10F1900000200020000000008200000000000000AD
:10F1A000000000000000000000000000000000005F
:10F1B00000000000000001AD000080000000000021
:10F1C000000000000000000000000000000000003F
:10F1D000000000000000000000000000000000002F
:10F1E000000000000000000000000000000000001F
:10F1F000000000000000000000000000000000000F
:10F2000000000000000000000000000000000000FE
:10F2100000000000000000000000000000000000EE
:10F2200000000000000000000000000000000000DE
:10F2300000000000000000000000000000000000CE
:10F2400000000000000000000000000000000000BE
:10F2500000000000000000000000000000000000AE
:10F26000000000000000000000000000000000009E
:10F27000000000000000000000000000000000008E
:10F28000000000000000000000000000000000007E
:10F29000000000000000000000000000000000006E
:10F2A000000000000000000000000000000000005E
:10F2B000000000000000000000000000000000004E
:10F2C000000000000000000000000000000000003E
:10F2D000000000000000000000000000000000002E
:10F2E000000000000000000000000000000000001E
:10F2F000000000000000000000000000000000000E
:10F3000000000000000000000000000000000000FD
:10F3100000000000000000000008000000000000E5
:10F3200000200000000000000100000000000100BB
:10F33000000010000000000020000000000000009D
:10F3400000002000000000000000188A00000000FB
:10F3500000000000000000000000000000000000AD
:10F36000000000000000000000000000000000009D
:10F37000000000000000000000000000000000008D
:10F38000000000000000000000000000000000007D
:10F39000000000000000000000000000000000006D
:10F3A000000000000000000000000000000000005D
:10F3B000000000000000000000000000000000004D
:10F3C000000000000000000000000000000000003D
:10F3D000000000000000000000000000000000002D
:10F3E000000000000000000000000000000000001D
:10F3F000000000000000000000000000000000000D
:10F4000000000000000000000000000000000000FC
:10F4100000000000000000000000000000000000EC
:10F4200000000000000000000000000000000000DC
:10F4300000000000000000000000000000000000CC
:10F4400000000000000000000000000000000000BC
:10F4500000000000000000000000000000000000AC
:10F46000000000000000000000000000000000009C
:10F47000000000000000000000000000000000008C
:10F48000000000000000000000000000000000007C
:10F49000000000000000000000000000000000006C
:10F4A000000000000000000000000000000000005C
:10F4B00000000000001000004000000000000002FA
:10F4C00000000000000000000000002000004000DC
:10F4D0000000000000004000000000000000010EDD
:10F4E000000000000000000000000000000000001C
:10F4F000000000000000000000000000000000000C
:10F5000000000000000000000000000000000000FB
:10F5100000000000000000000000000000000000EB
:10F5200000000000000000000000000000000000DB
:10F5300000000000000000000000000000000000CB
:10F5400000000000000000000000000000000000BB
:10F5500000000000000000000000000000000000AB
:10F56000000000000000000000000000000000009B
:10F57000000000000000000000000000000000008B
:10F58000000000000000000000000000000000007B
:10F59000000000000000000000000000000000006B
:10F5A000000000000000000000000000000000005B
:10F5B000000000000000000000000000000000004B
:10F5C000000000000000000000000000000000003B
:10F5D000000000000000000000000000000000002B
:10F5E000000000000000000000000000000000001B
:10F5F000000000000000000000000000000000000B
:10F6000000000000000000000000000000000000FA
:10F6100000000000000000000000000000000000EA
:10F6200000000000000000000000000000000000DA
:10F6300000000000000000000000000000000000CA
:10F64000001800000000000000280000000000007A
:10F6500000000000000000000008000000000000A2
:10F6600000000100000000008000200000000000F9
:10F67000000001C8000000000000000000000000C1
:10F68000000000000000000000000000000000007A
:10F69000000000000000000000000000000000006A
:10F6A000000000000000000000000000000000005A
:10F6B000000000000000000000000000000000004A
:10F6C000000000000000000000000000000000003A
:10F6D000000000000000000000000000000000002A
:10F6E000000000000000000000000000000000001A
:10F6F000000000000000000000000000000000000A
:10F7000000000000000000000000000000000000F9
:10F7100000000000000000000000000000000000E9
:10F7200000000000000000000000000000000000D9
:10F7300000000000000000000000000000000000C9
:10F7400000000000000000000000000000000000B9
:10F7500000000000000000000000000000000000A9
:10F760000000000000000000000000000000000099
:10F770000000000000000000000000000000000089
:10F780000000000000000000000000000000000079
:10F790000000000000000000000000000000000069
:10F7A0000000000000000000000000000000000059
:10F7B0000000000000000000000000000000000049
:10F7C0000000000000000000000000000000000039
:10F7D0000000000000000010000000010000000018
:10F7E00000200020000000000200000000000000D7
:10F7F00000002000000000000000000000000000E9
:10F8000000000000000011A0000000000000000047
:10F8100000000000000000000000000000000000E8
:10F8200000000000000000000000000000000000D8
:10F8300000000000000000000000000000000000C8
:10F8400000000000000000000000000000000000B8
:10F8500000000000000000000000000000000000A8
:10F860000000000000000000000000000000000098
:10F870000000000000000000000000000000000088
:10F880000000000000000000000000000000000078
:10F890000000000000000000000000000000000068
:10F8A0000000000000000000000000000000000058
:10F8B0000000000000000000000000000000000048
:10F8C0000000000000000000000000000000000038
:10F8D0000000000000000000000000000000000028
:10F8E0000000000000000000000000000000000018
:10F8F0000000000000000000000000000000000008
:10F9000000000000000000000000000000000000F7
:10F9100000000000000000000000000000000000E7
:10F9200000000000000000000000000000000000D7
:10F9300000000000000000000000000000000000C7
:10F9400000000000000000000000000000000000B7
:10F9500000000000000000000000000000000000A7
:10F960000080000000000000000000000000000215
:10F9700000000000000008000100000080000100FD
:10F980000000100000000000200000000000200027
:10F9900000000800000000000000178A000080003E
:10F9A0000000000000000000000000000000000057
:10F9B0000000000000000000000000000000000047
:10F9C0000000000000000000000000000000000037
:10F9D0000000000000000000000000000000000027
:10F9E0000000000000000000000000000000000017
:10F9F0000000000000000000000000000000000007
:10FA000000000000000000000000000000000000F6
:10FA100000000000000000000000000000000000E6
:10FA200000000000000000000000000000000000D6
:10FA300000000000000000000000000000000000C6
:10FA400000000000000000000000000000000000B6
:10FA500000000000000000000000000000000000A6
:10FA60000000000000000000000000000000000096
:10FA70000000000000000000000000000000000086
:10FA80000000000000000000000000000000000076
:10FA90000000000000000000000000000000000066
:10FAA0000000000000000000000000000000000056
:10FAB0000000000000000000000000000000000046
:10FAC0000000000000000000000000000000000036
:10FAD0000000000000000000000000000000000026
:10FAE0000000000000000000000000000000000016
:10FAF0000000000000000000000000000000000006
:10FB00000000000000000000000000004000400075
:10FB1000000040000008000000000000000000009D
:10FB20000000000000000000000000000000002DA8
:10FB300000000000000000000000000000000000C5
:10FB400000000000000000000000000000000000B5
:10FB500000000000000000000000000000000000A5
:10FB60000000000000000000000000000000000095
:10FB70000000000000000000000000000000000085
:10FB80000000000000000000000000000000000075
:10FB90000000000000000000000000000000000065
:10FBA0000000000000000000000000000000000055
:10FBB0000000000000000000000000000000000045
:10FBC0000000000000000000000000000000000035
:10FBD0000000000000000000000000000000000025
:10FBE0000000000000000000000000000000000015
:10FBF0000000000000000000000000000000000005
:10FC000000000000000000000000000000000000F4
:10FC100000000000000000000000000000000000E4
:10FC200000000000000000000000000000000000D4
:10FC300000000000000000000000000000000000C4
:10FC400000000000000000000000000000000000B4
:10FC500000000000000000000000000000000000A4
:10FC60000000000000000000000000000000000094
:10FC70000000000000000000000000000000000084
:10FC80000000000000000000000000000000000074
:10FC90000000000000000000000000000000000064
:10FCA0000000000000000000000000000000000054
:10FCB0000000000000000000000000000000000044
:10FCC0000000000000000000000000000000000034
:10FCD0000000000000000000000000000000000024
:10FCE0000000000000000000000000000000000014
:10FCF0000000000000000000000000000000000004
:10FD000000000000000000000000000000000000F3
:10FD100000000000000000000000000000000000E3
:10FD200000000000000000000000000000000000D3
:10FD300000000000000000000000000000000000C3
:10FD400000000000000000000000000000000000B3
:10FD500000000000000000000000000000000000A3
:10FD60000000000000000000000000000000000093
:10FD70000000000000000000000000000000000083
:10FD800000000000000000000000000030008001C2
:10FD9000000000012000000030002001004003129C
:10FDA000200000003000438D000000000000000033
:10FDB0000000000000000000000000000000000043
:10FDC0000000000000000000000000000000000033
:10FDD0000000000000000000000000000000000023
:10FDE0000000000000000000000000000000000013
:10FDF0000000000000000000000000000000000003
:10FE000000000000000000000000000000000000F2
:10FE100000000000000000000000000000000000E2
:10FE200000000000000000000000000000000000D2
:10FE300000000000000000000000000000000000C2
:10FE40000000000000000000000000000020002072
:10FE50000000000000000000001000000000000092
:10FE60000000000000000000000000000000000092
:10FE7000000008E400000000000000000000000096
:10FE80000000000000000000000000000000000072
:10FE90000000000000000000000000000000000062
:10FEA0000000000000000000000000000000000052
:10FEB0000000000000000000000000000000000042
:10FEC0000000000000000000000000000000000032
:10FED0000000000000000000000000000000000022
:10FEE0000000000000000000000000000000000012
:10FEF0000000000000000000000000000000000002
:10FF000000000000000000000000000000000000F1
:10FF100000000000000000000000000000000000E1
:10FF200000000000000000000000000000000000D1
:10FF300000000000000000000000000000000000C1
:10FF400000000000000000000000000000000000B1
:10FF500000000000000000000000000000000000A1
:10FF60000000000000000000000000000000000091
:10FF70000000000000000000000000000000000081
:10FF80000000000000000000000000000000000071
:10FF90000000000000000000000000000000000061
:10FFA0000000000000000000000000000000000051
:10FFB0000000000000000000000000000000000041
:10FFC0000000000000000000000000000000000031
:10FFD0000000000000000000000000000000000021
:10FFE0000000000000000000000000000000008091
:10FFF0000000000000000000000000000000000001
:020000040002F8
:1000000000000000000008E7000000000000000001
:1000100000000000000000000000000000000000E0
:1000200000000000000000000000000000000000D0
:1000300000000000000000000000000000000000C0
:1000400000000000000000000000000000000000B0
:1000500000000000000000000000000000000000A0
:100060000000000000000000000000000000000090
:100070000000000000000000000000000000000080
:100080000000000000000000000000000000000070
:100090000000000000000000000000000000000060
:1000A0000000000000000000000000000000000050
:1000B0000000000000000000000000000000000040
:1000C0000000000000000000000000000000000030
:1000D0000000000000000000000000000000000020
:1000E0000000000000000000000000000000000010
:1000F0000000000000000000000000000000000000
:1001000000000000000000000000000000000000EF
:1001100000000000000000000000000000000000DF
:1001200000000000000000000000000000000000CF
:1001300000000000000000000000000000000000BF
:1001400000000000000000000000000000000000AF
:10015000000000000000000000000000000000009F
:10016000000000000000000000000000000000008F
:100170002020200020202020020202280202020269
:100180000202020000000002000000000000000067
:10019000000000000000000000001122000000002C
:1001A000000000000000000000000000000000004F
:1001B000000000000000000000000000000000003F
:1001C000000000000000000000000000000000002F
:1001D000000000000000000000000000000000001F
:1001E000000000000000000000000000000000000F
:1001F00000000000000000000000000000000000FF
:1002000000000000000000000000000000000000EE
:1002100000000000000000000000000000000000DE
:1002200000000000000000000000000000000000CE
:1002300000000000000000000000000000000000BE
:1002400000000000000000000000000000000000AE
:10025000000000000000000000000000000000009E
:10026000000000000000000000000000000000008E
:10027000000000000000000000000000000000007E
:10028000000000000000000000000000000000006E
:10029000000000000000000000000000000000005E
:1002A000000000000000000000000000000000004E
:1002B000000000000000000000000000000000003E
:1002C000000000000000000000000000000000002E
:1002D000000000000000000000000000000000001E
:1002E000000000000000000000000000000000000E
:1002F00000000000000000000000000000000000FE
:10030000000000001010100010001000004000401D
:10031000004000400000400000000000000000001D
:100320000000000000000000000000000000009A33
:1003300000000000000000000000000000000000BD
:1003400000000000000000000000000000000000AD
:10035000000000000000000000000000000000009D
:10036000000000000000000000000000000000008D
:10037000000000000000000000000000000000007D
:10038000000000000000000000000000000000006D
:10039000000000000000000000000000000000005D
:1003A000000000000000000000000000000000004D
:1003B000000000000000000000000000000000003D
:1003C000000000000000000000000000000000002D
:1003D000000000000000000000000000000000001D
:1003E000000000000000000000000000000000000D
:1003F00000000000000000000000000000000000FD
:1004000000000000000000000000000000000000EC
:1004100000000000000000000000000000000000DC
:1004200000000000000000000000000000000000CC
:1004300000000000000000000000000000000000BC
:1004400000000000000000000000000000000000AC
:10045000000000000000000000000000000000009C
:10046000000000000000000000000000000000008C
:10047000000000000000000000000000000000007C
:10048000000000000000000000000000000000006C
:10049000000000000000000000000000000000005C
:1004A000000040000000000000000000000000000C
:1004B000000000000000000000000000000000003C
:1004C000000018AE00000000000000000000000066
:1004D000000000000000000000000000000000001C
:1004E000000000000000000000000000000000000C
:1004F00000000000000000000000000000000000FC
:1005000000000000000000000000000000000000EB
:1005100000000000000000000000000000000000DB
:1005200000000000000000000000000000000000CB
:1005300000000000000000000000000000000000BB
:1005400000000000000000000000000000000000AB
:10055000000000000000000000000000000000009B
:10056000000000000000000000000000000000008B
:10057000000000000000000000000000000000007B
:10058000000000000000000000000000000000006B
:10059000000000000000000000000000000000005B
:1005A000000000000000000000000000000000004B
:1005B000000000000000000000000000000000003B
:1005C000000000000000000000000000000000002B
:1005D000000000000000000000000000000000001B
:1005E000000000000000000000000000000000000B
:1005F00000000000000000000000000000000000FB
:1006000000000000000000000000000000000000EA
:1006100000000000000000000000000000000000DA
:1006200000000000000000000000000000000000CA
:100630000010001000000000000040000008004012
:1006400000000000000000000000000000000000AA
:1006500000000000000018CB0000000000000000B7
:10066000000000000000000000000000000000008A
:10067000000000000000000000000000000000007A
:10068000000000000000000000000000000000006A
:10069000000000000000000000000000000000005A
:1006A000000000000000000000000000000000004A
:1006B000000000000000000000000000000000003A
:1006C000000000000000000000000000000000002A
:1006D000000000000000000000000000000000001A
:1006E000000000000000000000000000000000000A
:1006F00000000000000000000000000000000000FA
:1007000000000000000000000000000000000000E9
:1007100000000000000000000000000000000000D9
:1007200000000000000000000000000000000000C9
:1007300000000000000000000000000000000000B9
:1007400000000000000000000000000000000000A9
:100750000000000000000000000000000000000099
:100760000000000000000000000000000000000089
:100770000000000000000000000000000000000079
:100780000000000000000000000000000000000069
:100790000000000000000000000000000000000059
:1007A0000000000000000000000000000000000049
:1007B0000000000000000000000000000000000039
:1007C0002020200020302030020242280202420273
:1007D000022A0240000000020000000000000000A9
:1007E0000000000000000000000019B2000000003E
:1007F00000000000000000000000000000000000F9
:1008000000000000000000000000000000000000E8
:1008100000000000000000000000000000000000D8
:1008200000000000000000000000000000000000C8
:1008300000000000000000000000000000000000B8
:1008400000000000000000000000000000000000A8
:100850000000000000000000000000000000000098
:100860000000000000000000000000000000000088
:100870000000000000000000000000000000000078
:100880000000000000000000000000000000000068
:100890000000000000000000000000000000000058
:1008A0000000000000000000000000000000000048
:1008B0000000000000000000000000000000000038
:1008C0000000000000000000000000000000000028
:1008D0000000000000000000000000000000000018
:1008E0000000000000000000000000000000000008
:1008F00000000000000000000000000000000000F8
:1009000000000000000000000000000000000000E7
:1009100000000000000000000000000000000000D7
:1009200000000000000000000000000000000000C7
:1009300000000000000000000000000000000000B7
:1009400000000000000000000000000000000000A7
:100950000000000010101000101010104040404027
:10096000004040400008404000000000000000003F
:10097000000000000000000000000000000008412E
:100980000000000000000000000000000000000067
:100990000000000000000000000000000000000057
:1009A0000000000000000000000000000000000047
:1009B0000000000000000000000000000000000037
:1009C0000000000000000000000000000000000027
:1009D0000000000000000000000000000000000017
:1009E0000000000000000000000000000000000007
:1009F00000000000000000000000000000000000F7
:100A000000000000000000000000000000000000E6
:100A100000000000000000000000000000000000D6
:100A200000000000000000000000000000000000C6
:100A300000000000000000000000000000000000B6
:100A400000000000000000000000000000000000A6
:100A50000000000000000000000000000000000096
:100A60000000000000000000000000000000000086
:100A70000000000000000000000000000000000076
:100A80000000000000000000000000000000000066
:100A90000000000000000000000000000000000056
:100AA0000000000000000000000000000000000046
:100AB0000000000000000000000000000000000036
:100AC0000000000000000000000000000000000026
:100AD0000000000000000000000000000000000016
:100AE0000000000000000000000000000000000006
:100AF00000000000000000000000000000000000F6
:100B000000000000000000000000000000000000E5
:100B100000000000000000000000000000000000D5
:100B200000000000000000000000000000000000C5
:100B300000000000000000000000000000000000B5
:100B400000000000000000000000000000000000A5
:100B50000000000000000000000000000000000095
:100B60000000000000000000000000000000000085
:100B70000000000000000000000000000000000075
:100B80000000000000000000000000000000000065
:100B90000000000000000000000000000000000055
:100BA0000000000000000000000000000000000045
:100BB0000000000000000000000000000000000035
:100BC0000000000000000000000000000000000025
:100BD0000000000000000000000000003000800164
:100BE0000000000120000000300020010040031B35
:100BF00020000000300041940000000000000000D0
:100C000000000000000000000000000000000000E4
:100C100000000000000000000000000000000000D4
:100C200000000000000000000000000000000000C4
:100C300000000000000000000000000000000000B4
:100C400000000000000000000000000000000000A4
:100C50000000000000000000000000000000000094
:100C60000000000000000000000000000000000084
:100C70000000000000000000000000000000000074
:100C80000000000000000000000000000000000064
:100C90000000000000000000F7FFFFC6E6E7E7E7FE
:100CA000C6C6C7F7C6DFEFDE0040C6C6000040007C
:100CB0000000000000000000000000000139392899
:100CC000000008900000000000000000000000008C
:100CD0000000000000000000000000000000000014
:100CE0000000000000000000000000000000000004
:100CF00000000000000000000000000000000000F4
:100D000000000000000000000000000000000000E3
:100D100000000000000000000000000000000000D3
:100D200000000000000000000000000000000000C3
:100D300000000000000000000000000000000000B3
:100D400000000000000000000000000000000000A3
:100D50000000000000000000000000000000000093
:100D60000000000000000000000000000000000083
:100D70000000000000000000000000000000000073
:100D80000000000000000000000000000000000063
:100D90000000000000000000000000000000000053
:100DA0000000000000000000000000000000000043
:100DB0000000000000000000000000000000000033
:100DC0000000000000000000000000000000000023
:100DD0000000000000000000000000000000000013
:100DE0000000000000000000000000000000000003
:100DF00000000000000000000000000000000000F3
:100E000000000000000000000000000000000000E2
:100E100000000000000000000000000000000000D2
:100E200000000000000000000000000000000000C2
:100E30000000000002200000000106F10A20080066
:100E4000000104950220000000000095024000000F
:100E5000000000010000199A0000000000000000DE
:100E60000000000000000000000000000000000082
:100E70000000000000000000000000000000000072
:100E80000000000000000000000000000000000062
:100E90000000000000000000000000000000000052
:100EA0000000000000000000000000000000000042
:100EB0000000000000000000000000000000000032
:100EC0000000000000000000000000000000000022
:100ED0000000000000000000000000000000000012
:100EE0000000000000000000000000000000000002
:100EF00000000000000000000000000000000000F2
:100F000000000000000000000000000000000000E1
:100F100000000000000000000000000000000000D1
:100F200000000000000000000000000000000000C1
:100F300000000000000000000000000000000000B1
:100F400000000000000000000000000000000000A1
:100F50000000000000000000000000000000000091
:100F60000000000000000000000000000000000081
:100F70000000000000000000000000000000000071
:100F80000000000000000000000000000000000061
:100F90000000000000000000000000000000000051
:100FA0000000000000000000000000000000000041
:100FB0000000000000000000000000000000000031
:100FC000000000000000000084400000000003C892
:100FD000A60046000000021980000000000000008A
:100FE0000120000000000060000011A300000000CC
:100FF00000000000000000000000000000000000F1
:1010000000000000000000000000000000000000E0
:1010100000000000000000000000000000000000D0
:1010200000000000000000000000000000000000C0
:1010300000000000000000000000000000000000B0
:1010400000000000000000000000000000000000A0
:101050000000000000000000000000000000000090
:101060000000000000000000000000000000000080
:101070000000000000000000000000000000000070
:101080000000000000000000000000000000000060
:101090000000000000000000000000000000000050
:1010A0000000000000000000000000000000000040
:1010B0000000000000000000000000000000000030
:1010C0000000000000000000000000000000000020
:1010D0000000000000000000000000000000000010
:1010E0000000000000000000000000000000000000
:1010F00000000000000000000000000000000000F0
:1011000000000000000000000000000000000000DF
:1011100000000000000000000000000000000000CF
:1011200000000000000000000000000000000000BF
:1011300000000000000000000000000000000000AF
:10114000000000000000000000000000000000009F
:10115000000000000000000000000000000000008F
:10116000000000000000000000000000000000007F
:10117000000000000000000000000000000000006F
:10118000000000000000000000000000000000005F
:10119000000000000000000000000000000000004F
:1011A000000000000000000000000000000000003F
:1011B000000000000000000000000000000000002F
:1011C000000000000000000000000000000000001F
:1011D000000000000000000000000000000000000F
:1011E00000000000000000000000000000000000FF
:1011F00000000000000000000000000000000000EF
:1012000000000000000000000000000000000000DE
:1012100000000000000000000000000000000000CE
:1012200000000000000000000000000000000000BE
:1012300000000000000000000000000000000000AE
:1012400000000000000000003000800100000001EC
:101250002000000030002001004003862000000034
:101260003000400050001A6F000000000000000035
:10127000000000000000000000000000000000006E
:10128000000000000000000000000000000000005E
:10129000000000000000000000000000000000004E
:1012A000000000000000000000000000000000003E
:1012B000000000000000000000000000000000002E
:1012C000000000000000000000000000000000001E
:1012D000000000000000000000000000000000000E
:1012E00000000000000000000000000000000000FE
:1012F00000000000000000000000000000000000EE
:1013000000000000000000000000000000000000DD
:1013100002000000000000000000000000000008C3
:10132000000000000000002000000000000000009D
:10133000000008FF000000000000000000000000A6
:10134000000000000000000000000000000000009D
:10135000000000000000000000000000000000008D
:10136000000000000000000000000000000000007D
:10137000000000000000000000000000000000006D
:10138000000000000000000000000000000000005D
:10139000000000000000000000000000000000004D
:1013A000000000000000000000000000000000003D
:1013B000000000000000000000000000000000002D
:1013C000000000000000000000000000000000001D
:1013D000000000000000000000000000000000000D
:1013E00000000000000000000000000000000000FD
:1013F00000000000000000000000000000000000ED
:1014000000000000000000000000000000000000DC
:1014100000000000000000000000000000000000CC
:1014200000000000000000000000000000000000BC
:1014300000000000000000000000000000000000AC
:10144000000000000000000000000000000000009C
:10145000000000000000000000000000000000008C
:10146000000000000000000000000000000000007C
:10147000000000000000000000000000000000006C
:101480000000000000000000040000000000000058
:101490000000000000000400000000000000000048
:1014A00000000000010001000000000014004004E2
:1014B00000000000001100000010000010000000FB
:1014C000000040000000162800000000000000009E
:1014D000000000000000000000000000000000000C
:1014E00000000000000000000000000000000000FC
:1014F00000000000000000000000000000000000EC
:1015000000000000000000000000000000000000DB
:1015100000000000000000000000000000000000CB
:1015200000000000000000000000000000000000BB
:1015300000000000000000000000000000000000AB
:10154000000000000000000000000000000000009B
:10155000000000000000000000000000000000008B
:10156000000000000000000000000000000000007B
:10157000000000000000000000000000000000006B
:10158000000000000000000000000000000000005B
:10159000000000000000000000000000000000004B
:1015A000000000000000000000000000000000003B
:1015B000000000000000000000000000000000002B
:1015C000000000000000000000000000000000001B
:1015D000000000000000000000000000000000000B
:1015E00000000000000000000000000000000000FB
:1015F00000000000000000000000000000000000EB
:1016000000000000000000000000000000000000DA
:1016100000000000000000000000000000000000CA
:10162000000000000000000000000000000040007A
:1016300000000000400000014080000000000000A9
:101640000001000084800000000000804040000095
:101650000000001000000000000019F00000000071
:10166000000000000000000000000000000000007A
:10167000000000000000000000000000000000006A
:10168000000000000000000000000000000000005A
:10169000000000000000000000000000000000004A
:1016A000000000000000000000000000000000003A
:1016B000000000000000000000000000000000002A
:1016C000000000000000000000000000000000001A
:1016D000000000000000000000000000000000000A
:1016E00000000000000000000000000000000000FA
:1016F00000000000000000000000000000000000EA
:1017000000000000000000000000000000000000D9
:1017100000000000000000000000000000000000C9
:1017200000000000000000000000000000000000B9
:1017300000000000000000000000000000000000A9
:101740000000000000000000000000000000000099
:101750000000000000000000000000000000000089
:101760000000000000000000000000000000000079
:101770000000000000000000000000000000000069
:101780000000000000000000000000000000000059
:101790000000000000000000000000000000000049
:1017A0000000000000000000000000000000000039
:1017B0000000000000000000000000000000000029
:1017C0000000000002000200010000000804020006
:1017D00002000400000000000000000104000000FE
:1017E0008000000000000000000000000000095E12
:1017F00000000000000000000000000000000000E9
:1018000000000000000000000000000000000000D8
:1018100000000000000000000000000000000000C8
:1018200000000000000000000000000000000000B8
:1018300000000000000000000000000000000000A8
:101840000000000000000000000000000000000098
:101850000000000000000000000000000000000088
:101860000000000000000000000000000000000078
:101870000000000000000000000000000000000068
:101880000000000000000000000000000000000058
:101890000000000000000000000000000000000048
:1018A0000000000000000000000000000000000038
:1018B0000000000000000000000000000000000028
:1018C0000000000000000000000000000000000018
:1018D0000000000000000000000000000000000008
:1018E00000000000000000000000000000000000F8
:1018F00000000000000000000000000000000000E8
:1019000000000000000000000000000000000000D7
:1019100000000000000000000000000000000000C7
:1019200000000000000000000000000000000000B7
:1019300000000000000000000000000000000000A7
:101940000000000000000000000000000000000097
:10195000080400000004000000000800000000402F
:1019600008008000002000040000020204000000C3
:101970000000000000400000020000000000010024
:10198000000008000000000000000000000000004F
:101990000000000000000000000000000000000047
:1019A0000000000000000000000000000000000037
:1019B0000000000000000000000000000000000027
:1019C0000000000000000000000000000000000017
:1019D0000000000000000000000000000000000007
:1019E00000000000000000000000000000000000F7
:1019F00000000000000000000000000000000000E7
:101A000000000000000000000000000000000000D6
:101A100000000000000000000000000000000000C6
:101A200000000000000000000000000000000000B6
:101A300000000000000000000000000000000000A6
:101A40000000000000000000000000000000000096
:101A50000000000000000000000000000000000086
:101A60000000000000000000000000000000000076
:101A70000000000000000000000000000000000066
:101A80000000000000000000000000000000000056
:101A90000000000000000000000000000000000046
:101AA0000000000000000000000000000000000036
:101AB0000000000000000000000000000000000026
:101AC0000000000000000000000000000000000016
:101AD0000000000000000000000000000000000006
:101AE00008000000000000000000000008004200A4
:101AF000200008000000282088000820820008003C
:101B000002008020220008220000082000000000BF
:101B10000000000000001FE30000000000000000C3
:101B200000000000000000000000000000000000B5
:101B300000000000000000000000000000000000A5
:101B40000000000000000000000000000000000095
:101B50000000000000000000000000000000000085
:101B60000000000000000000000000000000000075
:101B70000000000000000000000000000000000065
:101B80000000000000000000000000000000000055
:101B90000000000000000000000000000000000045
:101BA0000000000000000000000000000000000035
:101BB0000000000000000000000000000000000025
:101BC0000000000000000000000000000000000015
:101BD0000000000000000000000000000000000005
:101BE00000000000000000000000000000000000F5
:101BF00000000000000000000000000000000000E5
:101C000000000000000000000000000000000000D4
:101C100000000000000000000000000000000000C4
:101C200000000000000000000000000000000000B4
:101C300000000000000000000000000000000000A4
:101C40000000000000000000000000000000000094
:101C50000000000000000000000000000000000084
:101C60000000000000000000000000000000000074
:101C7000000000000000000000040000000400005C
:101C80000100410000000000010401000100000407
:101C900000000000000000010400000040400000BF
:101CA0000000000000000000000010940000000090
:101CB0000000000000000000000000000000000024
:101CC0000000000000000000000000000000000014
:101CD0000000000000000000000000000000000004
:101CE00000000000000000000000000000000000F4
:101CF00000000000000000000000000000000000E4
:101D000000000000000000000000000000000000D3
:101D100000000000000000000000000000000000C3
:101D200000000000000000000000000000000000B3
:101D300000000000000000000000000000000000A3
:101D40000000000000000000000000000000000093
:101D50000000000000000000000000000000000083
:101D60000000000000000000000000000000000073
:101D70000000000000000000000000000000000063
:101D80000000000000000000000000000000000053
:101D90000000000000000000000000000000000043
:101DA0000000000000000000000000000000000033
:101DB0000000000000000000000000000000000023
:101DC0000000000000000000000000000000000013
:101DD0000000000000000000000000000000000003
:101DE00000000000000000000000000000000000F3
:101DF00000000000000000000000000000000000E3
:101E000000000000000000000800000000000800C2
:101E10000000000008000200000008008000000030
:101E20008820000082028000008000000200008202
:101E30008080000002000020000000000000070376
:101E40000000000000000000000000000000000092
:101E50000000000000000000000000000000000082
:101E60000000000000000000000000000000000072
:101E70000000000000000000000000000000000062
:101E80000000000000000000000000000000000052
:101E90000000000000000000000000000000000042
:101EA0000000000000000000000000000000000032
:101EB0000000000000000000000000000000000022
:101EC0000000000000000000000000000000000012
:101ED0000000000000000000000000000000000002
:101EE00000000000000000000000000000000000F2
:101EF00000000000000000000000000000000000E2
:101F000000000000000000000000000000000000D1
:101F100000000000000000000000000000000000C1
:101F200000000000000000000000000000000000B1
:101F300000000000000000000000000000000000A1
:101F40000000000000000000000000000000000091
:101F50000000000000000000000000000000000081
:101F60000000000000000000000000000000000071
:101F70000000000000000000000000000000000061
:101F80000000000000000000000000000000000051
:101F90000000000000000000000000000000000041
:101FA0000000000000000000000008000100000028
:101FB00002000A200000082008000808040080240D
:101FC0000020082000200830000000000000000071
:101FD00000000126000000000000000000000000DA
:101FE00000000000000000000000000000000000F1
:101FF00000000000000000000000000000000000E1
:1020000000000000000000000000000000000000D0
:1020100000000000000000000000000000000000C0
:1020200000000000000000000000000000000000B0
:1020300000000000000000000000000000000000A0
:102040000000000000000000000000000000000090
:102050000000000000000000000000000000000080
:102060000000000000000000000000000000000070
:102070000000000000000000000000000000000060
:102080000000000000000000000000000000000050
:102090000000000000000000000000000000000040
:1020A0000000000000000000000000000000000030
:1020B0000000000000000000000000000000000020
:1020C0000000000000000000000000000000000010
:1020D0000000000000000000000000000000000000
:1020E00000000000000000000000000000000000F0
:1020F00000000000000000000000000000000000E0
:1021000000000000000000000000000000000000CF
:1021100000000000000000000000000000000000BF
:1021200000000000000000000800000000000000A7
:102130000000000008000000000080000000000017
:10214000A00000420C80A000000004002000020259
:102150008A000000200200000000000020000000B3
:102160000000810000001F2A0000000000000000A5
:10217000000000000000000000000000000000005F
:10218000000000000000000000000000000000004F
:10219000000000000000000000000000000000003F
:1021A000000000000000000000000000000000002F
:1021B000000000000000000000000000000000001F
:1021C000000000000000000000000000000000000F
:1021D00000000000000000000000000000000000FF
:1021E00000000000000000000000000000000000EF
:1021F00000000000000000000000000000000000DF
:1022000000000000000000000000000000000000CE
:1022100000000000000000000000000000000000BE
:1022200000000000000000000000000000000000AE
:10223000000000000000000000000000000000009E
:10224000000000000000000000000000000000008E
:10225000000000000000000000000000000000007E
:10226000000000000000000000000000000000006E
:10227000000000000000000000000000000000005E
:10228000000000000000000000000000000000004E
:10229000000000000000000000000000000000003E
:1022A000000000000000000000000000000000002E
:1022B000000000000000000000000000000000001E
:1022C000000000000000000000000000000000000E
:1022D00010080400000000000000200000120900A7
:1022E00008000508000000000021040020020C0086
:1022F00008801008000004000000107F00000000AB
:1023000000000000000000000000000000000000CD
:1023100000000000000000000000000000000000BD
:1023200000000000000000000000000000000000AD
:10233000000000000000000000000000000000009D
:10234000000000000000000000000000000000008D
:10235000000000000000000000000000000000007D
:10236000000000000000000000000000000000006D
:10237000000000000000000000000000000000005D
:10238000000000000000000000000000000000004D
:10239000000000000000000000000000000000003D
:1023A000000000000000000000000000000000002D
:1023B000000000000000000000000000000000001D
:1023C000000000000000000000000000000000000D
:1023D00000000000000000000000000000000000FD
:1023E00000000000000000000000000000000000ED
:1023F00000000000000000000000000000000000DD
:1024000000000000000000000000000000000000CC
:1024100000000000000000000000000000000000BC
:1024200000000000000000000000000000000000AC
:10243000000000000000000000000000000000009C
:10244000000000000000000000000000000000008C
:10245000000000000000000000000000000000007C
:10246000000000000204000000000000020402005E
:102470001005041106040002000200000004100010
:10248000004020000000000000000000000011BD1E
:10249000000000000000000000000000000000003C
:1024A000000000000000000000000000000000002C
:1024B000000000000000000000000000000000001C
:1024C000000000000000000000000000000000000C
:1024D00000000000000000000000000000000000FC
:1024E00000000000000000000000000000000000EC
:1024F00000000000000000000000000000000000DC
:1025000000000000000000000000000000000000CB
:1025100000000000000000000000000000000000BB
:1025200000000000000000000000000000000000AB
:10253000000000000000000000000000000000009B
:10254000000000000000000000000000000000008B
:10255000000000000000000000000000000000007B
:10256000000000000000000000000000000000006B
:10257000000000000000000000000000000000005B
:10258000000000000000000000000000000000004B
:10259000000000000000000000000000000000003B
:1025A000000000000000000000000000000000002B
:1025B000000000000000000000000000000000001B
:1025C000000000000000000000000000000000000B
:1025D00000000000000000000000000000000000FB
:1025E00000000000000000000000000000000000EB
:1025F00000000000000000000000000009000008CA
:102600002A104C000804000002002100000800000D
:102610000600000004080000002000000000000088
:10262000000008BD000000000000000000000000E5
:10263000000000000000000000000000000000009A
:10264000000000000000000000000000000000008A
:10265000000000000000000000000000000000007A
:10266000000000000000000000000000000000006A
:10267000000000000000000000000000000000005A
:10268000000000000000000000000000000000004A
:10269000000000000000000000000000000000003A
:1026A000000000000000000000000000000000002A
:1026B000000000000000000000000000000000001A
:1026C000000000000000000000000000000000000A
:1026D00000000000000000000000000000000000FA
:1026E00000000000000000000000000000000000EA
:1026F00000000000000000000000000000000000DA
:1027000000000000000000000000000000000000C9
:1027100000000000000000000000000000000000B9
:1027200000000000000000000000000000000000A9
:102730000000000000000000000000000000000099
:102740000000000000000000000000000000000089
:102750000000000000000000000000000000000079
:102760000000000000000000000000000000000069
:102770000000000000000000000000000000000059
:102780000000000000000000000000000001050043
:10279000000000010024004105000001002010009D
:1027A000042001040120900000000104000000004A
:1027B00000080000000001BA000000000000000056
:1027C0000000000000000000000000000000000009
:1027D00000000000000000000000000000000000F9
:1027E00000000000000000000000000000000000E9
:1027F00000000000000000000000000000000000D9
:1028000000000000000000000000000000000000C8
:1028100000000000000000000000000000000000B8
:1028200000000000000000000000000000000000A8
:102830000000000000000000000000000000000098
:102840000000000000000000000000000000000088
:102850000000000000000000000000000000000078
:102860000000000000000000000000000000000068
:102870000000000000000000000000000000000058
:102880000000000000000000000000000000000048
:102890000000000000000000000000000000000038
:1028A0000000000000000000000000000000000028
:1028B0000000000000000000000000000000000018
:1028C0000000000000000000000000000000000008
:1028D00000000000000000000000000000000000F8
:1028E00000000000000000000000000000000000E8
:1028F00000000000000000000000000000000000D8
:1029000000000000000000000000000000000000C7
:1029100000000000000000000000000000000000B7
:1029200000000000000000008000100000002004F3
:102930000000000000000000000000000000000097
:1029400000000080000000000000197B0000000073
:102950000000000000000000000000000000000077
:102960000000000000000000000000000000000067
:102970000000000000000000000000000000000057
:102980000000000000000000000000000000000047
:102990000000000000000000000000000000000037
:1029A0000000000000000000000000000000000027
:1029B0000000000000000000000000000000000017
:1029C0000000000000000000000000000000000007
:1029D00000000000000000000000000000000000F7
:1029E00000000000000000000000000000000000E7
:1029F00000000000000000000000000000000000D7
:102A000000000000000000000000000000000000C6
:102A100000000000000000000000000000000000B6
:102A200000000000000000000000000000000000A6
:102A30000000000000000000000000000000000096
:102A40000000000000000000000000000000000086
:102A50000000000000000000000000000000000076
:102A60000000000000000000000000000000000066
:102A70000000000000000000000000000000000056
:102A80000000000000000000000000000000000046
:102A90000000000000000000000000000000000036
:102AA0000000000000000000000000000000000026
:102AB0000000000004000000000000002842400068
:102AC00020001208000000000000000000000002CA
:102AD000000000000000000000000000000009EFFE
:102AE00000000000000000000000000000000000E6
:102AF00000000000000000000000000000000000D6
:102B000000000000000000000000000000000000C5
:102B100000000000000000000000000000000000B5
:102B200000000000000000000000000000000000A5
:102B30000000000000000000000000000000000095
:102B40000000000000000000000000000000000085
:102B50000000000000000000000000000000000075
:102B60000000000000000000000000000000000065
:102B70000000000000000000000000000000000055
:102B80000000000000000000000000000000000045
:102B90000000000000000000000000000000000035
:102BA0000000000000000000000000000000000025
:102BB0000000000000000000000000000000000015
:102BC0000000000000000000000000000000000005
:102BD00000000000000000000000000000000000F5
:102BE00000000000000000000000000000000000E5
:102BF00000000000000000000000000000000000D5
:102C000000000000000000000000000000000000C4
:102C100000000000000000000000000000000000B4
:102C200000000000000000000000000000000000A4
:102C30000000000000000000000000000000000094
:102C4000000000000000000000020C000400000270
:102C50001052CA8002021110001034000000020855
:102C60000010640000442800001010000004000060
:102C700000001188000000000000000000000000BB
:102C80000000000000000000000000000000000044
:102C90000000000000000000000000000000000034
:102CA0000000000000000000000000000000000024
:102CB0000000000000000000000000000000000014
:102CC0000000000000000000000000000000000004
:102CD00000000000000000000000000000000000F4
:102CE00000000000000000000000000000000000E4
:102CF00000000000000000000000000000000000D4
:102D000000000000000000000000000000000000C3
:102D100000000000000000000000000000000000B3
:102D200000000000000000000000000000000000A3
:102D30000000000000000000000000000000000093
:102D40000000000000000000000000000000000083
:102D50000000000000000000000000000000000073
:102D60000000000000000000000000000000000063
:102D70000000000000000000000000000000000053
:102D80000000000000000000000000000000000043
:102D90000000000000000000000000000000000033
:102DA0000000000000000000000000000000000023
:102DB0000000000000000000000000000000000013
:102DC0000000000000000000000000000000000003
:102DD00000000000000000000000000006000000ED
:102DE00000000000830430001C10220605040000CF
:102DF000001000000104100228020000008000887A
:102E000000000000000001C70000000000000000FA
:102E100000000000000000000000000000000000B2
:102E200000000000000000000000000000000000A2
:102E30000000000000000000000000000000000092
:102E40000000000000000000000000000000000082
:102E50000000000000000000000000000000000072
:102E60000000000000000000000000000000000062
:102E70000000000000000000000000000000000052
:102E80000000000000000000000000000000000042
:102E90000000000000000000000000000000000032
:102EA0000000000000000000000000000000000022
:102EB0000000000000000000000000000000000012
:102EC0000000000000000000000000000000000002
:102ED00000000000000000000000000000000000F2
:102EE00000000000000000000000000000000000E2
:102EF00000000000000000000000000000000000D2
:102F000000000000000000000000000000000000C1
:102F100000000000000000000000000000000000B1
:102F200000000000000000000000000000000000A1
:102F30000000000000000000000000000000000091
:102F40000000000000000000000000000000000081
:102F50000000000000000000000000000000000071
:102F60000000000000000000000000000000000061
:102F700006060C0006000006BF7EFA823E13371ECE
:102F800005143700001202080B35740228462A087F
:102F900008901088000400000000085F0000000096
:102FA0000000000000000000000000000000000021
:102FB0000000000000000000000000000000000011
:102FC0000000000000000000000000000000000001
:102FD00000000000000000000000000000000000F1
:102FE00000000000000000000000000000000000E1
:102FF00000000000000000000000000000000000D1
:1030000000000000000000000000000000000000C0
:1030100000000000000000000000000000000000B0
:1030200000000000000000000000000000000000A0
:103030000000000000000000000000000000000090
:103040000000000000000000000000000000000080
:103050000000000000000000000000000000000070
:103060000000000000000000000000000000000060
:103070000000000000000000000000000000000050
:103080000000000000000000000000000000000040
:103090000000000000000000000000000000000030
:1030A0000000000000000000000000000000000020
:1030B0000000000000000000000000000000000010
:1030C0000000000000000000000000000000000000
:1030D00000000000000000000000000000000000F0
:1030E00000000000000000000000000000000000E0
:1030F00000000000000000000000000000000000D0
:1031000000000000160A0E00040000029356FE8024
:103110001E1E3B170F14340A08140208011474020F
:1031200028462C0000901088000404000000104085
:10313000000000000000000000000000000000008F
:10314000000000000000000000000000000000007F
:10315000000000000000000000000000000000006F
:10316000000000000000000000000000000000005F
:10317000000000000000000000000000000000004F
:10318000000000000000000000000000000000003F
:10319000000000000000000000000000000000002F
:1031A000000000000000000000000000000000001F
:1031B000000000000000000000000000000000000F
:1031C00000000000000000000000000000000000FF
:1031D00000000000000000000000000000000000EF
:1031E00000000000000000000000000000000000DF
:1031F00000000000000000000000000000000000CF
:1032000000000000000000000000000000000000BE
:1032100000000000000000000000000000000000AE
:10322000000000000000000000000000000000009E
:10323000000000000000000000000000000000008E
:10324000000000000000000000000000000000007E
:10325000000000000000000000000000000000006E
:10326000000000000000000000000000000000005E
:10327000000000000000000000000000000000004E
:10328000000000000000000000000000000000003E
:10329000000000000000000000000F5F00000000C0
:1032A0000000557F33FF03AB4444111F00001F1F74
:1032B000000013330F0F00007FFF0000000000002C
:1032C000000008DE00000000000000000000000018
:1032D00000000000000000000000000000000000EE
:1032E00000000000000000000000000000000000DE
:1032F00000000000000000000000000000000000CE
:1033000000000000000000000000000000000000BD
:1033100000000000000000000000000000000000AD
:10332000000000000000000000000000000000009D
:10333000000000000000000000000000000000008D
:10334000000000000000000000000000000000007D
:10335000000000000000000000000000000000006D
:10336000000000000000000000000000000000005D
:10337000000000000000000000000000000000004D
:10338000000000000000000000000000000000003D
:10339000000000000000000000000000000000002D
:1033A000000000000000000000000000000000001D
:1033B000000000000000000000000000000000000D
:1033C00000000000000000000000000000000000FD
:1033D00000000000000000000000000000000000ED
:1033E00000000000000000000000000000000000DD
:1033F00000000000000000000000000000000000CD
:1034000000000000000000000000000000000000BC
:1034100000000000000000000000000000000000AC
:1034200000000000000000000000000000000F5F2E
:10343000000000005FFF557FFFFFFFFFCCCC333F54
:103440000000FFFF5FFFFFFF3F3F0000FFFF0000A6
:1034500000000000000018A40000000000000000B0
:10346000000000000000000000000000000000005C
:10347000000000000000000000000000000000004C
:10348000000000000000000000000000000000003C
:10349000000000000000000000000000000000002C
:1034A000000000000000000000000000000000001C
:1034B000000000000000000000000000000000000C
:1034C00000000000000000000000000000000000FC
:1034D00000000000000000000000000000000000EC
:1034E00000000000000000000000000000000000DC
:1034F00000000000000000000000000000000000CC
:1035000000000000000000000000000000000000BB
:1035100000000000000000000000000000000000AB
:10352000000000000000000000000000000000009B
:10353000000000000000000000000000000000008B
:10354000000000000000000000000000000000007B
:10355000000000000000000000000000000000006B
:10356000000000000000000000000000000000005B
:10357000000000000000000000000000000000004B
:10358000000000000000000000000000000000003B
:10359000000000000000000000000000000000002B
:1035A000000000000000000000000000000000001B
:1035B000000000000000000000000000000000000B
:1035C0000000FF5F00000000FFFFFFFFFFFFFFFFA5
:1035D000CFCFFFFF0000FFFFFFFFFFFFFFFFFFFF59
:1035E000FFFF0000000000000000100200000000CB
:1035F00000000000000000000000000000000000CB
:1036000000000000000000000000000000000000BA
:1036100000000000000000000000000000000000AA
:10362000000000000000000000000000000000009A
:10363000000000000000000000000000000000008A
:10364000000000000000000000000000000000007A
:10365000000000000000000000000000000000006A
:10366000000000000000000000000000000000005A
:10367000000000000000000000000000000000004A
:10368000000000000000000000000000000000003A
:10369000000000000000000000000000000000002A
:1036A000000000000000000000000000000000001A
:1036B000000000000000000000000000000000000A
:1036C00000000000000000000000000000000000FA
:1036D00000000000000000000000000000000000EA
:1036E00000000000000000000000000000000000DA
:1036F00000000000000000000000000000000000CA
:1037000000000000000000000000000000000000B9
:1037100000000000000000000000000000000000A9
:103720000000000000000000000000000000000099
:103730000000000000000000000000000000000089
:103740000000000000000000000000000000000079
:10375000000000000000FF5F000000000000557F37
:10376000FFFFABAB4F4FFFFF00001F1F00003333C5
:10377000FFFF77FFFFFF000000000000000008A926
:103780000000000000000000000000000000000039
:103790000000000000000000000000000000000029
:1037A0000000000000000000000000000000000019
:1037B0000000000000000000000000000000000009
:1037C00000000000000000000000000000000000F9
:1037D00000000000000000000000000000000000E9
:1037E00000000000000000000000000000000000D9
:1037F00000000000000000000000000000000000C9
:1038000000000000000000000000000000000000B8
:1038100000000000000000000000000000000000A8
:103820000000000000000000000000000000000098
:103830000000000000000000000000000000000088
:103840000000000000000000000000000000000078
:103850000000000000000000000000000000000068
:103860000000000000000000000000000000000058
:103870000000000000000000000000000000000048
:103880000000000000000000000000000000000038
:103890000000000000000000000000000000000028
:1038A0000000000000000000000000000000000018
:1038B0000000000000000000000000000000000008
:1038C00000000000000000000000000000000000F8
:1038D00000000000000000000000000000000000E8
:1038E00000000000000000000000000000000000D8
:1038F00041001018000000460000101800000004ED
:103900000000001000000004000000300000000073
:10391000000001E6000000000000000000000000C0
:103920000000000000000000000000000000000097
:103930000000000000000000000000000000000087
:103940000000000000000000000000000000000077
:103950000000000000000000000000000000000067
:103960000000000000000000000000000000000057
:103970000000000000000000000000000000000047
:103980000000000000000000000000000000000037
:103990000000000000000000000000000000000027
:1039A0000000000000000000000000000000000017
:1039B0000000000000000000000000000000000007
:1039C00000000000000000000000000000000000F7
:1039D00000000000000000000000000000000000E7
:1039E00000000000000000000000000000000000D7
:1039F00000000000000000000000000000000000C7
:103A000000000000000000000000000000000000B6
:103A100000000000000000000000000000000000A6
:103A20000000000000000000000000000000000096
:103A30000000000000000000000000000000000086
:103A40000000000000000000000000000000000076
:103A50000000000000000000000000000000000066
:103A60000000000000000000000000000000000056
:103A70000000000000000000000000000000060040
:103A8000000000007100801800000016610080181E
:103A900000000014610080101804001400000830B9
:103AA0000000000000001977000000000000000086
:103AB0000000000000000000000000000000000006
:103AC00000000000000000000000000000000000F6
:103AD00000000000000000000000000000000000E6
:103AE00000000000000000000000000000000000D6
:103AF00000000000000000000000000000000000C6
:103B000000000000000000000000000000000000B5
:103B100000000000000000000000000000000000A5
:103B20000000000000000000000000000000000095
:103B30000000000000000000000000000000000085
:103B40000000000000000000000000000000000075
:103B50000000000000000000000000000000000065
:103B60000000000000000000000000000000000055
:103B70000000000000000000000000000000000045
:103B80000000000000000000000000000000000035
:103B90000000000000000000000000000000000025
:103BA0000000000000000000000000000000000015
:103BB0000000000000000000000000000000000005
:103BC00000000000000000000000000000000000F5
:103BD00000000000000000000000000000000000E5
:103BE00000000000000000000000000000000000D5
:103BF00000000000000000000000000000000000C5
:103C000000000000000000000000000000000000B4
:103C1000FFFFFFFF00000000555577FF0000AAAA34
:103C2000000033330000000000000000000000002E
:103C30000000000000000000000010040000000070
:103C40000000000000000000000000000000000074
:103C50000000000000000000000000000000000064
:103C60000000000000000000000000000000000054
:103C70000000000000000000000000000000000044
:103C80000000000000000000000000000000000034
:103C90000000000000000000000000000000000024
:103CA0000000000000000000000000000000000014
:103CB0000000000000000000000000000000000004
:103CC00000000000000000000000000000000000F4
:103CD00000000000000000000000000000000000E4
:103CE00000000000000000000000000000000000D4
:103CF00000000000000000000000000000000000C4
:103D000000000000000000000000000000000000B3
:103D100000000000000000000000000000000000A3
:103D20000000000000000000000000000000000093
:103D30000000000000000000000000000000000083
:103D40000000000000000000000000000000000073
:103D50000000000000000000000000000000000063
:103D60000000000000000000000000000000000053
:103D70000000000000000000000000000000000043
:103D80000000000000000000000000000000000033
:103D90000000000000000000000000000000000023
:103DA00000000000FFFFFFFF000000005555FFFF6F
:103DB0000000AAAA00003333000000000000000049
:103DC00000000000000000000000000000000000F3
:103DD00000000000000000000000000000000000E3
:103DE00000000000000000000000000000000000D3
:103DF00000000000000000000000000000000000C3
:103E000000000000000000000000000000000000B2
:103E100000000000000000000000000000000000A2
:103E20000000000000000000000000000000000092
:103E30000000000000000000000000000000000082
:103E40000000000000000000000000000000000072
:103E50000000000000000000000000000000000062
:103E60000000000000000000000000000000000052
:103E70000000000000000000000000000000000042
:103E80000000000000000000000000000000000032
:103E90000000000000000000000000000000000022
:103EA0000000000000000000000000000000000012
:103EB0000000000000000000000000000000000002
:103EC00000000000000000000000000000000000F2
:103ED00000000000000000000000000000000000E2
:103EE00000000000000000000000000000000000D2
:103EF00000000000000000000000000000000000C2
:103F000000000000000000000000000000000000B1
:103F100000000000000000000000000000000000A1
:103F20000000000000000000000000000000000091
:103F3000000000000000000011111111000000003D
:103F40001155000000002AAA000000000000000037
:103F50000000000000000000000000000000000061
:103F6000000018CB0000000000000000000000006E
:103F70000000000000000000000000000000000041
:103F80000000000000000000000000000000000031
:103F90000000000000000000000000000000000021
:103FA0000000000000000000000000000000000011
:103FB0000000000000000000000000000000000001
:103FC00000000000000000000000000000000000F1
:103FD00000000000000000000000000000000000E1
:103FE00000000000000000000000000000000000D1
:103FF00000000000000000000000000000000000C1
:1040000000000000000000000000000000000000B0
:1040100000000000000000000000000000000000A0
:104020000000000000000000000000000000000090
:104030000000000000000000000000000000000080
:104040000000000000000000000000000000000070
:104050000000000000000000000000000000000060
:104060000000000000000000000000000000000050
:104070000000000000000000000000000000000040
:104080000000000000000000000000000000000030
:104090000000000000000000000000000000000020
:1040A0000000000000000000000000000000000010
:1040B0000000000000000000000000000000000000
:1040C00000000000000000000000000011FF11FFD0
:1040D000000000005555000000002AAA0000000062
:1040E00000000000000000000000000000000000D0
:1040F00000000000000008CF0000000000000000E9
:1041000000000000000000000000000000000000AF
:10411000000000000000000000000000000000009F
:10412000000000000000000000000000000000008F
:10413000000000000000000000000000000000007F
:10414000000000000000000000000000000000006F
:10415000000000000000000000000000000000005F
:10416000000000000000000000000000000000004F
:10417000000000000000000000000000000000003F
:10418000000000000000000000000000000000002F
:10419000000000000000000000000000000000001F
:1041A000000000000000000000000000000000000F
:1041B00000000000000000000000000000000000FF
:1041C00000000000000000000000000000000000EF
:1041D00000000000000000000000000000000000DF
:1041E00000000000000000000000000000000000CF
:1041F00000000000000000000000000000000000BF
:1042000000000000000000000000000000000000AE
:104210001112081100010000000000000000000061
:10422000000000000000000000000000000000008E
:10423000000000000000000000000000000000007E
:10424000000000000000000000000000000000006E
:104250000A400000000106E1000000000001062005
:1042600000000C0000010000000A400000010400F2
:1042700013320811000100010802081100010000BA
:104280000A200000000004A10020580E0A4000008F
:104290000001008500000000000000000000000098
:1042A000000000000000000000000000000000000E
:1042B00000000000000000000000000000000000FE
:1042C00000000000000000000000000000000000EE
:1042D00000000000000000000000000000000000DE
:1042E00000000000000000000000000000000000CE
:1042F00000000000000000000000000000000000BE
:1043000000000000000000000000000000000000AD
:10431000000000000000000000000000000000009D
:10432000000000000000000000000000000000008D
:10433000000000000000000000000000000000007D
:10434000000000000000000000000000000000006D
:10435000000000000000000000000000000000005D
:10436000000000000000000000000000000000004D
:10437000000000000000000000000000000000003D
:10438000000000000000000000000000000000002D
:10439000000000000000000000000000000000001D
:1043A0000000000004C86080088088000000000051
:1043B00000000000000000000000000000000000FD
:1043C00000000000000000000000000000000000ED
:1043D00000000000000000000000000000000000DD
:1043E00000000000A72000800000034804400000F7
:1043F00000000288044044000000028C04402000B9
:104400000000000984C86080088088602680608081
:1044100000000000260000000000022C00080B3CF9
:1044200027280080000081400000000000000000FC
:10443000000000000000000000000000000000007C
:10444000000000000000000000000000000000006C
:10445000000000000000000000000000000000005C
:10446000000000000000000000000000000000004C
:10447000000000000000000000000000000000003C
:10448000000000000000000000000000000000002C
:10449000000000000000000000000000000000001C
:1044A000000000000000000000000000000000000C
:1044B00000000000000000000000000000000000FC
:1044C00000000000000000000000000000000000EC
:1044D00000000000000000000000000000000000DC
:1044E00000000000000000000000000000000000CC
:1044F00000000000000000000000000000000000BC
:1045000000000000000000000000000000000000AB
:10451000000000000000000000000000000000009B
:10452000000000000000000000000000000000008B
:10453000000000000000000000000000000000007B
:10454000000000000000000000000000000000006B
:10455000000000000000000000000000000000005B
:10456000000000000000000000000000000000400B
:104570000000000000000000000000000000000833
:10458000000000000000000000000000000000002B
:10459000000000000000000000000000000000001B
:1045A000000000000000000000000000000000000B
:1045B00000100931000000000000000000000000B1
:1045C00000000000000000000000000000000000EB
:1045D00000000000000000000000000000000000DB
:1045E00000000000000000000000000000000000CB
:1045F00000000000000000000000000000000000BB
:1046000000000000000000000000000000000000AA
:10461000000000000000000000000000000000009A
:10462000000000000000000000000000000000008A
:10463000000000000000000000000000000000007A
:10464000000000000000000000000000000000006A
:10465000000000000000000000000000000000005A
:10466000000000000000000000000000000000004A
:10467000000000000000000000000000000000003A
:10468000000000000000000000000000000000002A
:10469000000000000000000000000000000000001A
:1046A000000000000000000000000000000000000A
:1046B00000000000000000000000000000000000FA
:1046C00000000000000000000000000000000000EA
:1046D00000000000000000000000000000000000DA
:1046E00000000000000000000000000000000000CA
:1046F00000000000000000000000000000000000BA
:104700000000000000000000000000000000004069
:104710000000000000000000000000000000000099
:104720000000000000000000000000000000000089
:104730000000000000000000000000000000000079
:104740000000000000101E720000000000000000C9
:104750000000000000000000000000000000000059
:104760000000000000000000000000000000000049
:104770000000000000000000000000000000000039
:104780000000000000000000000000000000000029
:104790000000000000000000000000000000000019
:1047A0000000000000000000000000000000000009
:1047B00000000000000000000000000000000000F9
:1047C00000000000000000000000000000000000E9
:1047D00000000000000000000000000000000000D9
:1047E00000000000000000000000000000000000C9
:1047F00000000000000000000000000000000000B9
:1048000000000000000000000000000000000000A8
:104810000000000000000000000000000000000098
:104820000000000000000000000000000000000088
:104830000000000000000000000000000000000078
:104840000000000000000000000000000000000068
:104850000000000000000000000000000000000058
:1048600000400000004000000000000000000000C8
:104870000000000000000000000000000000000038
:104880000000000000000000000000000000000028
:104890000000000000000000000000000000000018
:1048A0000000000000000000000000000000000008
:1048B00000000000000000000000000000000000F8
:1048C00000000004000000000000000000000000E4
:1048D0000000000000000000024018CD00000000B1
:1048E00000000000000000000000000000000000C8
:1048F00000000000000000000000000000000000B8
:1049000000000000000000000000000000000000A7
:104910000000000000000000000000000000000097
:104920000000000000000000000000000000000087
:104930000000000000000000000000000000000077
:104940000000000000000000000000000000000067
:104950000000000000000000000000000000000057
:104960000000000000000000000000000000000047
:104970000000000000000000000000000000000037
:104980000000000000000000000000000000000027
:104990000000000000000000000000000000000017
:1049A0000000000000000000000000000000000007
:1049B00000000000000000000000000000000000F7
:1049C00000000000000000000000000000000000E7
:1049D00000000000000000000000000000000000D7
:1049E00000000000000000000000000000000000C7
:1049F0000000000000000020000000200000000077
:104A000000000000000000000000000000000000A6
:104A10000000000000000000000000000000000096
:104A20000000000000000000000000000000000086
:104A30000000000000000020000000020000000054
:104A40000000000000000000000000000000000066
:104A50000000000000000000000000000000000056
:104A60000000000000000000800000000080102C0A
:104A70000000000000000000000000000000000036
:104A80000000000000000000000000000000000026
:104A90000000000000000000000000000000000016
:104AA0000000000000000000000000000000000006
:104AB00000000000000000000000000000000000F6
:104AC00000000000000000000000000000000000E6
:104AD00000000000000000000000000000000000D6
:104AE00000000000000000000000000000000000C6
:104AF00000000000000000000000000000000000B6
:104B000000000000000000000000000000000000A5
:104B10000000000000000000000000000000000095
:104B20000000000000000000000000000000000085
:104B30000000000000000000000000000000000075
:104B40000000000000000000000000000000000065
:104B50000000000000000000000000000000000055
:104B60000000000000000000000000000000000045
:104B70000000000000000000000000000000000035
:104B80000000000000000000001000000010000005
:104B90000000000000000000000000000000000015
:104BA0000000000000000000000000000000000005
:104BB00000000000000000000000000000000000F5
:104BC00000000000000000000000000000000000E5
:104BD00000000000000000000000000000020000D3
:104BE00000000000000000000002000100000002C0
:104BF00000000000000000000000000010000000A5
:104C00000000183D0000000000000000000000004F
:104C10000000000000000000000000000000000094
:104C20000000000000000000000000000000000084
:104C30000000000000000000000000000000000074
:104C40000000000000000000000000000000000064
:104C50000000000000000000000000000000000054
:104C60000000000000000000000000000000000044
:104C70000000000000000000000000000000000034
:104C80000000000000000000000000000000000024
:104C90000000000000000000000000000000000014
:104CA0000000000000000000000000000000000004
:104CB00000000000000000000000000000000000F4
:104CC00000000000000000000000000000000000E4
:104CD00000000000000000000000000000000000D4
:104CE00000000000000000000000000000000000C4
:104CF00000000000000000000000000000000000B4
:104D000000000000000000000000000000000000A3
:104D10000000000000000000000000000000008013
:104D20000000008000000000000000000000000003
:104D30000000000000000000000000000000000073
:104D40000000000000000000000000000000000063
:104D500000000080000000000000000000000001D2
:104D60000000000000000000004000410000004082
:104D7000004000410000400500000100100010004C
:104D80000000000040000100000000400000110190
:104D9000000000000000186100000000000000009A
:104DA0000000000000000000000000000000000003
:104DB00000000000000000000000000000000000F3
:104DC00000000000000000000000000000000000E3
:104DD00000000000000000000000000000000000D3
:104DE00000000000000000000000000000000000C3
:104DF00000000000000000000000000000000000B3
:104E000000000000000000000000000000000000A2
:104E10000000000000000000000000000000000092
:104E20000000000000000000000000000000000082
:104E30000000000000000000000000000000000072
:104E40000000000000000000000000000000000062
:104E50000000000000000000000000000000000052
:104E60000000000000000000000000000000000042
:104E70000000000000000000000000000000000032
:104E80000000000000000000000000000000000022
:104E90000000000000000000000000000000000012
:104EA0000000000000000000000000000000000002
:104EB00000000000000000000000000000000000F2
:104EC00000000000000000000000000000000000E2
:104ED00000000000000000000000000000000000D2
:104EE00000000000000000000001000000000001C0
:104EF00000000000000000000000000400020004A8
:104F000002808000020040002084000002000004B3
:104F100000020004200010000000000420004006F1
:104F200040400000000001400000181C000000008C
:104F30004000000000000000000000000000000031
:104F40000000000000000000000000000000000061
:104F50000000000000000000000000000000000051
:104F60000000000000000000000000000000000041
:104F70000000000000000000000000000000000031
:104F80000000000000000000000000000000000021
:104F90000000000000000000000000000000000011
:104FA0000000000000000000000000000000000001
:104FB00000000000000000000000000000000000F1
:104FC00000000000000000000000000000000000E1
:104FD00000000000000000000000000000000000D1
:104FE00000000000000000000000000000000000C1
:104FF00000000000000000000000000000000000B1
:1050000000000000000000000000000000000000A0
:105010000000000000000000000000000000000090
:105020000000000000000000000000000000000080
:105030000000000000000000000000000000000070
:105040000000000000000000000000000000000060
:105050000000000000000000000000000000000050
:105060000000000000000000000000000000000040
:105070000000000000000000000000000000000030
:1050800000000000000400840000004080000004D4
:1050900000000000000100050000000260040001A3
:1050A00000080001000080000000100000000080E7
:1050B0000002000000000000000000000000114895
:1050C00000000000000000000000000000000000E0
:1050D00000000000000000000000000000000000D0
:1050E00000000000000000000000000000000000C0
:1050F00000000000000000000000000000000000B0
:10510000000000000000000000000000000000009F
:10511000000000000000000000000000000000008F
:10512000000000000000000000000000000000007F
:10513000000000000000000000000000000000006F
:10514000000000000000000000000000000000005F
:10515000000000000000000000000000000000004F
:10516000000000000000000000000000000000003F
:10517000000000000000000000000000000000002F
:10518000000000000000000000000000000000001F
:10519000000000000000000000000000000000000F
:1051A00000000000000000000000000000000000FF
:1051B00000000000000000000000000000000000EF
:1051C00000000000000000000000000400000000DB
:1051D00000000000000000000000000000000000CF
:1051E00000000000000000000000000000000000BF
:1051F00000000000000000000000000000000000AF
:10520000000000000000000000000040000000005E
:1052100000000000000000000000000090100000EE
:10522000000000000000000000000200000000007C
:1052300000000100000000000004000200400040E7
:105240000008000000080000000000480000000006
:1052500000000554000000000000000000000000F5
:10526000000000000000000000000000000000003E
:10527000000000000000000000000000000000002E
:10528000000000000000000000000000000000001E
:10529000000000000000000000000000000000000E
:1052A00000000000000000000000000000000000FE
:1052B00000000000000000000000000000000000EE
:1052C00000000000000000000000000000000000DE
:1052D00000000000000000000000000000000000CE
:1052E00000000000000000000000000000000000BE
:1052F00000000000000000000000000000000000AE
:10530000000000000000000000000000000000009D
:10531000000000000000000000000000000000008D
:10532000000000000000000000000000000000007D
:10533000000000000000000000000000000000006D
:10534000000000000000000000000000000000005D
:10535000000000000000000000000000000000004D
:10536000000000000000000000000000000000003D
:10537000000000000000000000000000000000002D
:10538000000000000000000000000000000000001D
:10539000000000000000000000000000000000000D
:1053A00000000000000000000000000000000000FD
:1053B00000400000800200000000000080020000A9
:1053C0000102020000200000400000400088008030
:1053D0000000008024000082100004000000000093
:1053E00000000000000006290000C00000000000CE
:1053F00000000000000000000000000000000000AD
:10540000000000000000000000000000000000009C
:10541000000000000000000000000000000000008C
:10542000000000000000000000000000000000007C
:10543000000000000000000000000000000000006C
:10544000000000000000000000000000000000005C
:10545000000000000000000000000000000000004C
:10546000000000000000000000000000000000003C
:10547000000000000000000000000000000000002C
:10548000000000000000000000000000000000001C
:10549000000000000000000000000000000000000C
:1054A00000000000000000000000000000000000FC
:1054B00000000000000000000000000000000000EC
:1054C00000000000000000000000000000000000DC
:1054D00000000000000000000000000000000000CC
:1054E00000000000000000000000000000000000BC
:1054F00000000000000000000000000000000000AC
:10550000000000000000000000000000000000009B
:10551000000000000000000000000000000000008B
:10552000000000000000000000000000000000007B
:105530000000000000000000000200000000000267
:1055400000040044001000004000000000000000C3
:1055500000000004000100014004000000040041BC
:1055600000000000000010000000004000010400E6
:105570000000004A000000000000181C000040006D
:10558000000000000000000000000000000000001B
:10559000000000000000000000000000000000000B
:1055A00000000000000000000000000000000000FB
:1055B00000000000000000000000000000000000EB
:1055C00000000000000000000000000000000000DB
:1055D00000000000000000000000000000000000CB
:1055E00000000000000000000000000000000000BB
:1055F00000000000000000000000000000000000AB
:10560000000000000000000000000000000000009A
:10561000000000000000000000000000000000008A
:10562000000000000000000000000000000000007A
:10563000000000000000000000000000000000006A
:10564000000000000000000000000000000000005A
:10565000000000000000000000000000000000004A
:10566000000000000000000000000000000000003A
:10567000000000000000000000000000000000002A
:105680000000000000000004000000000000000016
:10569000000000000000000000000000000000000A
:1056A00000000000000000000000000000000000FA
:1056B00000000000000000000000000000000000EA
:1056C000000000000000004000000000000000009A
:1056D000000000000000000000000000800000004A
:1056E00000000000828000000080020200800000B4
:1056F0000000020000880080000000C0000002825C
:1057000000008000800000000000000000000B5638
:105710000000000000000000000000000000000089
:105720000000000000000000000000000000000079
:105730000000000000000000000000000000000069
:105740000000000000000000000000000000000059
:105750000000000000000000000000000000000049
:105760000000000000000000000000000000000039
:105770000000000000000000000000000000000029
:105780000000000000000000000000000000000019
:105790000000000000000000000000000000000009
:1057A00000000000000000000000000000000000F9
:1057B00000000000000000000000000000000000E9
:1057C00000000000000000000000000000000000D9
:1057D00000000000000000000000000000000000C9
:1057E00000000000000000000000000000000000B9
:1057F00000000000000000000000000000000000A9
:105800000000000000000000000000000000000098
:105810000000000000000000000000000000000088
:105820000000000000000000000000000000000078
:105830000000000000000000000000000000000068
:105840000000000000000000000000000000000058
:105850000000000000000000000000000000000048
:1058600000000000000000000000000280000000B6
:10587000000200080002008A000300810302808009
:1058800020208008420000080000000820002000BE
:10589000000000082008000A00002200000000802C
:1058A00000000809000080008000000000000000E7
:1058B00000000000000000000000000000000000E8
:1058C00000000000000000000000000000000000D8
:1058D00000000000000000000000000000000000C8
:1058E00000000000000000000000000000000000B8
:1058F00000000000000000000000000000000000A8
:105900000000000000000000000000000000000097
:105910000000000000000000000000000000000087
:105920000000000000000000000000000000000077
:105930000000000000000000000000000000000067
:105940000000000000000000000000000000000057
:105950000000000000000000000000000000000047
:105960000000000000000000000000000000000037
:105970000000000000000000000000000000000027
:105980000000000000000000000000000000000017
:105990000000000000000000000000000000000007
:1059A00000000000000000000000000000000000F7
:1059B00000000000000000000000000000000000E7
:1059C00000000000000000000000000000000000D7
:1059D00000000000000000000000000000000000C7
:1059E00000000000000000000000000000000000B7
:1059F00000000000000000000000000000000000A7
:105A00001040004000000004008000000000820000
:105A100000000000100801030000000020076002E1
:105A200000400001A4080000100000800080000079
:105A3000000002000000072D000000000000000030
:105A40000000000000000000000000000000000056
:105A50000000000000000000000000000000000046
:105A60000000000000000000000000000000000036
:105A70000000000000000000000000000000000026
:105A80000000000000000000000000000000000016
:105A90000000000000000000000000000000000006
:105AA00000000000000000000000000000000000F6
:105AB00000000000000000000000000000000000E6
:105AC00000000000000000000000000000000000D6
:105AD00000000000000000000000000000000000C6
:105AE00000000000000000000000000000000000B6
:105AF00000000000000000000000000000000000A6
:105B00000000000000000000000000000000000095
:105B10000000000000000000000000000000000085
:105B20000000000000000000000000000000000075
:105B30000000000000000000000000000000000065
:105B40000000000000000000000000000000000055
:105B50000000000000000000000000000000000045
:105B60000000000000000000000000000000000035
:105B70000000000000000000000000000000000025
:105B80000000000000000000000000000000000015
:105B90000810860000104000840002081001080070
:105BA000000800441108004460000040002040004C
:105BB0008800000200802800500000800400400897
:105BC00000000000000000000000164D0000000072
:105BD00000000000000000000000000000000000C5
:105BE00000000000000000000000000000000000B5
:105BF00000000000000000000000000000000000A5
:105C00000000000000000000000000000000000094
:105C10000000000000000000000000000000000084
:105C20000000000000000000000000000000000074
:105C30000000000000000000000000000000000064
:105C40000000000000000000000000000000000054
:105C50000000000000000000000000000000000044
:105C60000000000000000000000000000000000034
:105C70000000000000000000000000000000000024
:105C80000000000000000000000000000000000014
:105C90000000000000000000000000000000000004
:105CA00000000000000000000000000000000000F4
:105CB00000000000000000000000000000000000E4
:105CC00000000000000000000000000000000000D4
:105CD00000000000000000000000000000000000C4
:105CE00000000000000000010000010000000000B2
:105CF00000000000000000000000000000000000A4
:105D00000000000000000000000000000000000093
:105D10000000000000000000000000000000000083
:105D20000000000000A0100000000008000000803B
:105D30000008108010000010000010000001020098
:105D400000000050000100810000008000000800F9
:105D5000110000500002000000000000000019596E
:105D60000000000000000000000000000000000033
:105D70000000000000000000000000000000000023
:105D80000000000000000000000000000000000013
:105D90000000000000000000000000000000000003
:105DA00000000000000000000000000000000000F3
:105DB00000000000000000000000000000000000E3
:105DC00000000000000000000000000000000000D3
:105DD00000000000000000000000000000000000C3
:105DE00000000000000000000000000000000000B3
:105DF00000000000000000000000000000000000A3
:105E00000000000000000000000000000000000092
:105E10000000000000000000000000000000000082
:105E20000000000000000000000000000000000072
:105E30000000000000000000000000000000000062
:105E40000000000000000000000000000000000052
:105E50000000000000000000000000000000000042
:105E60000000000000000000000000000000000032
:105E70000000000000000000000000000000000022
:105E80000000000000000000000000000000000012
:105E90000000000000000000000000000000000002
:105EA00000000000000000000000000000000000F2
:105EB00000000000000000000000000000040000DE
:105EC0001008001041000002904001008112000201
:105ED0004448001000040000010000000000000021
:105EE00000000002000000000000000000000000B0
:105EF00000000760000040000000000000000000FB
:105F00000000000000000000000000000000000091
:105F10000000000000000000000000000000000081
:105F20000000000000000000000000000000000071
:105F30000000000000000000000000000000000061
:105F40000000000000000000000000000000000051
:105F50000000000000000000000000000000000041
:105F60000000000000000000000000000000000031
:105F70000000000000000000000000000000000021
:105F80000000000000000000000000000000000011
:105F90000000000000000000000000000000000001
:105FA00000000000000000000000000000000000F1
:105FB00000000000000000000000000000000000E1
:105FC00000000000000000000000000000000000D1
:105FD00000000000000000000000000000000000C1
:105FE00000000000000000000000000000000000B1
:105FF00000000000000000000000000000000000A1
:106000000000000000000000000000000000004050
:10601000020000000000000000000000000000007E
:106020000000000000000000000000000000000070
:106030000000000000000000000000000000000060
:10604000000000000000000000000000000014003C
:1060500000080000200100000800002008010000E6
:1060600008000820008000026022000000400000BC
:1060700002000200140000110010000800000000DF
:1060800000020000000007E7000800000000000018
:106090000000000000000000000000000000000000
:1060A00000000000000000000000000000000000F0
:1060B00000000000000000000000000000000000E0
:1060C00000000000000000000000000000000000D0
:1060D00000000000000000000000000000000000C0
:1060E00000000000000000000000000000000000B0
:1060F00000000000000000000000000000000000A0
:10610000000000000000000000000000000000008F
:10611000000000000000000000000000000000007F
:10612000000000000000000000000000000000006F
:10613000000000000000000000000000000000005F
:10614000000000000000000000000000000000004F
:10615000000000000000000000000000000000003F
:10616000000000000000000000000000000000002F
:10617000000000000000000000000000000000001F
:10618000000000000000000000000000000000000F
:1061900000000000000000000000000000000000FF
:1061A00000010A00002800000000000000000000BC
:1061B00000000000000000000000000000000000DF
:1061C00000000000000000000000000000000000CF
:1061D00000000000000000000000000000000000BF
:1061E0001408005008000A00000800000000000425
:1061F000002088800000E000000808000000100275
:1062000000000A000008000000000000800000807C
:1062100000000280000000000000141600800282CE
:1062200000008004000000000000000000000000EA
:10623000000000000000000000000000000000005E
:10624000000000000000000000000000000000004E
:10625000000000000000000000000000000000003E
:10626000000000000000000000000000000000002E
:10627000000000000000000000000000000000001E
:10628000000000000000000000000000000000000E
:1062900000000000000000000000000000000000FE
:1062A00000000000000000000000000000000000EE
:1062B00000000000000000000000000000000000DE
:1062C00000000000000000000000000000000000CE
:1062D00000000000000000000000000000000000BE
:1062E00000000000000000000000000000000000AE
:1062F000000000000000000000000000000000009E
:10630000000000000000000000000000000000008D
:10631000000000000000000000000000000000007D
:10632000000000000000000000000000000000006D
:106330000000000014000014500000500000000095
:10634000000000000000000000000000000000004D
:10635000000000000000000000000000000000003D
:10636000000000000000000000000000000000002D
:106370000000000022070028140215510040000010
:106380000000000280010420808000820000008064
:106390004100008414000014D00000508400000468
:1063A0000000000000000000000000000000113CA0
:1063B00000020004000000010000000000000000D6
:1063C00000000000000000000000000000000000CD
:1063D00000000000000000000000000000000000BD
:1063E00000000000000000000000000000000000AD
:1063F000000000000000000000000000000000009D
:10640000000000000000000000000000000000008C
:10641000000000000000000000000000000000007C
:10642000000000000000000000000000000000006C
:10643000000000000000000000000000000000005C
:10644000000000000000000000000000000000004C
:10645000000000000000000000000000000000003C
:10646000000000000000000000000000000000002C
:10647000000000000000000000000000000000001C
:10648000000000000000000000000000000000000C
:1064900000000000000000000000000000000000FC
:1064A00000000000000000000000000000000000EC
:1064B00000000000000000000000000000000000DC
:1064C00000000000000000000000000100000000CB
:1064D00000000000000000000000000000000000BC
:1064E00000000000000000000000000000000000AC
:1064F000000000000000000000000000000000009C
:106500000000000000000000140114400008140006
:106510003440022080080012508004045021145698
:1065200088C00000000000C20200000301802000BB
:10653000980000A21120000C0002000000000000E2
:1065400000001343000400040000000000000000ED
:10655000000000000000000000000000000000003B
:10656000000000000000000000000000000000002B
:10657000000000000000000000000000000000001B
:10658000000000000000000000000000000000000B
:1065900000000000000000000000000000000000FB
:1065A00000000000000000000000000000000000EB
:1065B00000000000000000000000000000000000DB
:1065C00000000000000000000000000000000000CB
:1065D00000000000000000000000000000000000BB
:1065E00000000000000000000000000000000000AB
:1065F000000000000000000000000000000000009B
:10660000000000000000000000000000000000008A
:10661000000000000000000000000000000000007A
:10662000000000000000000000000000000000006A
:10663000000000000000000000000000000000005A
:10664000000000000000000000000000000000004A
:10665000000000000000000000000000000000003A
:106660000000010000000000000000000000000029
:10667000000000000000000000000000000000001A
:10668000000000000000000000000000000000000A
:10669000000000000000000000000000202E8038F4
:1066A00000004B0080000080000118850020802041
:1066B0000000E081400D08E18131501488800080A5
:1066C0000000098020000801000040500000028006
:1066D000000100000000126F0082820200008000B2
:1066E00000000000000000000000000000000000AA
:1066F000000000000000000000000000000000009A
:106700000000000000000000000000000000000089
:106710000000000000000000000000000000000079
:106720000000000000000000000000000000000069
:106730000000000000000000000000000000000059
:106740000000000000000000000000000000000049
:106750000000000000000000000000000000000039
:106760000000000000000000000000000000000029
:106770000000000000000000000000000000000019
:106780000000000000000000000000000000000009
:1067900000000000000000000000000000000000F9
:1067A00000000000000000000000000000000000E9
:1067B00000000000000000000000000000000000D9
:1067C00000000000000000000000000000000000C9
:1067D00000000000000000000000000000000000B9
:1067E00000000000000000000000000000000000A9
:1067F00000000A81012801000000000000000000E4
:106800000000000000000000000000000000000088
:106810000000000000000000000000000000000078
:106820000000000000000000000000000000000068
:106830003EAFB478140A5F59B44402A09409189783
:1068400054A184F4D521F4D7E8CD0AE1813950D69A
:106850008A810A8381882980F80008A3912040DC7E
:10686000000202800001000000001EC000868206B7
:106870000000800100000000000000000000000097
:106880000000000000000000000000000000000008
:1068900000000000000000000000000000000000F8
:1068A00000000000000000000000000000000000E8
:1068B00000000000000000000000000000000000D8
:1068C00000000000000000000000000000000000C8
:1068D00000000000000000000000000000000000B8
:1068E00000000000000000000000000000000000A8
:1068F0000000000000000000000000000000000098
:106900000000000000000000000000000000000087
:106910000000000000000000000000000000000077
:106920000000000000000000000000000000000067
:106930000000000000000000000000000000000057
:106940000000000000000000000000000000000047
:106950000000000000000000000000000000000037
:106960000000000000000000000000000000000027
:106970000000000000000000000000000000000017
:10698000000000001401001550000150000000003C
:1069900000000000000000000000000000000000F7
:1069A00000000000000000000000000000000000E7
:1069B00000000000000000000000000000000000D7
:1069C00000000000343F9E78081C5F00B44A02A813
:1069D00082091897F0AA8E2452A9F4D7C8CD08E1ED
:1069E000D13150D69E800097518029D0BC0008A795
:1069F0001520405C000202800001000000001555D7
:106A00000086828600008004000000000000000074
:106A10000000000000000000000000000000000076
:106A20000000000000000000000000000000000066
:106A30000000000000000000000000000000000056
:106A40000000000000000000000000000000000046
:106A50000000000000000000000000000000000036
:106A60000000000000000000000000000000000026
:106A70000000000000000000000000000000000016
:106A80000000000000000000000000000000000006
:106A900000000000000000000000000000000000F6
:106AA00000000000000000000000000000000000E6
:106AB00000000000000000000000000000000000D6
:106AC00000000000000000000000000000000000C6
:106AD00000000000000000000000000000000000B6
:106AE00000000000000000000000000000000000A6
:106AF0000000000000000000000000000000000096
:106B00000000000000000000000000000000000085
:106B10000000000000000000000000000000000075
:106B20000000000000000000000000000000000065
:106B30000000000000000000000000000000000055
:106B40000000000000000000000000000000000045
:106B5000000000000000000055550000000080000B
:106B6000CCCC00FFFF00FFFFFF00F0F0FFFFFF00B5
:106B7000AAAAFFFFFF00F0F0AAAA33AAFFFFFFFFB7
:106B8000AAAACCCC0000AAAA0000000000000000C5
:106B9000000017EF00003333000000000000000089
:106BA00000000000000000000000000000000000E5
:106BB00000000000000000000000000000000000D5
:106BC00000000000000000000000000000000000C5
:106BD00000000000000000000000000000000000B5
:106BE00000000000000000000000000000000000A5
:106BF0000000000000000000000000000000000095
:106C00000000000000000000000000000000000084
:106C10000000000000000000000000000000000074
:106C20000000000000000000000000000000000064
:106C30000000000000000000000000000000000054
:106C40000000000000000000000000000000000044
:106C50000000000000000000000000000000000034
:106C60000000000000000000000000000000000024
:106C70000000000000000000000000000000000014
:106C80000000000000000000000000000000000004
:106C900000000000000000000000000000000000F4
:106CA00000000000000000000000000000000000E4
:106CB00000000000000000000000000000000000D4
:106CC00000000000000000000000000000000000C4
:106CD00000000000000000000000000000000000B4
:106CE00000000000000000000000000000000000A4
:106CF00000000000CCCC00FFFF00FFFFFF00F0F021
:106D0000FFFFFF00AAAAFFFFFF00F0F0AAAA33AA24
:106D1000FFFFFFFFAAAACCCC0000AAAA0000000037
:106D200000000000000000000000333300000000FD
:106D30000000000000000000000000000000000053
:106D40000000000000000000000000000000000043
:106D50000000000000000000000000000000000033
:106D60000000000000000000000000000000000023
:106D70000000000000000000000000000000000013
:106D80000000000000000000000000000000000003
:106D900000000000000000000000000000000000F3
:106DA00000000000000000000000000000000000E3
:106DB00000000000000000000000000000000000D3
:106DC00000000000000000000000000000000000C3
:106DD00000000000000000000000000000000000B3
:106DE00000000000000000000000000000000000A3
:106DF0000000000000000000000000000000000093
:106E00000000000000000000000000000000000082
:106E10000000000000000000000000000000000072
:106E20000000000000000000000000000000000062
:106E30000000000000000000000000000000000052
:106E40000000000000000000000000000000000042
:106E50000000000000000000000000000000000032
:106E60000000000000000000000000000000000022
:106E70000000000000000000000000000000000012
:106E80000000FFFF00000000CCCCFF00FF0000006E
:106E9000FF00F0F00000FF00AAAA0000FF00F0F0E1
:106EA000AAAA33AA00000000AAAACCCC0000AAAA71
:106EB00000000000000000000000000000000000D2
:106EC00000000000000000000000000000000000C2
:106ED00000000000000000000000000000000000B2
:106EE00000000000000000000000000000000000A2
:106EF0000000000000000000000000000000000092
:106F00000000000000000000000000000000000081
:106F10000000000000000000000000000000000071
:106F20000000000000000000000000000000000061
:106F30000000000000000000000000000000000051
:106F40000000000000000000000000000000000041
:106F50000000000000000000000000000000000031
:106F60000000000000000000000000000000000021
:106F70000000000000000000000000000000000011
:106F80000000000000000000000000000000000001
:106F900000000000000000000000000000000000F1
:106FA00000000000000000000000000000000000E1
:106FB00000000000000000000000000000000000D1
:106FC00000000000000000000000000000000000C1
:106FD00000000000000000000000000000000000B1
:106FE00000000000000000000000000000000000A1
:106FF0000000000000000000000000000000000091
:107000000000000000000000000000000000000080
:107010000000000055405FFF00000000CCCCFF00E6
:10702000FF000000FF00F0F00000FF00AAAA00002F
:10703000FF00F0F0AAAA33AA00000000AAAACCCC54
:107040000000AAAA0000000000000000000007D411
:107050000000000000000000000000000000000030
:107060000000000000000000000000000000000020
:107070000000000000000000000000000000000010
:107080000000000000000000000000000000000000
:1070900000000000000000000000000000000000F0
:1070A00000000000000000000000000000000000E0
:1070B00000000000000000000000000000000000D0
:1070C00000000000000000000000000000000000C0
:1070D00000000000000000000000000000000000B0
:1070E00000000000000000000000000000000000A0
:1070F0000000000000000000000000000000000090
:10710000000000000000000000000000000000007F
:10711000000000000000000000000000000000006F
:10712000000000000000000000000000000000005F
:10713000000000000000000000000000000000004F
:10714000000000000000000000000000000000003F
:10715000000000000000000000000000000000002F
:107160000000000000000000008B02800280C800C8
:10717000000000000000000000000000000000000F
:1071800000000000000000000000000000000000FF
:1071900000000000000000000000000000000000EF
:1071A000000000000000000001881298000000406C
:1071B0005100100800200442510010080824044225
:1071C0005100100800200400108B029002A0CC0097
:1071D00010010280000004000000003800000000E0
:1071E000000013DF41841499000008C20000000071
:1071F000000000000000000000000000000000008F
:10720000000000000000000000000000000000007E
:10721000000000000000000000000000000000006E
:10722000000000000000000000000000000000005E
:10723000000000000000000000000000000000004E
:10724000000000000000000000000000000000003E
:10725000000000000000000000000000000000002E
:10726000000000000000000000000000000000001E
:10727000000000000000000000000000000000000E
:1072800000000000000000000000000000000000FE
:1072900000000000000000000000000000000000EE
:1072A00000000000000000000000000000000000DE
:1072B00000000000000000000000000000000000CE
:1072C00000000000000000000000000000000000BE
:1072D00000000000000000000000000000000000AE
:1072E000000000000000000000000000000000009E
:1072F000000000000000000000000000004000400E
:107300000008220000000000000000000000000053
:10731000000000000000000000000000000000006D
:10732000000000000000000000000000000000005D
:107330000000000000000000000000000000004805
:10734000000000001000608800000002100010889B
:10735000040000021000108800000000004090D1DE
:1073600000082200000010C00000000000000838E3
:107370000000000000000484000000100000000075
:1073800000000000000000000000000000000000FD
:1073900000000000000000000000000000000000ED
:1073A00000000000000000000000000000000000DD
:1073B00000000000000000000000000000000000CD
:1073C00000000000000000000000000000000000BD
:1073D00000000000000000000000000000000000AD
:1073E000000000000000000000000000000000009D
:1073F000000000000000000000000000000000008D
:10740000000000000000000000000000000000007C
:10741000000000000000000000000000000000006C
:10742000000000000000000000000000000000005C
:10743000000000000000000000000000000000004C
:10744000000000000000000000000000000000003C
:10745000000000000000000000000000000000002C
:10746000000000000000000000000000000000001C
:10747000000000000000000000000000000000000C
:1074800000000000000000000000000000000000FC
:1074900000000000000000000000000000000000EC
:1074A00000000000000000000000000000000000DC
:1074B00000000000000000000000000000000000CC
:1074C00000000000000000000000000000000000BC
:1074D00000000000FFFF5500FFFF33770000FFFFB3
:1074E000F5FFFFFFFFFFFFFF33773300FFFFFFFFD5
:1074F0000000000000000000FFFF0000FFFFFFFF92
:1075000000002222000000000000000300FF553FA1
:10751000000000000000000000000000000000006B
:10752000000000000000000000000000000000005B
:10753000000000000000000000000000000000004B
:10754000000000000000000000000000000000003B
:10755000000000000000000000000000000000002B
:10756000000000000000000000000000000000001B
:10757000000000000000000000000000000000000B
:1075800000000000000000000000000000000000FB
:1075900000000000000000000000000000000000EB
:1075A00000000000000000000000000000000000DB
:1075B00000000000000000000000000000000000CB
:1075C00000000000000000000000000000000000BB
:1075D00000000000000000000000000000000000AB
:1075E000000000000000000000000000000000009B
:1075F000000000000000000000000000000000008B
:10760000000000000000000000000000000000007A
:10761000000000000000000000000000000000006A
:10762000000000000000000000000000000000005A
:10763000000000000000000000000000000000004A
:10764000000000000000000000000000000000003A
:10765000000000000000000000000000000000002A
:107660000000000000000000FFFF5500FFFF33771F
:10767000000011FFF7FFFFFFFFFFFFFF337733002D
:10768000FFFFFFFF0000000000000000FFFF000000
:10769000FFFFFFFF00002222000000000000087E24
:1076A00000FF553F00000000000000000000000047
:1076B00000000000000000000000000000000000CA
:1076C00000000000000000000000000000000000BA
:1076D00000000000000000000000000000000000AA
:1076E000000000000000000000000000000000009A
:1076F000000000000000000000000000000000008A
:107700000000000000000000000000000000000079
:107710000000000000000000000000000000000069
:107720000000000000000000000000000000000059
:107730000000000000000000000000000000000049
:107740000000000000000000000000000000000039
:107750000000000000000000000000000000000029
:107760000000000000000000000000000000000019
:107770000000000000000000000000000000000009
:1077800000000000000000000000000000000000F9
:1077900000000000000000000000000000000000E9
:1077A00000000000000000000000000000000000D9
:1077B00000000000000000000000000000000000C9
:1077C00000000000000000000000000000000000B9
:1077D00000000000000000000000000000000000A9
:1077E0000000000000000000000000000000000099
:1077F0000000000000000000809599CC55559500D0
:107800000055005500001FFF55FF44CC1FFF5FFFD0
:10781000337733007FFF7FFF00000000000000008F
:1078200033FF000077FF0FFF00002222000000005E
:107830000000071800FF553F000000000000000096
:107840000000000000000000000000000000000038
:107850000000000000000000000000000000000028
:107860000000000000000000000000000000000018
:107870000000000000000000000000000000000008
:1078800000000000000000000000000000000000F8
:1078900000000000000000000000000000000000E8
:1078A00000000000000000000000000000000000D8
:1078B00000000000000000000000000000000000C8
:1078C00000000000000000000000000000000000B8
:1078D00000000000000000000000000000000000A8
:1078E0000000000000000000000000000000000098
:1078F0000000000000000000000000000000000088
:107900000000000000000000000000000000000077
:107910000000000000000000000000000000000067
:107920000000000000000000000000000000000057
:107930000000000000000000000000000000000047
:107940000000000000000000000000000000000037
:107950000000000000000000000000000000000027
:107960000000000000000000000000000000000017
:107970000000000000000000000000000000000007
:107980000000000000000000000000007F9599CC7E
:10799000FFFF5500FFFF3377000011FF77FF4FCF48
:1079A0001F1F7FFF33773300FFFFFFFF0000000042
:1079B00000000000FFFF000077FFFFFF0000222211
:1079C000000000000000073300FF553F00000000EA
:1079D00000000000000000000000000000000000A7
:1079E0000000000000000000000000000000000097
:1079F0000000000000000000000000000000000087
:107A00000000000000000000000000000000000076
:107A10000000000000000000000000000000000066
:107A20000000000000000000000000000000000056
:107A30000000000000000000000000000000000046
:107A40000000000000000000000000000000000036
:107A50000000000000000000000000000000000026
:107A60000000000000000000000000000000000016
:107A70000000000000000000000000000000000006
:107A800000000000000000000000000000000000F6
:107A900000000000000000000000000000000000E6
:107AA00000000000000000000000000000000000D6
:107AB00000000000000000000000000000000000C6
:107AC00000000000000000000000000000000000B6
:107AD00000000000000000000000000000000000A6
:107AE0000000000000000000000000000000000096
:107AF0000000000000000000000000000000000086
:107B00000000000000000000000000000000000075
:107B10000000000000000000000000000000000065
:107B20000000000000000000000000000000000055
:107B30000000000000000000000000000000000045
:107B40000000000000000000000000000000000035
:107B50000000000000000000000000000000000025
:107B60000000000000000000000000000000000015
:107B70000000000000000000000000000000000005
:107B800000000000000000000000000000000000F5
:107B900000000000000000000000000000000000E5
:107BA00000000000000000000000000000000000D5
:107BB00000000000000000000000000000000000C5
:107BC00000000000000000000000000000000000B5
:107BD00000000000000000000000000000000000A5
:107BE0000000000000000000000000000000000095
:107BF0000000000000000000000000000000000085
:107C00000000000000000000000000000000000074
:107C10000000000000000000000000000000000064
:107C20000000000030008001000000012000000082
:107C3000300020010040048120000000300040CAD4
:107C40000000000000000000000000000000000034
:107C50000000000000000000000000000000000024
:107C60000000000000000000000000000000000014
:107C70000000000000000000000000000000000004
:107C800000000000000000000000000000000000F4
:107C900000000000000000000000000000000000E4
:107CA00000000000000000000000000000000000D4
:107CB00000000000000000000000000000000000C4
:107CC00000000000000000000000000000000000B4
:107CD0000000000000000000000000001200000092
:107CE0000000000000000000000000000000000094
:107CF0000000000000000000000000000000000084
:107D0000000000000000000000000005000000006E
:107D10000000000000000000000000000000000063
:107D20000000000000000000000000000000000053
:107D30000000000000000000000000000000000043
:107D40000000000000000000000000000000000033
:107D50000000000000000000000000000000000023
:107D60000000000000000000000000000000000013
:107D70000000000000000000000000000000000003
:107D800000000000000000000000000000000000F3
:107D900000000000000000000000000000000000E3
:107DA00000000000000000000000000000000000D3
:107DB00000000000000000000000000000000000C3
:107DC00000000000000000000000000000000000B3
:107DD00000000000000000000000000000000000A3
:107DE0000000000000000000000000000000000093
:107DF0000000000000000000000000000000000083
:107E00000000000000000000000000000000000072
:107E10000000000000000000000000000000000062
:107E20000000000000000000000000000000000052
:107E30000000000000000000000000000000000042
:107E40000000000000000000000000000000000032
:107E50000000000000000000000000000000000022
:107E60000000000000000000000000000000000012
:107E70000000000000000000000000000000000002
:107E800000000000000000000000000000000000F2
:107E900000000000000000000000000000000000E2
:107EA00000000000000000000000000000000000D2
:107EB00000000000000000000000000000000000C2
:107EC00000000000000000000000000000000000B2
:107ED00000000000000000000000000000000000A2
:107EE0000000000000000000000000000000000092
:107EF0000000000000000000000000000000000082
:107F00000000000000000000000000000000000071
:107F10000000000000000000000000000000000061
:107F20000000000000000000000000000000000051
:107F30000000000000000000000000000000000041
:107F40000000000000000000000000000000000031
:107F50000000000000000000000000000000000021
:107F6000000000000000000030008001000000015F
:107F700020000000300020010040048320000000A9
:107F8000300040CA000000000000000000000000B7
:107F900000000000000000000000000000000000E1
:107FA00000000000000000000000000000000000D1
:107FB00000000000000000000000000000000000C1
:107FC00000000000000000000000000000000000B1
:107FD00000000000000000000000000000000000A1
:107FE0000000000000000000000000000000000091
:107FF0000000000000000000000000000000000081
:108000000000000000000000000000000000000070
:108010000000000000000000000000000000000060
:108020000000000000000000000000000000000050
:10803000000000000000000000030000000000003D
:10804000000000000000000000000000000010011F
:108050000000000000000000000000000000000020
:108060000000000000000000000000000000000010
:108070000000000000000000000000000000000000
:1080800000000000000000000000000000000000F0
:1080900000000000000000000000000000000000E0
:1080A00000000000000000000000000000000000D0
:1080B00000000000000000000000000000000000C0
:1080C00000000000000000000000000000000000B0
:1080D00000000000000000000000000000000000A0
:1080E0000000000000000000000000000000000090
:1080F0000000000000000000000000000000000080
:10810000000000000000000000000000000000006F
:10811000000000000000000000000000000000005F
:10812000000000000000000000000000000000004F
:10813000000000000000000000000000000000003F
:10814000000000000000000000000000000000002F
:10815000000000000000000000000000000000001F
:10816000000000000000000000000000000000000F
:1081700000000000000000000000000000000000FF
:1081800000000000000000000000000000000000EF
:1081900000000000000000000000000000000000DF
:1081A00000000000000000000000000000000000CF
:1081B00000000000000000000000000000000000BF
:1081C00000000000000000000000000000000000AF
:1081D000000000000000000000000000000000009F
:1081E000000000000000000000000000000000008F
:1081F000000000000000000000000000000000007F
:10820000000000000000000000000000000000006E
:10821000000000000000000000000000000000005E
:10822000000000000000000000000000000000004E
:10823000000000000000000000000000000000003E
:10824000000000000000000000000000000000002E
:10825000000000000000000000000000000000001E
:10826000000000000000000000000000000000000E
:1082700000000000000000000000000000000000FE
:1082800000000000000000000000000000000000EE
:1082900000000000000000000000000000000000DE
:1082A000000000000000000000000000300080011D
:1082B0000000000120000000300020010040048682
:1082C000200000003000425E0000000000000000BE
:1082D000000000000000000000000000000000009E
:1082E000000000000000000000000000000000008E
:1082F000000000000000000000000000000000007E
:10830000000000000000000000000000000000006D
:10831000000000000000000000000002000000005B
:10832000000000000000000000000000000000004D
:10833000000000000000000000000000000000003D
:10834000000000000000000000000000000000002D
:10835000000000000000000000000000000000001D
:10836000000000000000000000000000000000000D
:1083700000002002000000000000000000000000DB
:1083800000000000000000000000000000000000ED
:10839000000005CD0000000000000000000000000B
:1083A00000000000000000000000000000000000CD
:1083B00000000000000000000000000000000000BD
:1083C00000000000000000000000000000000000AD
:1083D000000000000000000000000000000000009D
:1083E000000000000000000000000000000000008D
:1083F000000000000000000000000000000000007D
:10840000000000000000000000000000000000006C
:10841000000000000000000000000000000000005C
:10842000000000000000000000000000000000004C
:10843000000000000000000000000000000000003C
:10844000000000000000000000000000000000002C
:10845000000000000000000000000000000000001C
:10846000000000000000000000000000000000000C
:1084700000000000000000000000000000000000FC
:1084800000000000000000000000000000000000EC
:1084900000000000000000000000000000000000DC
:1084A00000000000000000000000000000000000CC
:1084B00010000000000000000000000000000000AC
:1084C00000000000000000000000000000000000AC
:1084D000000000000000000000000000000000009C
:1084E000000000000000000000000000000000008C
:1084F000000000000000000000000000000000007C
:10850000000000000000000000001000000000005B
:10851000000000000000000000100000000001004A
:108520000000000000001D0C000000000000000022
:10853000000000000000000000000000000000003B
:10854000000000000000000000000000000000002B
:10855000000000000000000000000000000000001B
:10856000000000000000000000000000000000000B
:1085700000000000000000000000000000000000FB
:1085800000000000000000000000000000000000EB
:1085900000000000000000000000000000000000DB
:1085A00000000000000000000000000000000000CB
:1085B00000000000000000000000000000000000BB
:1085C00000000000000000000000000000000000AB
:1085D000000000000000000000000000000000009B
:1085E000000000000000000000000000000000008B
:1085F000000000000000000000000000000000007B
:10860000000000000000000000000000000000006A
:10861000000000000000000000000000000000005A
:10862000000000000000000000000000000000004A
:108630000000000000000000000000000008000032
:10864000000000000000000000000000000000002A
:10865000000000000000000000000000000000001A
:10866000000000000000000000000000000000000A
:1086700000000000000000000000000000000000FA
:1086800000000000000000000008000010000000D2
:1086900000080000000000100004000000080000B6
:1086A00000000400000000000000000004000000C2
:1086B000000000000000001000001D7E000000000F
:1086C00000000000000000000000000000000000AA
:1086D000000000000000000000000000000000009A
:1086E000000000000000000000000000000000008A
:1086F000000000000000000000000000000000007A
:108700000000000000000000000000000000000069
:108710000000000000000000000000000000000059
:108720000000000000000000000000000000000049
:108730000000000000000000000000000000000039
:108740000000000000000000000000000000000029
:108750000000000000000000000000000000000019
:108760000000000000000000000000000000000009
:1087700000000000000000000000000000000000F9
:1087800000000000000000000000000000000000E9
:1087900000000000000000000000000000000000D9
:1087A00000000000000000000000000000000000C9
:1087B00000000000000000000000000000000000B9
:1087C00000000000000000000000000000000000A9
:1087D0000000000000000000000000000000000099
:1087E0000000000000000000000000000000000089
:1087F0000000000000000000000000000000000079
:108800000000000000000000000000000000000068
:108810000000000000000000000000000000100048
:108820000000000000000000000000100000802098
:1088300000000000400000000000000000000000F8
:1088400000000000800000000000000000000B2875
:108850000000000000000000000008000000000010
:108860000000000000000000000000000000000008
:1088700000000000000000000000000000000000F8
:1088800000000000000000000000000000000000E8
:1088900000000000000000000000000000000000D8
:1088A00000000000000000000000000000000000C8
:1088B00000000000000000000000000000000000B8
:1088C00000000000000000000000000000000000A8
:1088D0000000000000000000000000000000000098
:1088E0000000000000000000000000000000000088
:1088F0000000000000000000000000000000000078
:108900000000000000000000000000000000000067
:108910000000000000000000000000000000000057
:108920000000000000000000000000000000000047
:108930000000000000000000000000000000000037
:108940000000000000000000000000000000000027
:108950000000000000000000000000000000000017
:108960000000000000000000000000000000000007
:1089700000000000000000000000000000000000F7
:1089800000000000000000000000000000000000E7
:1089900000000000000000000000000000000000D7
:1089A00000000000000000000000000000000000C7
:1089B00000000000000000000000100000000000A7
:1089C00000000000000000000000000000000001A6
:1089D0000000100000000000000000000000000087
:1089E000000018400000000000000000000000002F
:1089F0000000000000000000000000000000000077
:108A00000000000000000000000000000000000066
:108A10000000000000000000000000000000000056
:108A20000000000000000000000000000000000046
:108A30000000000000000000000000000000000036
:108A40000000000000000000000000000000000026
:108A50000000000000000000000000000000000016
:108A60000000000000000000000000000000000006
:108A700000000000000000000000000000000000F6
:108A800000000000000000000000000000000000E6
:108A900000000000000000000000000000000000D6
:108AA00000000000000000000000000000000000C6
:108AB00000000000000000000000000000000000B6
:108AC00000000000000000000000000000000000A6
:108AD0000000000000000000000000000000000096
:108AE0000000000000000000000000000000000086
:108AF0000000000000000000000000000000000076
:108B00000000000000000000000000000000000065
:108B10000000000000000000000000000000000055
:108B20000000000000000000000000000000000045
:108B30000000000000000000000000000000000035
:108B40000000000000000000000000000000000025
:108B50000000000000000000000000000000000015
:108B60000000000000000000000000000000000005
:108B700000000000000000000000000000000000F5
:108B800000000000000000000000000000000000E5
:108B900000000000000000000000000000000000D5
:108BA00000000000000000000000000000000000C5
:108BB00000000000000000000000000000000000B5
:108BC00000000000000000000000000000000000A5
:108BD0000000000000000000000000000000000095
:108BE0000000000000000000000000000000000085
:108BF0000000000000000000000000000000000075
:108C00000000000000000000000000000000000064
:108C10000000000000000000000000000000000054
:108C20000000000000000000000000000000000044
:108C30000000000000000000000000000000000034
:108C40003000800100000001200000003000200101
:108C50000040048C20000000300041F900000000BA
:108C60000000000000000000000000000000000004
:108C700000000000000000000000000000000000F4
:108C800000000000000000000000000000000000E4
:108C900000000000000000000000000000000000D4
:108CA00000000000000000000000000000000000C4
:108CB0002000000000000000000000000000000094
:108CC00000000000000000000000000000000000A4
:108CD0000000000000000000000000000000000094
:108CE0000000000000000000000000000000000084
:108CF0000000000000000000000000000000000074
:108D000000000020000050100000000000000800DB
:108D10000000000100001000000000004000000002
:108D200000000000000014670000000000000000C8
:108D30000000000000000000000000000000000033
:108D40000000000000000000000000000000000023
:108D50000000000000000000000000000000000013
:108D60000000000000000000000000000000000003
:108D700000000000000000000000000000000000F3
:108D800000000000000000000000000000000000E3
:108D900000000000000000000000000000000000D3
:108DA00000000000000000000000000000000000C3
:108DB00000000000000000000000000000000000B3
:108DC00000000000000000000000000000000000A3
:108DD0000000000000000000000000000000000093
:108DE0000000000000000000000000000000000083
:108DF0000000000000000000000000000000000073
:108E00000000000000000000000000000000000062
:108E10000000000000000000000000000000000052
:108E20000000000000000000000000000000000042
:108E3000000000000000000000000000000800002A
:108E40000000000100000000000000000000000021
:108E50000000000000000000000000000000000012
:108E60000000000000000000000000000000000002
:108E700000000000000000000000000000000000F2
:108E800000000000000000000000000000000000E2
:108E900000080000000000000008000100080000B9
:108EA00000000000000000000000000000000000C2
:108EB000000000000000000000001ACA00000000CE
:108EC000000000000000040000000000000000009E
:108ED0000000000000000000000000000000000092
:108EE0000000000000000000000000000000000082
:108EF0000000000000000000000000000000000072
:108F00000000000000000000000000000000000061
:108F10000000000000000000000000000000000051
:108F20000000000000000000000000000000000041
:108F30000000000000000000000000000000000031
:108F40000000000000000000000000000000000021
:108F50000000000000000000000000000000000011
:108F60000000000000000000000000000000000001
:108F700000000000000000000000000000000000F1
:108F800000000000000000000000000000000000E1
:108F900000000000000000000000000000000000D1
:108FA00000000000000000000000000000000000C1
:108FB00000000000000000000000000000000000B1
:108FC00000000000000000000000000000000000A1
:108FD0000000000000000000000000000000000091
:108FE0000000000000000000000000000000000081
:108FF0000000000000000000000000000000000071
:109000000000000000000000000000000000000060
:109010000000000000000000000000000000100040
:109020000000000000001000000000100000000020
:1090300000000000400000000000000000000000F0
:109040000000000000000000000000000000003AE6
:109050000000000000000000000000000000000010
:109060000000000000000000000000000000000000
:1090700000000000000000000000000000000000F0
:1090800000000000000000000000000000000000E0
:1090900000000000000000000000000000000000D0
:1090A00000000000000000000000000000000000C0
:1090B00000000000000000000000000000000000B0
:1090C00000000000000000000000000000000000A0
:1090D0000000000000000000000000000000000090
:1090E0000000000000000000000000000000000080
:1090F0000000000000000000000000000000000070
:10910000000000000000000000000000000000005F
:10911000000000000000000000000000000000004F
:10912000000000000000000000000000000000003F
:10913000000000000000000000000000000000002F
:10914000000000000000000000000000000000001F
:10915000000000000000000000000000000000000F
:1091600000000000000000000000000000000000FF
:1091700000000000000000000000000000000000EF
:1091800000000000000000000000000000000000DF
:1091900000000000000000000000000000000000CF
:1091A00000000000000000000000000000000000BF
:1091B0000008000020000000000000000000000087
:1091C000000000000000200000000000000000007F
:1091D0000000000008200000000002000000002045
:1091E0000000084100000000000000000000000036
:1091F000000000000000000000000000000000006F
:10920000000000000000000000000000000000005E
:10921000000000000000000000000000000000004E
:10922000000000000000000000000000000000003E
:10923000000000000000000000000000000000002E
:10924000000000000000000000000000000000001E
:10925000000000000000000000000000000000000E
:1092600000000000000000000000000000000000FE
:1092700000000000000000000000000000000000EE
:1092800000000000000000000000000000000000DE
:1092900000000000000000000000000000000000CE
:1092A00000000000000000000000000000000000BE
:1092B00000000000000000000000000000000000AE
:1092C000000000000000000000000000000000009E
:1092D000000000000000000000000000000000008E
:1092E000000000000000000000000000000000007E
:1092F000000000000000000000000000000000006E
:10930000000000000000000000000000000000005D
:10931000000000000000000000000000000000004D
:10932000000000000000000000000000000000003D
:10933000000000000000000000000000000000002D
:10934000000000000000000000000000000000001D
:10935000000000000000000000000000000000000D
:1093600000000000000000000000000000000000FD
:1093700000000000000000000000000000000000ED
:1093800000000000000000000000000000000000DD
:1093900000000000000000000000000000000000CD
:1093A00000000000000000000000000000000000BD
:1093B00000000000000000000000000000000000AD
:1093C000000000000000000000000000000000009D
:1093D000000000000000000000000000000000008D
:1093E000000000000000000000000000000000007D
:1093F000000000000000000000000000000000006D
:10940000000000000000000000000000000000005C
:10941000000000000000000000000000000000004C
:10942000000000000000000000000000000000003C
:10943000000000000000000000000000000000002C
:1094400030008001000000012000000030002001F9
:1094500000400500200000003000419400000000A2
:1094600000000000000000000000000000000000FC
:1094700000000000000000000000000000000000EC
:1094800000000000000000000000000000000000DC
:1094900000000000000000000000000000000000CC
:1094A00000000000000000000000000000000000BC
:1094B00000000000000000000000000000000000AC
:1094C000000000000000000000000000000000009C
:1094D000000000000000000000000000000000008C
:1094E0000000000000000000000000000800000074
:1094F0000001040000000000000000000000000067
:109500000001000002200000000106E1022000002E
:1095100000010085022A40000000009502200000A2
:109520000000009500204EA4000000000000000094
:10953000000000000000000000000000000000002B
:10954000000000000000000000000000000000001B
:10955000000000000000000000000000000000000B
:1095600000000000000000000000000000000000FB
:1095700000000000000000000000000000000000EB
:1095800000000000000000000000000000000000DB
:1095900000000000000000000000000000000000CB
:1095A00000000000000000000000000000000000BB
:1095B00000000000000000000000000000000000AB
:1095C000000000000000000000000000000000009B
:1095D000000000000000000000000000000000008B
:1095E000000000000000000000000000000000007B
:1095F000000000000000000000000000000000006B
:10960000000000000000000000000000000000005A
:10961000000000000000000000000000000000004A
:10962000000000000000000000000000000000003A
:10963000000000000000000000000000000000002A
:10964000000000000000000000000000000000001A
:10965000000000000000000000000000000000000A
:1096600000000000000000000000000000000000FA
:1096700000000000000000000000000000000000EA
:1096800026000000000000090000000000000000AB
:10969000044800800000020C84480080000083C859
:1096A000844000000080020C800020000000014087
:1096B000800000000000014000080FD400000000FE
:1096C000000000000000000000000000000000009A
:1096D000000000000000000000000000000000008A
:1096E000000000000000000000000000000000007A
:1096F000000000000000000000000000000000006A
:109700000000000000000000000000000000000059
:109710000000000000000000000000000000000049
:109720000000000000000000000000000000000039
:109730000000000000000000000000000000000029
:109740000000000000000000000000000000000019
:109750000000000000000000000000000000000009
:1097600000000000000000000000000000000000F9
:1097700000000000000000000000000000000000E9
:1097800000000000000000000000000000000000D9
:1097900000000000000000000000000000000000C9
:1097A00000000000000000000000000000000000B9
:1097B00000000000000000000000000000000000A9
:1097C0000000000000000000000000000000000099
:1097D0000000000000000000000000000000000089
:1097E0000000000000000000000000000000000079
:1097F00000000000004000000040000000000000E9
:109800000000000000000000000000000000000058
:109810000000000000000000000000000000000048
:1098200000000000000000000000000020002000F8
:109830000000000000000000000000000200020024
:10984000000000000000002000000000001010F1E7
:109850000000000000000000000000000000000008
:1098600000000000000000000000000000000000F8
:1098700000000000000000000000000000000000E8
:1098800000000000000000000000000000000000D8
:1098900000000000000000000000000000000000C8
:1098A00000000000000000000000000000000000B8
:1098B00000000000000000000000000000000000A8
:1098C0000000000000000000000000000000000098
:1098D0000000000000000000000000000000000088
:1098E0000000000000000000000000000000000078
:1098F0000000000000000000000000000000000068
:109900000000000000000000000000000000000057
:109910000000000000000000000000000000000047
:109920000000000000000000000000000000000037
:109930000000000000000000000000000000000027
:109940000000000000000000000000000000000017
:109950000000000000000000000000000000000007
:1099600000000000000000000000000000000000F7
:1099700000000000000000000000000000000000E7
:1099800000000000000000000000000000000000D7
:1099900000000000000000000000000000000000C7
:1099A00000000000000000000000000000000000B7
:1099B00000000000000000000000000000000000A7
:1099C0000000000000000000000000000000000097
:1099D0000000000000000000000000000000000087
:1099E0000000000000000000000000000000000077
:1099F0000000000000000000000000000000000067
:109A00000000000000000000000000000000000056
:109A10000000000000000000000000000000000046
:109A20000000000000000000000000000000000036
:109A30000000000000000000000000000000000026
:109A40000000000000000000000000000000000016
:109A50000000000000000000000000000000000006
:109A600000000000000000000000000000000000F6
:109A700000000000000000000000000000000000E6
:109A800000000000000000000000000000000000D6
:109A900000000000000000000000000000000000C6
:109AA0000000000000000000000000003000800105
:109AB00000000001200000003000200100400504EB
:109AC00020000000300040CA00000000000000003C
:109AD0000000000000000000000000000000000086
:109AE0000000000000000000000000000000000076
:109AF0000000000000000000000000000000000066
:109B00000000000000000000000000000000000055
:109B10000000000000000000000000000000000045
:109B20000000000000000000000000000000000035
:109B30000000000000000000008000000080000025
:109B40000000000000000000000000000000000015
:109B50000000000000000000000000000000000005
:109B600000000000000000000000000000000000F5
:109B700000004000000000000000000000000000A5
:109B8000000004000400000000000000000000408D
:109B9000004018CE0000000000000000000000009F
:109BA00000000000000000000000000000000000B5
:109BB00000000000000000000000000000000000A5
:109BC0000000000000000000000000000000000095
:109BD0000000000000000000000000000000000085
:109BE0000000000000000000000000000000000075
:109BF0000000000000000000000000000000000065
:109C00000000000000000000000000000000000054
:109C10000000000000000000000000000000000044
:109C20000000000000000000000000000000000034
:109C30000000000000000000000000000000000024
:109C40000000000000000000000000000000000014
:109C50000000000000000000000000000000000004
:109C600000000000000000000000000000000000F4
:109C700000000000000000000000000000000000E4
:109C800000000000000000000000000000000000D4
:109C900000000000000000000000000000000000C4
:109CA00000000000000000000000000000000000B4
:109CB00000000000000000000000000000000000A4
:109CC0000000000000000000000000000000000094
:109CD0000000000000000000000000000000000084
:109CE0000000000000000000000000000000000074
:109CF0000000000000000000000000000000000064
:109D00000000000000000000000000000000000053
:109D10000000000000000000000000000000000043
:109D20000000000000000000000000000000000033
:109D30000000000000000000000000000000000023
:109D40000000000000000000000000000000000013
:109D50000000000000000000000000000000000003
:109D600000000000000000000000000000000000F3
:109D700000000000000000000000000000000000E3
:109D800000000000000000000000000000000000D3
:109D900000000000000000000000000000000000C3
:109DA00000000000000000000000000000000000B3
:109DB00000000000000000000000000000000000A3
:109DC0000000000000000000000000000000000093
:109DD0000000000000000000000000000000000083
:109DE0000000000000000000000000000000000073
:109DF0003000800100000001200000003000200140
:109E000000400506200000003000400050000D6AB0
:109E10000000000000000000000000000000000042
:109E20000000000000000000000000000000000032
:109E30000000000000000000000000000000000022
:109E40000000000000000000000000000000000012
:109E50000000000000000000000000000000000002
:109E600000000000000000000000000000000000F2
:109E700000000000000000000000000000000000E2
:109E800000000000000000000000000000000000D2
:109E900000000000000000000000000000000000C2
:109EA00000000000000000000000000000000000B2
:109EB000000000000000000000008004000000021C
:109EC0000000000000000000000000000100010090
:109ED0000000000000000010000001580000000019
:109EE0000000000000000000000000000000000072
:109EF0000000000000000000000000000000000062
:109F00000000000000000000000000000000000051
:109F10000000000000000000000000000000000041
:109F20000000000000000000000000000000000031
:109F30000000000000000000000000000000000021
:109F40000000000000000000000000000000000011
:109F50000000000000000000000000000000000001
:109F600000000000000000000000000000000000F1
:109F700000000000000000000000000000000000E1
:109F800000000000000000000000000000000000D1
:109F900000000000000000000000000000000000C1
:109FA00000000000000000000000000000000000B1
:109FB00000000000000000000000000000000000A1
:109FC0000000000000000000000000000000000091
:109FD0000000000000000000000000000000000081
:109FE0000000000000000000000000000000000071
:109FF0001000000000000000000000000000000051
:10A000000000000000000000000000000000000050
:10A010000000000000000000000000000000000040
:10A020000000000000000000000000000000000030
:10A03000000000000000000100000000000000001F
:10A0400000000000000100400000000020000008A7
:10A05000100000000040000040005000020000001E
:10A060000000020000000020000000000000025775
:10A0700000000000000000000000000000000000E0
:10A0800000000000000000000000000000000000D0
:10A0900000000000000000000000000000000000C0
:10A0A00000000000000000000000000000000000B0
:10A0B00000000000000000000000000000000000A0
:10A0C0000000000000000000000000000000000090
:10A0D0000000000000000000000000000000000080
:10A0E0000000000000000000000000000000000070
:10A0F0000000000000000000000000000000000060
:10A10000000000000000000000000000000000004F
:10A11000000000000000000000000000000000003F
:10A12000000000000000000000000000000000002F
:10A13000000000000000000000000000000000001F
:10A14000000000000000000000000000000000000F
:10A1500000000000000000000000000000000000FF
:10A1600000000000000000000000000000000000EF
:10A1700000000000000000000000000000000000DF
:10A1800000000000000000000000000000000000CF
:10A1900000000000000000000000000000000000BF
:10A1A00000000000000000000000000000000000AF
:10A1B000000000000000000000000000000000009F
:10A1C000000000000000000000000000000000008F
:10A1D000000000000000000020000000004000809F
:10A1E000000000004000000000008040000000402F
:10A1F00000400202020001400000000000000000D8
:10A20000000019D400000000000000000000000061
:10A21000000000000000000000000000000000003E
:10A22000000000000000000000000000000000002E
:10A23000000000000000000000000000000000001E
:10A24000000000000000000000000000000000000E
:10A2500000000000000000000000000000000000FE
:10A2600000000000000000000000000000000000EE
:10A2700000000000000000000000000000000000DE
:10A2800000000000000000000000000000000000CE
:10A2900000000000000000000000000000000000BE
:10A2A00000000000000000000000000000000000AE
:10A2B000000000000000000000000000000000009E
:10A2C000000000000000000000000000000000008E
:10A2D000000000000000000000000000000000007E
:10A2E000000000000000000000000000000000006E
:10A2F000000000000000000000000000000000005E
:10A30000000000000000000000000000000000004D
:10A31000000000000000000000000000000000003D
:10A32000000000000000000000000000000000002D
:10A33000000000000000000000000000000000001D
:10A340000000000000000000000000000000000805
:10A35000000000000000000000000000800140003C
:10A3600000004000000000000000000000000000AD
:10A3700000000000000800080008005080004000B5
:10A3800004080000000000000000000000000000C1
:10A390000000000000001FB50000000000000000E9
:10A3A00000000000000000000000000000000000AD
:10A3B000000000000000000000000000000000009D
:10A3C000000000000000000000000000000000008D
:10A3D000000000000000000000000000000000007D
:10A3E000000000000000000000000000000000006D
:10A3F000000000000000000000000000000000005D
:10A40000000000000000000000000000000000004C
:10A41000000000000000000000000000000000003C
:10A42000000000000000000000000000000000002C
:10A43000000000000000000000000000000000001C
:10A44000000000000000000000000000000000000C
:10A4500000000000000000000000000000000000FC
:10A4600000000000000000000000000000000000EC
:10A4700000000000000000000000000000000000DC
:10A4800000000000000000000000000000000000CC
:10A4900000000000000000000000000000000000BC
:10A4A00000000000000000000000000000000000AC
:10A4B000000000000000000000000000000000009C
:10A4C000000000000000000000000000000000008C
:10A4D000000000000000000000000000000000007C
:10A4E000000000000000000000000000000000006C
:10A4F000000000000000000000000000000000005C
:10A500000000000000000004000000004000008087
:10A510000004000000000000000000000000000037
:10A5200000000000000000000000006900000000C2
:10A53000000000000000000000000000000000001B
:10A54000000000000000000000000000000000000B
:10A5500000000000000000000000000000000000FB
:10A5600000000000000000000000000000000000EB
:10A5700000000000000000000000000000000000DB
:10A5800000000000000000000000000000000000CB
:10A5900000000000000000000000000000000000BB
:10A5A00000000000000000000000000000000000AB
:10A5B000000000000000000000000000000000009B
:10A5C000000000000000000000000000000000008B
:10A5D000000000000000000000000000000000007B
:10A5E000000000000000000000000000000000006B
:10A5F000000000000000000000000000000000005B
:10A60000000000000000000000000000000000004A
:10A61000000000000000000000000000000000003A
:10A62000000000000000000000000000000000002A
:10A63000000000000000000000000000000000001A
:10A64000000000000000000000000000000000000A
:10A6500000000000000000000000000000000000FA
:10A6600000000000000000000000000000000000EA
:10A6700000000000000000000000000000000000DA
:10A6800000000000000200040000000000000000C4
:10A690000000000000800000000080000000008832
:10A6A0000000000080000200020000000000000026
:10A6B000000000010008000000000000000009D3B5
:10A6C000000000000000000000000000000000008A
:10A6D000000000000000000000000000000000007A
:10A6E000000000000000000000000000000000006A
:10A6F000000000000000000000000000000000005A
:10A700000000000000000000000000000000000049
:10A710000000000000000000000000000000000039
:10A720000000000000000000000000000000000029
:10A730000000000000000000000000000000000019
:10A740000000000000000000000000000000000009
:10A7500000000000000000000000000000000000F9
:10A7600000000000000000000000000000000000E9
:10A7700000000000000000000000000000000000D9
:10A7800000000000000000000000000000000000C9
:10A7900000000000000000000000000000000000B9
:10A7A00000000000000000000000000000000000A9
:10A7B0000000000000000000000000000000000099
:10A7C0000000000000000000000000000000000089
:10A7D0000000000020000000000000000000000059
:10A7E0000000000000000000000000000000000069
:10A7F0000000000000000000000000000000000059
:10A800000000000000000000000000000000000048
:10A810000000000000000000000100000000000037
:10A8200000000000000000000002000000008004A2
:10A830000004400420040010000000000400000098
:10A840000000000002000000000000000000000006
:10A8500000001A27000000000000000000000000B7
:10A8600000000000000000000000000000000000E8
:10A8700000000000000000000000000000000000D8
:10A8800000000000000000000000000000000000C8
:10A8900000000000000000000000000000000000B8
:10A8A00000000000000000000000000000000000A8
:10A8B0000000000000000000000000000000000098
:10A8C0000000000000000000000000000000000088
:10A8D0000000000000000000000000000000000078
:10A8E0000000000000000000000000000000000068
:10A8F0000000000000000000000000000000000058
:10A900000000000000000000000000000000000047
:10A910000000000000000000000000000000000037
:10A920000000000000000000000000000000000027
:10A930000000000000000000000000000000000017
:10A940000000000000000000000000000000000007
:10A9500000000000000000000000000000000000F7
:10A9600000000000000000000000000000000000E7
:10A9700000000000000000000000000000000000D7
:10A9800000000000000000000000000000000000C7
:10A9900000000000000000000000000000000000B7
:10A9A00000000000000000000000000000000000A7
:10A9B0000000000000000000000000002000000077
:10A9C0000000000000000000800000000000808007
:10A9D000000000000080000200000280000800006B
:10A9E00000000000000009C100000000000000009D
:10A9F0000000000000000000000000000000000057
:10AA00000000000000000000000000000000000046
:10AA10000000000000000000000000000000000036
:10AA20000000000000000000000000000000000026
:10AA30000000000000000000000000000000000016
:10AA40000000000000000000000000000000000006
:10AA500000000000000000000000000000000000F6
:10AA600000000000000000000000000000000000E6
:10AA700000000000000000000000000000000000D6
:10AA800000000000000000000000000000000000C6
:10AA900000000000000000000000000000000000B6
:10AAA00000000000000000000000000000000000A6
:10AAB0000000000000000000000000000000000096
:10AAC0000000000000000000000000000000000086
:10AAD0000000000000000000000000000000000076
:10AAE0000000000000000000000000000000000066
:10AAF0000000000000000000000000000000000056
:10AB00000000000000000000000000000000000045
:10AB10000000000000000000000000000000000035
:10AB20000000000000000000000000000000000025
:10AB30000000000400000000000000000000000011
:10AB400000020006000000000000000000000000FD
:10AB5000008000800080008000000088000000006D
:10AB6000008002008200A000000000000000000041
:10AB700000000000000000000000008E0000000047
:10AB800000000000000000000000000000000000C5
:10AB900000000000000000000000000000000000B5
:10ABA00000000000000000000000000000000000A5
:10ABB0000000000000000000000000000000000095
:10ABC0000000000000000000000000000000000085
:10ABD0000000000000000000000000000000000075
:10ABE0000000000000000000000000000000000065
:10ABF0000000000000000000000000000000000055
:10AC00000000000000000000000000000000000044
:10AC10000000000000000000000000000000000034
:10AC20000000000000000000000000000000000024
:10AC30000000000000000000000000000000000014
:10AC40000000000000000000000000000000000004
:10AC500000000000000000000000000000000000F4
:10AC600000000000000000000000000000000000E4
:10AC700000000000000000000000000000000000D4
:10AC800000000000000000000000000000000000C4
:10AC900000000000000000000000000000000000B4
:10ACA00000000000000000000000000000000000A4
:10ACB0000000000000000000000000000000000094
:10ACC0000000000000000000000000000000000084
:10ACD00000000000400040000000400000000000B4
:10ACE0000000000000000000000000000000000064
:10ACF000400000C1C00440000004008000000200C9
:10AD000000000001000000000000000000001780AB
:10AD10000000000000000000000000000000000033
:10AD20000000000000000000000000000000000023
:10AD30000000000000000000000000000000000013
:10AD40000000000000000000000000000000000003
:10AD500000000000000000000000000000000000F3
:10AD600000000000000000000000000000000000E3
:10AD700000000000000000000000000000000000D3
:10AD800000000000000000000000000000000000C3
:10AD900000000000000000000000000000000000B3
:10ADA00000000000000000000000000000000000A3
:10ADB0000000000000000000000000000000000093
:10ADC0000000000000000000000000000000000083
:10ADD0000000000000000000000000000000000073
:10ADE0000000000000000000000000000000000063
:10ADF0000000000000000000000000000000000053
:10AE00000000000000000000000000000000000042
:10AE10000000000000000000000000000000000032
:10AE20000000000000000000000000000000000022
:10AE30000000000000000000000000000000000012
:10AE40000000000000000000000000000000000002
:10AE500000000000000000000000000000000000F2
:10AE6000000000000000000000800000000800005A
:10AE700000000000000000000008000402000000C4
:10AE8000040400000000100008000400000002524A
:10AE9000001014080000000801000000000200007B
:10AEA000000009C8000000000000000000000000D1
:10AEB0000000000000000000000000000000000092
:10AEC0000000000000000000000000000000000082
:10AED0000000000000000000000000000000000072
:10AEE0000000000000000000000000000000000062
:10AEF0000000000000000000000000000000000052
:10AF00000000000000000000000000000000000041
:10AF10000000000000000000000000000000000031
:10AF20000000000000000000000000000000000021
:10AF30000000000000000000000000000000000011
:10AF40000000000000000000000000000000000001
:10AF500000000000000000000000000000000000F1
:10AF600000000000000000000000000000000000E1
:10AF700000000000000000000000000000000000D1
:10AF800000000000000000000000000000000000C1
:10AF900000000000000000000000000000000000B1
:10AFA00000000000000000000000000000000000A1
:10AFB0000000000000000000000000000000000091
:10AFC0000000000000000000000000000000000081
:10AFD0000000000000000000000000000000000071
:10AFE0000000000000000000000000000000000061
:10AFF0000000000000000000000000000000001041
:10B00000000000120000000000000000000000002E
:10B010000400000000080000000000000000000024
:10B0200040000800020000020006000000000002CC
:10B030000000000000001E8700000000000000006B
:10B040000000000000000000000000000000000000
:10B0500000000000000000000000000000000000F0
:10B0600000000000000000000000000000000000E0
:10B0700000000000000000000000000000000000D0
:10B0800000000000000000000000000000000000C0
:10B0900000000000000000000000000000000000B0
:10B0A00000000000000000000000000000000000A0
:10B0B0000000000000000000000000000000000090
:10B0C0000000000000000000000000000000000080
:10B0D0000000000000000000000000000000000070
:10B0E0000000000000000000000000000000000060
:10B0F0000000000000000000000000000000000050
:10B10000000000000000000000000000000000003F
:10B11000000000000000000000000000000000002F
:10B12000000000000000000000000000000000001F
:10B13000000000000000000000000000000000000F
:10B1400000000000000000000000000000000000FF
:10B1500000000000000000000000000000000000EF
:10B1600000000000000000000000000000000000DF
:10B1700000000000000000000000000000000000CF
:10B1800000000000000000000000000000000000BF
:10B19000000000080100000800000000000000009E
:10B1A000000000000000000000000010000201028A
:10B1B000000010100000001004001000000000004B
:10B1C0000000080000000000000017D5000000008B
:10B1D000000000000000000000000000000000006F
:10B1E000000000000000000000000000000000005F
:10B1F000000000000000000000000000000000004F
:10B20000000000000000000000000000000000003E
:10B21000000000000000000000000000000000002E
:10B22000000000000000000000000000000000001E
:10B23000000000000000000000000000000000000E
:10B2400000000000000000000000000000000000FE
:10B2500000000000000000000000000000000000EE
:10B2600000000000000000000000000000000000DE
:10B2700000000000000000000000000000000000CE
:10B2800000000000000000000000000000000000BE
:10B2900000000000000000000000000000000000AE
:10B2A000000000000000000000000000000000009E
:10B2B000000000000000000000000000000000008E
:10B2C000000000000000000000000000000000007E
:10B2D000000000000000000000000000000000006E
:10B2E000000000000000000000000000000000005E
:10B2F000000000000000000000000000000000004E
:10B30000000000000000000000000000000000003D
:10B31000000000000000000000000000000000002D
:10B3200000000000000000102800200000000000C5
:10B3300000000000000001000200000020000000EA
:10B34000080000200000204C001008080008000041
:10B3500000200000010800000000000000001106AD
:10B3600000000000000000000000000000000000DD
:10B3700000000000000000000000000000000000CD
:10B3800000000000000000000000000000000000BD
:10B3900000000000000000000000000000000000AD
:10B3A000000000000000000000000000000000009D
:10B3B000000000000000000000000000000000008D
:10B3C000000000000000000000000000000000007D
:10B3D000000000000000000000000000000000006D
:10B3E000000000000000000000000000000000005D
:10B3F000000000000000000000000000000000004D
:10B40000000000000000000000000000000000003C
:10B41000000000000000000000000000000000002C
:10B42000000000000000000000000000000000001C
:10B43000000000000000000000000000000000000C
:10B4400000000000000000000000000000000000FC
:10B4500000000000000000000000000000000000EC
:10B4600000000000000000000000000000000000DC
:10B4700000000000000000000000000000000000CC
:10B4800000000000000000000000000000000000BC
:10B4900000000000000000000000000000000000AC
:10B4A000000000000000000000000000000000009C
:10B4B0000000000000000000140A0A000000000064
:10B4C000000000000000000010000000000000006C
:10B4D000000000000000000080404A0220040088B4
:10B4E00001008000000008000000000000000000D3
:10B4F0000000012900000000000000000000000022
:10B50000000000000000000000000000000000003B
:10B51000000000000000000000000000000000002B
:10B52000000000000000000000000000000000001B
:10B53000000000000000000000000000000000000B
:10B5400000000000000000000000000000000000FB
:10B5500000000000000000000000000000000000EB
:10B5600000000000000000000000000000000000DB
:10B5700000000000000000000000000000000000CB
:10B5800000000000000000000000000000000000BB
:10B5900000000000000000000000000000000000AB
:10B5A000000000000000000000000000000000009B
:10B5B000000000000000000000000000000000008B
:10B5C000000000000000000000000000000000007B
:10B5D000000000000000000000000000000000006B
:10B5E000000000000000000000000000000000005B
:10B5F000000000000000000000000000000000004B
:10B60000000000000000000000000000000000003A
:10B61000000000000000000000000000000000002A
:10B62000000000000000000000000000000000001A
:10B63000000000000000000000000000000000000A
:10B6400000000000000000000000000020000000DA
:10B6500000000100000000000000000000000000E9
:10B6600000000000000200000200000001140000C1
:10B670000812300000000000000000000000000080
:10B6800000000000000001BC0000000000000000FD
:10B6900000000000000000000000000000000000AA
:10B6A000000000000000000000000000000000009A
:10B6B000000000000000000000000000000000008A
:10B6C000000000000000000000000000000000007A
:10B6D000000000000000000000000000000000006A
:10B6E000000000000000000000000000000000005A
:10B6F000000000000000000000000000000000004A
:10B700000000000000000000000000000000000039
:10B710000000000000000000000000000000000029
:10B720000000000000000000000000000000000019
:10B730000000000000000000000000000000000009
:10B7400000000000000000000000000000000000F9
:10B7500000000000000000000000000000000000E9
:10B7600000000000000000000000000000000000D9
:10B7700000000000000000000000000000000000C9
:10B7800000000000000000000000000000000000B9
:10B7900000000000000000000000000000000000A9
:10B7A0000000000000000000000000000000000099
:10B7B0000000000000000000000000000000000089
:10B7C0000000000000000000000000000000000079
:10B7D0000000000000000000000000000000000069
:10B7E0001400000000000100000000000000000044
:10B7F00000080004000000001406000004001010FF
:10B80000001474A400101C3400141000000200087E
:10B810000004040000000000000017F10000000018
:10B820000000000000000000000000000000000018
:10B830000000000000000000000000000000000008
:10B8400000000000000000000000000000000000F8
:10B8500000000000000000000000000000000000E8
:10B8600000000000000000000000000000000000D8
:10B8700000000000000000000000000000000000C8
:10B8800000000000000000000000000000000000B8
:10B8900000000000000000000000000000000000A8
:10B8A0000000000000000000000000000000000098
:10B8B0000000000000000000000000000000000088
:10B8C0000000000000000000000000000000000078
:10B8D0000000000000000000000000000000000068
:10B8E0000000000000000000000000000000000058
:10B8F0000000000000000000000000000000000048
:10B900000000000000000000000000000000000037
:10B910000000000000000000000000000000000027
:10B920000000000000000000000000000000000017
:10B930000000000000000000000000000000000007
:10B9400000000000000000000000000000000000F7
:10B9500000000000000000000000000000000000E7
:10B9600000000000000000000000000000000000D7
:10B9700000000000208A0A001000100000000000F3
:10B98000000000001000000001000000000800207E
:10B990000201000088000A026000028A0000000024
:10B9A0000010000001000000000000000000182549
:10B9B0000000000000000000000000000000000087
:10B9C0000000000000000000000000000000000077
:10B9D0000000000000000000000000000000000067
:10B9E0000000000000000000000000000000000057
:10B9F0000000000000000000000000000000000047
:10BA00000000000000000000000000000000000036
:10BA10000000000000000000000000000000000026
:10BA20000000000000000000000000000000000016
:10BA30000000000000000000000000000000000006
:10BA400000000000000000000000000000000000F6
:10BA500000000000000000000000000000000000E6
:10BA600000000000000000000000000000000000D6
:10BA700000000000000000000000000000000000C6
:10BA800000000000000000000000000000000000B6
:10BA900000000000000000000000000000000000A6
:10BAA0000000000000000000000000000000000096
:10BAB0000000000000000000000000000000000086
:10BAC0000000000000000000000000000000000076
:10BAD0000000000000000000000000000000000066
:10BAE0000000000000000000000000000000000056
:10BAF0000000000000000000000000000000000046
:10BB00000000000000000000348A0A201208110220
:10BB10000000000000000000100802040300000004
:10BB2000140E00200601121189147EA668343EBE50
:10BB30000814300A0012080803040402000200007E
:10BB40000000073C000000000000000000000000B2
:10BB500000000000000000000000000000000000E5
:10BB600000000000000000000000000000000000D5
:10BB700000000000000000000000000000000000C5
:10BB800000000000000000000000000000000000B5
:10BB900000000000000000000000000000000000A5
:10BBA0000000000000000000000000000000000095
:10BBB0000000000000000000000000000000000085
:10BBC0000000000000000000000000000000000075
:10BBD0000000000000000000000000000000000065
:10BBE0000000000000000000000000000000000055
:10BBF0000000000000000000000000000000000045
:10BC00000000000000000000000000000000000034
:10BC10000000000000000000000000000000000024
:10BC20000000000000000000000000000000000014
:10BC30000000000000000000000000000000000004
:10BC400000000000000000000000000000000000F4
:10BC500000000000000000000000000000000000E4
:10BC600000000000000000000000000000000000D4
:10BC700000000000000000000000000000000000C4
:10BC800000000000000000000000000000000000B4
:10BC9000000000000000000000000000348A0A14C8
:10BCA000140011140000000000000000100800043F
:10BCB00005000000140E00200601101088547EAE0E
:10BCC00060121EFE03149400001600080104040014
:10BCD00000000000000009E000000000000000007B
:10BCE0000000000000000000000000000000000054
:10BCF0000000000000000000000000000000000044
:10BD00000000000000000000000000000000000033
:10BD10000000000000000000000000000000000023
:10BD20000000000000000000000000000000000013
:10BD30000000000000000000000000000000000003
:10BD400000000000000000000000000000000000F3
:10BD500000000000000000000000000000000000E3
:10BD600000000000000000000000000000000000D3
:10BD700000000000000000000000000000000000C3
:10BD800000000000000000000000000000000000B3
:10BD900000000000000000000000000000000000A3
:10BDA0000000000000000000000000000000000093
:10BDB0000000000000000000000000000000000083
:10BDC0000000000000000000000000000000000073
:10BDD0000000000000000000000000000000000063
:10BDE0000000000000000000000000000000000053
:10BDF0000000000000000000000000000000000043
:10BE00000000000000000000000000000000000032
:10BE10000000000000000000000000000000000022
:10BE20000000000000000000000000000000000012
:10BE30000000000000000000000000000000000002
:10BE400000000000000000000000000000000000F2
:10BE50007755003322FF44441F0F110300000F5594
:10BE600000001F0F0000000000000055000000004F
:10BE700000000000000000000000000000000000C2
:10BE800000000000000000000000000000000000B2
:10BE900000000000000000000000000000000000A2
:10BEA0000000000000000000000000000000000092
:10BEB0000000000000000000000000000000000082
:10BEC0000000000000000000000000000000000072
:10BED0000000000000000000000000000000000062
:10BEE0000000000000000000000000000000000052
:10BEF0000000000000000000000000000000000042
:10BF00000000000000000000000000000000000031
:10BF10000000000000000000000000000000000021
:10BF20000000000000000000000000000000000011
:10BF30000000000000000000000000000000000001
:10BF400000000000000000000000000000000000F1
:10BF500000000000000000000000000000000000E1
:10BF600000000000000000000000000000000000D1
:10BF700000000000000000000000000000000000C1
:10BF800000000000000000000000000000000000B1
:10BF900000000000000000000000000000000000A1
:10BFA0000000000000000000000000000000000091
:10BFB0000000000000000000000000000000000081
:10BFC0000000000000000000000000000000000071
:10BFD0000000000000000000000000000000000061
:10BFE00000000000775500332200F0F01F3FFFFFF4
:10BFF0000000FFFF00001F3F000000000000005095
:10C000000000000000000000000000000000000030
:10C010000000000000000000000000000000000020
:10C020000000000000000000000000000000000010
:10C030000000000000000000000000000000000000
:10C0400000000000000000000000000000000000F0
:10C0500000000000000000000000000000000000E0
:10C0600000000000000000000000000000000000D0
:10C0700000000000000000000000000000000000C0
:10C0800000000000000000000000000000000000B0
:10C0900000000000000000000000000000000000A0
:10C0A0000000000000000000000000000000000090
:10C0B0000000000000000000000000000000000080
:10C0C0000000000000000000000000000000000070
:10C0D0000000000000000000000000000000000060
:10C0E0000000000000000000000000000000000050
:10C0F0000000000000000000000000000000000040
:10C10000000000000000000000000000000000002F
:10C11000000000000000000000000000000000001F
:10C12000000000000000000000000000000000000F
:10C1300000000000000000000000000000000000FF
:10C1400000000000000000000000000000000000EF
:10C1500000000000000000000000000000000000DF
:10C1600000000000000000000000000000000000CF
:10C170000000FF00000000007755FFFF0000F0F016
:10C18000FFFFFFFF0000FFFF0000FFFF00000000B7
:10C19000000010040000000000000000000000008B
:10C1A000000000000000000000000000000000008F
:10C1B000000000000000000000000000000000007F
:10C1C000000000000000000000000000000000006F
:10C1D000000000000000000000000000000000005F
:10C1E000000000000000000000000000000000004F
:10C1F000000000000000000000000000000000003F
:10C20000000000000000000000000000000000002E
:10C21000000000000000000000000000000000001E
:10C22000000000000000000000000000000000000E
:10C2300000000000000000000000000000000000FE
:10C2400000000000000000000000000000000000EE
:10C2500000000000000000000000000000000000DE
:10C2600000000000000000000000000000000000CE
:10C2700000000000000000000000000000000000BE
:10C2800000000000000000000000000000000000AE
:10C29000000000000000000000000000000000009E
:10C2A000000000000000000000000000000000008E
:10C2B000000000000000000000000000000000007E
:10C2C000000000000000000000000000000000006E
:10C2D000000000000000000000000000000000005E
:10C2E000000000000000000000000000000000004E
:10C2F000000000000000000000000000000000003E
:10C30000000000000000FF0000000000F7F50F3FF4
:10C3100000FF0000FFFFFFFF0000FFFF0000FFFF26
:10C3200000000000000018F80000000000000000FD
:10C3300000000000000000000000000000000000FD
:10C3400000000000000000000000000000000000ED
:10C3500000000000000000000000000000000000DD
:10C3600000000000000000000000000000000000CD
:10C3700000000000000000000000000000000000BD
:10C3800000000000000000000000000000000000AD
:10C39000000000000000000000000000000000009D
:10C3A000000000000000000000000000000000008D
:10C3B000000000000000000000000000000000007D
:10C3C000000000000000000000000000000000006D
:10C3D000000000000000000000000000000000005D
:10C3E000000000000000000000000000000000004D
:10C3F000000000000000000000000000000000003D
:10C40000000000000000000000000000000000002C
:10C41000000000000000000000000000000000001C
:10C42000000000000000000000000000000000000C
:10C4300000000000000000000000000000000000FC
:10C4400000000000000000000000000000000000EC
:10C4500000000000000000000000000000000000DC
:10C4600000000000000000000000000000000000CC
:10C4700000000000000000000000000000000000BC
:10C480000100000800000042000000000000000061
:10C49000418812880000000041881298000008427C
:10C4A000410010180A8400462000003000000000FF
:10C4B0000000003000000000000008A6000000009E
:10C4C000000000000000000000000000000000006C
:10C4D000000000000000000000000000000000005C
:10C4E000000000000000000000000000000000004C
:10C4F000000000000000000000000000000000003C
:10C50000000000000000000000000000000000002B
:10C51000000000000000000000000000000000001B
:10C52000000000000000000000000000000000000B
:10C5300000000000000000000000000000000000FB
:10C5400000000000000000000000000000000000EB
:10C5500000000000000000000000000000000000DB
:10C5600000000000000000000000000000000000CB
:10C5700000000000000000000000000000000000BB
:10C5800000000000000000000000000000000000AB
:10C59000000000000000000000000000000000009B
:10C5A000000000000000000000000000000000008B
:10C5B000000000000000000000000000000000007B
:10C5C000000000000000000000000000000000006B
:10C5D000000000000000000000000000000000005B
:10C5E000000000000000000000000000000000004B
:10C5F000000000000000000000000000000000003B
:10C60000000000000000000000000000000000002A
:10C610000000000000000000000000020000000018
:10C62000000000001040004800000000104080584A
:10C6300000002202710080181C0C00160108010085
:10C640000000090000000100000000000000079346
:10C6500000000000000000000000000000000000DA
:10C6600000000000000000000000000000000000CA
:10C6700000000000000000000000000000000000BA
:10C6800000000000000000000000000000000000AA
:10C69000000000000000000000000000000000009A
:10C6A000000000000000000000000000000000008A
:10C6B000000000000000000000000000000000007A
:10C6C000000000000000000000000000000000006A
:10C6D000000000000000000000000000000000005A
:10C6E000000000000000000000000000000000004A
:10C6F000000000000000000000000000000000003A
:10C700000000000000000000000000000000000029
:10C710000000000000000000000000000000000019
:10C720000000000000000000000000000000000009
:10C7300000000000000000000000000000000000F9
:10C7400000000000000000000000000000000000E9
:10C7500000000000000000000000000000000000D9
:10C7600000000000000000000000000000000000C9
:10C7700000000000000000000000000000000000B9
:10C7800000000000000000000000000000000000A9
:10C790000000000000000000000000000000000099
:10C7A00000000000000000009555C333000000FFAA
:10C7B0000000000000000000000000000000000079
:10C7C000AAFFAAFF0000FFAA33000F3F030F555531
:10C7D0000000000000000000000000000000000059
:10C7E0000000100100000000000000000000000038
:10C7F0000000000000000000000000000000000039
:10C800000000000000000000000000000000000028
:10C810000000000000000000000000000000000018
:10C820000000000000000000000000000000000008
:10C8300000000000000000000000000000000000F8
:10C8400000000000000000000000000000000000E8
:10C8500000000000000000000000000000000000D8
:10C8600000000000000000000000000000000000C8
:10C8700000000000000000000000000000000000B8
:10C8800000000000000000000000000000000000A8
:10C890000000000000000000000000000000000098
:10C8A0000000000000000000000000000000000088
:10C8B0000000000000000000000000000000000078
:10C8C0000000000000000000000000000000000068
:10C8D0000000000000000000000000000000000058
:10C8E0000000000000000000000000000000000048
:10C8F0000000000000000000000000000000000038
:10C900000000000000000000000000000000000027
:10C910000000000000000000000000000000000017
:10C920000000000000000000000000000000000007
:10C9300000000000000000000000000055553333E7
:10C94000000000FF000000000000000055FF330F52
:10C9500000000000AA00AA00000000AA33000F3F58
:10C96000030FFFFF000000000000000000000000B7
:10C9700000000000000000000000000000000000B7
:10C9800000000000000000000000000000000000A7
:10C990000000000000000000000000000000000097
:10C9A0000000000000000000000000000000000087
:10C9B0000000000000000000000000000000000077
:10C9C0000000000000000000000000000000000067
:10C9D0000000000000000000000000000000000057
:10C9E0000000000000000000000000000000000047
:10C9F0000000000000000000000000000000000037
:10CA00000000000000000000000000000000000026
:10CA10000000000000000000000000000000000016
:10CA20000000000000000000000000000000000006
:10CA300000000000000000000000000000000000F6
:10CA400000000000000000000000000000000000E6
:10CA500000000000000000000000000000000000D6
:10CA600000000000000000000000000000000000C6
:10CA700000000000000000000000000000000000B6
:10CA800000000000000000000000000000000000A6
:10CA90000000000000000000000000000000000096
:10CAA0000000000000000000000000000000000086
:10CAB0000000000000000000000000000000000076
:10CAC0000000000000000000000000000000000066
:10CAD000155543330000007F0000000000000000F7
:10CAE0000000000000000000000000000000000046
:10CAF00033000F3F030000000000000000000000B2
:10CB00000000000000000000000007F60000000028
:10CB10000000000000000000000000000000000015
:10CB20000000000000000000000000000000000005
:10CB300000000000000000000000000000000000F5
:10CB400000000000000000000000000000000000E5
:10CB500000000000000000000000000000000000D5
:10CB600000000000000000000000000000000000C5
:10CB700000000000000000000000000000000000B5
:10CB800000000000000000000000000000000000A5
:10CB90000000000000000000000000000000000095
:10CBA0000000000000000000000000000000000085
:10CBB0000000000000000000000000000000000075
:10CBC0000000000000000000000000000000000065
:10CBD0000000000000000000000000000000000055
:10CBE0000000000000000000000000000000000045
:10CBF0000000000000000000000000000000000035
:10CC00000000000000000000000000000000000024
:10CC10000000000000000000000000000000000014
:10CC20000000000000000000000000000000000004
:10CC300000000000000000000000000000000000F4
:10CC400000000000000000000000000000000000E4
:10CC500000000000000000000000000000000000D4
:10CC60000000000055553333000000FF00000000B5
:10CC7000000000005500330F00000000000000001D
:10CC80000000000033000F3F0300FFFF0000000022
:10CC90000000000000000000000000000000000094
:10CCA0000000000000000000000000000000000084
:10CCB0000000000000000000000000000000000074
:10CCC0000000000000000000000000000000000064
:10CCD0000000000000000000000000000000000054
:10CCE0000000000000000000000000000000000044
:10CCF0000000000000000000000000000000000034
:10CD00000000000000000000000000000000000023
:10CD10000000000000000000000000000000000013
:10CD20000000000000000000000000000000000003
:10CD300000000000000000000000000000000000F3
:10CD400000000000000000000000000000000000E3
:10CD500000000000000000000000000000000000D3
:10CD600000000000000000000000000000000000C3
:10CD700000000000000000000000000000000000B3
:10CD800000000000000000000000000000000000A3
:10CD90000000000000000000000000000000000093
:10CDA0000000000000000000000000000000000083
:10CDB0000000000000000000000000000000000073
:10CDC0000000000000000000000000000000000063
:10CDD0000000000000000000000000000000000053
:10CDE0000000000000000000011008110001000018
:10CDF0000000000000000000000000000000000033
:10CE00000000000000000000000000000000000022
:10CE10000000000000000000000000000000000012
:10CE20000000000000000000000000000000000002
:10CE300000000033000000000000000000000000BF
:10CE400000000000000000000000000000000000E2
:10CE500000000000000000000000000000000000D2
:10CE600000000000000000000000000000000000C2
:10CE700000000000000000000000000000000000B2
:10CE800000000000000000000000000000000000A2
:10CE90000000000000000000000000000000000092
:10CEA0000000000000000000000000000000000082
:10CEB0000000000000000000000000000000000072
:10CEC0000000000000000000000000000000000062
:10CED0000000000000000000000000000000000052
:10CEE0000000000000000000000000000000000042
:10CEF0000000000000000000000000000000000032
:10CF00000000000000000000000000000000000021
:10CF10000000000000000000000000000000000011
:10CF20000000000000000000000000000000000001
:10CF300000000000000000000000000000000000F1
:10CF400000000000000000000000000000000000E1
:10CF500000000000000000000000000000000000D1
:10CF600000000000000000000000000000000000C1
:10CF700000000000000000000000000004C8408025
:10CF800000000000000000000000000000000000A1
:10CF90000000000000000000000000000000000091
:10CFA0000000000000000000000000000000000081
:10CFB0000000000000000000000000000000000071
:10CFC0000000000000001001000000000000000050
:10CFD0000000000000000000000000000000000051
:10CFE0000000000000000000000000000000000041
:10CFF0000000000000000000000000000000000031
:10D000000000000000000000000000000000000020
:10D010000000000000000000000000000000000010
:10D020000000000000000000000000000000000000
:10D0300000000000000000000000000000000000F0
:10D0400000000000000000000000000000000000E0
:10D0500000000000000000000000000000000000D0
:10D0600000000000000000000000000000000000C0
:10D0700000000000000000000000000000000000B0
:10D0800000000000000000000000000000000000A0
:10D090000000000000000000000000000000000090
:10D0A0000000000000000000000000000000000080
:10D0B0000000000000000000000000000000000070
:10D0C0000000000000000000000000000000000060
:10D0D0000000000000000000000000000000000050
:10D0E0000000000000000000000000000000000040
:10D0F00000000080000000000000000000000000B0
:10D10000000000000000000000000000000000001F
:10D11000000000000000000000000000000000000F
:10D1200000000000000000000000000000000000FF
:10D1300000000000000000000000000000000000EF
:10D1400000000000000000000000000000000000DF
:10D150000000000000000000000016470000000072
:10D1600000000000000000000000000000000000BF
:10D1700000000000000000000000000000000000AF
:10D18000000000000000000000000000000000009F
:10D19000000000000000000000000000000000008F
:10D1A000000000000000000000000000000000007F
:10D1B000000000000000000000000000000000006F
:10D1C000000000000000000000000000000000005F
:10D1D000000000000000000000000000000000004F
:10D1E000000000000000000000000000000000003F
:10D1F000000000000000000000000000000000002F
:10D20000000000000000000000000000000000001E
:10D21000000000000000000000000000000000000E
:10D2200000000000000000000000000000000000FE
:10D2300000000000000000000000000000000000EE
:10D2400000000000000000000000000000000000DE
:10D2500000000000000000000000000000000000CE
:10D2600000000000000000000000000000000000BE
:10D2700000000000000000000000000000000000AE
:10D28000000000000000000000000000000000009E
:10D29000000000000000000000000000000000008E
:10D2A000000000000000000000000000000000007E
:10D2B000000000000000000000000000000000006E
:10D2C000000000000000000000000000000000005E
:10D2D000000000000000000000000000000000004E
:10D2E000000000000000000000000000000000003E
:10D2F000000000000000000000000000000000002E
:10D30000000000000000000000000000000000001D
:10D31000000000000000000000000000000000000D
:10D3200000000000000000000000000000000000FD
:10D3300000000000000000000000000000000000ED
:10D3400000000000000000000000000000000000DD
:10D3500000000000000000000000000000000000CD
:10D3600000000000000000000000000000000000BD
:10D3700000000000000000000000000000000000AD
:10D38000000000000000000000000000000000009D
:10D39000000000000000000000000000000000008D
:10D3A000000000000000000000000000000000007D
:10D3B00000000000000000003000800100000001BB
:10D3C0002000000030002001004005852000000002
:10D3D000300044BC0000000000000000000000001D
:10D3E000000000000000000000000000000000003D
:10D3F000000000000000000000000000000000002D
:10D40000000000000000000000000000000000001C
:10D41000000000000000000000000000000000000C
:10D4200000000000000000000000000000000000FC
:10D4300000000000000000200000000000000000CC
:10D4400000000000000000000000000000000000DC
:10D4500000000000000000000000000000000000CC
:10D4600000000000000000000000000000000000BC
:10D4700000000000000000000000000000000000AC
:10D48000000000000000000000000000000000009C
:10D490000000000000000000000000000000064541
:10D4A000000000000000000000000000000000007C
:10D4B000000000000000000000000000000000006C
:10D4C000000000000000000000000000000000005C
:10D4D000000000000000000000000000000000004C
:10D4E000000000000000000000000000000000003C
:10D4F000000000000000000000000000000000002C
:10D50000000000000000000000000000000000001B
:10D51000000000000000000000000000000000000B
:10D5200000000000000000000000000000000000FB
:10D5300000000000000000000000000000000000EB
:10D5400000000000000000000000000000000000DB
:10D5500000000000000000000000000000000000CB
:10D5600000000000000000000000000000000000BB
:10D5700000000000000000000000000000000000AB
:10D58000000000000000000000000000000000009B
:10D59000000000000000000000000000000000008B
:10D5A000000000000000000000000000000000007B
:10D5B000000000000000000000000000000000006B
:10D5C000000000000000000000000000000000005B
:10D5D000000000000000000000000000000000004B
:10D5E00000000000000000000000000000400004F7
:10D5F000000000000000000000000000000000002B
:10D60000000000000000000000000000000000001A
:10D61000000000000000000000000000000000000A
:10D6200000000000000000000000000000000000FA
:10D6300000000014000000000000000000000000D6
:10D6400000000000000000000000000000000000DA
:10D6500000000000000000000000000000000000CA
:10D6600000000000000000000000000000000000BA
:10D6700000000000000000000000000000000000AA
:10D68000000000000000000000000000000000009A
:10D69000000000000000000000000000000000008A
:10D6A000000000000000000000000000000000007A
:10D6B000000000000000000000000000000000006A
:10D6C000000000000000000000000000000000005A
:10D6D000000000000000000000000000000000004A
:10D6E000000000000000000000000000000000003A
:10D6F000000000000000000000000000000000002A
:10D700000000000000000000000000000000000019
:10D710000000000000000000000000000000000009
:10D7200000000000000000000000000000000000F9
:10D7300000000000000000000000000000000000E9
:10D7400000000000000000000000000000000000D9
:10D7500000000000000000000000000000000000C9
:10D7600000000000000000000000000000000000B9
:10D7700000000000000000000000000000000000A9
:10D780000080000800000000000000000000000011
:10D790000000000000000000000000000000000089
:10D7A0000000000000000000000000000000000079
:10D7B0000000000000000000000000000000000069
:10D7C0000000000000000014000000000000000045
:10D7D0000000000000000000000000000000000049
:10D7E0000000000000000000000000000000000039
:10D7F0000000000000000000000000000000000029
:10D800000000000000000000000000000000000018
:10D810000000000000000000000000000000000008
:10D8200000000000000000000000000000000000F8
:10D8300000000000000000000000000000000000E8
:10D8400000000000000000000000000000000000D8
:10D8500000000000000000000000000000000000C8
:10D8600000000000000000000000000000000000B8
:10D8700000000000000000000000000000000000A8
:10D880000000000000000000000000000000000098
:10D890000000000000000000000000000000000088
:10D8A0000000000000000000000000000000000078
:10D8B0000000000000000000000000000000000068
:10D8C0000000000000000000000000000000000058
:10D8D0000000000000000000000000000000000048
:10D8E0000000000000000000000000000000000038
:10D8F0000000000000000000000000000000000028
:10D900000000000000000000000000000000000017
:10D910000000000000000000000000000000000007
:10D9200000000000000000000000000000000000F7
:10D9300000040000000000000000000000000000E3
:10D9400000000000000000000000000000000000D7
:10D95000000000000000000000000872000000004D
:10D9600000000000000000000000000000000000B7
:10D9700000000000000000000000000000000000A7
:10D980000000000000000000000000000000000097
:10D990000000000000000000000000000000000087
:10D9A0000000000000000000000000000000000077
:10D9B0000000000000000000000000000000000067
:10D9C0000000000000000000000000000000000057
:10D9D0000000000000000000000000000000000047
:10D9E0000000000000000000000000000000000037
:10D9F0000000000000000000000000000000000027
:10DA00000000000000000000000000000000000016
:10DA10000000000000000000000000000000000006
:10DA200000000000000000000000000000000000F6
:10DA300000000000000000000000000000000000E6
:10DA400000000000000000000000000000000000D6
:10DA500000000000000000000000000000000000C6
:10DA600000000000000000000000000000000000B6
:10DA700000000000000000000000000000000000A6
:10DA80000000000000000000000000000000000096
:10DA90000000000000000000000000000000000086
:10DAA0000000000000000000000000000000000076
:10DAB0000000000000000000000000000000000066
:10DAC0000000000000000000000000000000000056
:10DAD0000000800000000000000080020000000044
:10DAE000000000000000000000000000000018C15D
:10DAF0000000000000000000000000000000000026
:10DB00000000000000000000000000000000000015
:10DB10000000000000000000000000000000000005
:10DB200000000000000000000000000000000000F5
:10DB300000000000000000000000000000000000E5
:10DB400000000000000000000000000000000000D5
:10DB500000000000000000000000000000000000C5
:10DB600000000000000000000000000000000000B5
:10DB700000000000000000000000000000000000A5
:10DB80000000000000000000000000000000000095
:10DB90000000000000000000000000000000000085
:10DBA0000000000000000000000000000000000075
:10DBB0000000000000000000000000000000000065
:10DBC0000000000000000000000000000000000055
:10DBD0000000000000000000000000000000000045
:10DBE0000000000000000000000000000000000035
:10DBF0000000000000000000000000000000000025
:10DC00000000000000000000000000000000000014
:10DC10000000000000000000000000000000000004
:10DC200000000000000000000000000000000000F4
:10DC30000000000000000000000000008000000064
:10DC400000000000000000000000000800000000CC
:10DC500000000000000000000004000000000000C0
:10DC600000000000000000000008000000000000AC
:10DC700000000000000000000000000000000000A4
:10DC80000000103D00000000000000000000000047
:10DC90000000000000000000000000000000000084
:10DCA0000000000000000000000000000000000074
:10DCB0000000000000000000000000000000000064
:10DCC0000000000000000000000000000000000054
:10DCD0000000000000000000000000000000000044
:10DCE0000000000000000000000000000000000034
:10DCF0000000000000000000000000000000000024
:10DD00000000000000000000000000000000000013
:10DD10000000000000000000000000000000000003
:10DD200000000000000000000000000000000000F3
:10DD300000000000000000000000000000000000E3
:10DD400000000000000000000000000000000000D3
:10DD500000000000000000000000000000000000C3
:10DD600000000000000000000000000000000000B3
:10DD700000000000000000000000000000000000A3
:10DD80000000000000000000000000000000000093
:10DD90000000000000000000000000000000000083
:10DDA0000000000000000000000000000000000073
:10DDB0000000000000000000000000000000000063
:10DDC0000000000000000000000000000000000053
:10DDD0000000000000000000000000000000000043
:10DDE00000000000000040000000000000000000F3
:10DDF0000000000000000000000000000000000023
:10DE00000000000000000000000000000000000012
:10DE1000000000000000082E0000000000000000CC
:10DE200000000000000000000000000000000000F2
:10DE300000000000000000000000000000000000E2
:10DE400000000000000000000000000000000000D2
:10DE500000000000000000000000000000000000C2
:10DE600000000000000000000000000000000000B2
:10DE700000000000000000000000000000000000A2
:10DE80000000000000000000000000000000000092
:10DE90000000000000000000000000000000000082
:10DEA0000000000000000000000000000000000072
:10DEB0000000000000000000000000000000000062
:10DEC0000000000000000000000000000000000052
:10DED0000000000000000000000000000000000042
:10DEE0000000000000000000000000000000000032
:10DEF0000000000000000000000000000000000022
:10DF00000000000000000000000000000000000011
:10DF10000000000000000000000000000000000001
:10DF200000000000000000000000000000000000F1
:10DF300000000000000000000000000000000000E1
:10DF400000000000000000000000000000000000D1
:10DF500000000000000000000000000000000000C1
:10DF60000000000080000000000000000000000031
:10DF70000000000800000000000000000000000099
:10DF8000000400000000000000000000000040004D
:10DF90000000000000000000000000000000000081
:10DFA0000000000000000000000000000000000071
:10DFB0000000000000000000000000000000000061
:10DFC0000000000000000000000000000000000051
:10DFD0000000000000000000000000000000000041
:10DFE0000000000000000000000000000000000031
:10DFF0000000000000000000000000000000000021
:10E000000000000000000000000000000000000010
:10E010000000000000000000000000000000000000
:10E0200000000000000000000000000000000000F0
:10E0300000000000000000000000000000000000E0
:10E0400000000000000000000000000000000000D0
:10E0500000000000000000000000000000000000C0
:10E0600000000000000000000000000000000000B0
:10E0700000000000000000000000000000000000A0
:10E080000000000000000000000000000000000090
:10E090000000000000000000000000000000000080
:10E0A0000000000000000000000000000000000070
:10E0B0000000000000000000000000000000000060
:10E0C0000000000000000000000000000000000050
:10E0D0000000000000000000000000000000000040
:10E0E0000000000000000000000000000000000030
:10E0F0000000000000000000000000000000000020
:10E1000000000000000000000000000000004000CF
:10E1100000000000000800000000000000000000F7
:10E1200000000000000000000000400000000000AF
:10E130000000000000000000000000000000195373
:10E1400000000000000000000000000000000000CF
:10E1500000000000000000000000000000000000BF
:10E1600000000000000000000000000000000000AF
:10E17000000000000000000000000000000000009F
:10E18000000000000000000000000000000000008F
:10E19000000000000000000000000000000000007F
:10E1A000000000000000000000000000000000006F
:10E1B000000000000000000000000000000000005F
:10E1C000000000000000000000000000000000004F
:10E1D000000000000000000000000000000000003F
:10E1E000000000000000000000000000000000002F
:10E1F000000000000000000000000000000000001F
:10E20000000000000000000000000000000000000E
:10E2100000000000000000000000000000000000FE
:10E2200000000000000000000000000000000000EE
:10E2300000000000000000000000000000000000DE
:10E2400000000000000000000000000000000000CE
:10E2500000000000000000000000000000000000BE
:10E2600000000000000000000000000000000000AE
:10E27000000000000000000000000000000000009E
:10E28000000000000000000000000000000000008E
:10E29000000000000000000000000000000000007E
:10E2A000000000000000000000000000000000006E
:10E2B000000000000000000000000000000000015D
:10E2C000000000000000000000000000000000004E
:10E2D0000000190000000000000000000000000025
:10E2E000000000000000000000000000000000002E
:10E2F000000000000000000000000000000000001E
:10E30000000000000000000000000000000000000D
:10E3100000000000000000000000000000000000FD
:10E3200000000000000000000000000000000000ED
:10E3300000000000000000000000000000000000DD
:10E3400000000000000000000000000000000000CD
:10E3500000000000000000000000000000000000BD
:10E3600000000000000000000000000000000000AD
:10E37000000000000000000000000000000000009D
:10E38000000000000000000000000000000000008D
:10E39000000000000000000000000000000000007D
:10E3A000000000000000000000000000000000006D
:10E3B000000000000000000000000000000000005D
:10E3C000000000000000000000000000000000004D
:10E3D000000000000000000000000000000000003D
:10E3E000000000000000000000000000000000002D
:10E3F000000000000000000000000000000000001D
:10E40000000000000000000000000000000000000C
:10E4100000000000000000000000000000000000FC
:10E4200000000000000000000000000000000000EC
:10E4300000000000000000000000000000000000DC
:10E4400000000000000000000000000000080000C4
:10E4500000000000000000000000000000000000BC
:10E4600000000000000008F30000000000000000B1
:10E47000000000000000000000000000000000009C
:10E48000000000000000000000000000000000008C
:10E49000000000000000000000000000000000007C
:10E4A000000000000000000000000000000000006C
:10E4B000000000000000000000000000000000005C
:10E4C000000000000000000000000000000000004C
:10E4D000000000000000000000000000000000003C
:10E4E000000000000000000000000000000000002C
:10E4F000000000000000000000000000000000001C
:10E50000000000000000000000000000000000000B
:10E5100000000000000000000000000000000000FB
:10E5200000000000000000000000000000000000EB
:10E5300000000000000000000000000000000000DB
:10E5400000000000000000000000000000000000CB
:10E5500000000000000000000000000000000000BB
:10E5600000000000000000000000000000000000AB
:10E57000000000000000000000000000000000009B
:10E58000000000000000000000000000000000008B
:10E59000000000000000000000000000000000007B
:10E5A000000000000000000000000000000000006B
:10E5B000000000000000000000000000000000005B
:10E5C000000000000000000000000000000000004B
:10E5D000000000000000000000000000000000003B
:10E5E000000000000000000000000000000000002B
:10E5F000000000000000000000000000000000001B
:10E60000000000000000000000000000000000000A
:10E6100000000000000000000000000000000000FA
:10E6200000000000000000000000000000000000EA
:10E6300000000000000000000000000000000000DA
:10E6400000000000000000000000000000000000CA
:10E6500000000000000000000000000000000000BA
:10E6600000000000000000000000000000000000AA
:10E67000000000000000000000000000000000009A
:10E68000000000000000000000000000000000008A
:10E69000000000000000000000000000000000007A
:10E6A000000000000000000000000000000000006A
:10E6B000000000000000000000000000000000005A
:10E6C0000000000030008001000000012000000078
:10E6D000300020010040059120000000300040651E
:10E6E000000000000000000000000000000000002A
:10E6F000000000000000000000000000000000001A
:10E700000000000000000000000000000000000009
:10E7100000000000000000000000000000000000F9
:10E7200000000000000000000000000000000000E9
:10E7300000000000000000000000000000000000D9
:10E7400000000000000000000000000000000000C9
:10E7500000000000000000000000000000000000B9
:10E7600000000001000000000000000000000000A8
:10E770000000000000000000000000000000000099
:10E780000000000000000000000000000000000089
:10E790000000000000000000000000000000000079
:10E7A0000000000000000000000017400000000012
:10E7B0000000000000000000000000000000000059
:10E7C0000000000000000000000000000000000049
:10E7D0000000000000000000000000000000000039
:10E7E0000000000000000000000000000000000029
:10E7F0000000000000000000000000000000000019
:10E800000000000000000000000000000000000008
:10E8100000000000000000000000000000000000F8
:10E8200000000000000000000000000000000000E8
:10E8300000000000000000000000000000000000D8
:10E8400000000000000000000000000000000000C8
:10E8500000000000000000000000000000000000B8
:10E8600000000000000000000000000000000000A8
:10E8700000000000300080010000000220000000C5
:10E880002000000020000000200000002000000008
:10E8900020000000200000002000000020000000F8
:10E8A000200000002000000020000000300140088F
:10E8B0000000000000000000000000000000000058
:10E8C0000000000000000000000000000000000048
:10E8D0003000200100400F8630014004000000009D
:10E8E0000000000000000000000000003000800177
:10E8F00000000001200000003000200100400593CE
:10E9000020000000300041F900000000000000007D
:10E9100000000000000000000000000000000000F7
:10E9200000000000000000000000000000000000E7
:10E9300000000000000000000000000000000000D7
:10E9400000000000000000000000000000000000C7
:10E9500000000000000000000000000000000000B7
:10E96000000000000000000000000008000000009F
:10E970000000000000000000000000000000000097
:10E980000000000000000000000200000000000085
:10E990000000000000000000000000000000000077
:10E9A0000000000000000000000000000000000067
:10E9B0000000000000000000000000000000000057
:10E9C0000000000000000000000000000000000047
:10E9D0000000111200000000000000000000000014
:10E9E0000000000000000000000000000000000027
:10E9F0000000000000000000000000000000000017
:10EA00000000000000000000000000000000000006
:10EA100000000000000000000000000000000000F6
:10EA200000000000000000000000000000000000E6
:10EA300000000000000000000000000000000000D6
:10EA400000000000000000000000000000000000C6
:10EA500000000000000000000000000000000000B6
:10EA600000000000000000000000000000000000A6
:10EA70000000000000000000000000000000000096
:10EA80000000000000000000000000000000000086
:10EA90000000000000000000000000000000000076
:10EAA0000000000000000000000000000000000066
:10EAB0000000000000000000000000000000000056
:10EAC0000000000000000000000000000000000046
:10EAD0000000000000000000000000000000000036
:10EAE0000000000000000000000000000000000026
:10EAF0000000000000000000000000000000000016
:10EB00000000000000000000000000000000000005
:10EB100000000000000000000000000000000A00EB
:10EB200000000000000000000000000000000000E5
:10EB300000000000000000000000000000000000D5
:10EB400000000000000000000000000000000000C5
:10EB500000000000000000000000000000000000B5
:10EB60000000000000001002000000000000000093
:10EB70000000000000000000000000000000000095
:10EB80000000000000000000000000000000000085
:10EB90000000000000000000000000000000000075
:10EBA0000000000000000000000000000000000065
:10EBB0000000000000000000000000000000000055
:10EBC0000000000000000000000000000000000045
:10EBD0000000000000000000000000000000000035
:10EBE0000000000000000000000000000000000025
:10EBF0000000000000000000000000000000000015
:10EC00000000000000000000000000000000000004
:10EC100000000000000000000000000000000000F4
:10EC200000000000000000000000000000000000E4
:10EC300000000000000000000000000000000000D4
:10EC400000000000000000000000000000000000C4
:10EC500000000000000000000000000000000000B4
:10EC600000000000000000000000000000000000A4
:10EC70000000000000000000000000000000000094
:10EC80000000000000000000000000000000000084
:10EC90000000000000000000000000000000000074
:10ECA0000000000000000000000000000000000064
:10ECB000140000140000000000000000000000002C
:10ECC0000000000000000000000000000000000044
:10ECD0000000000000000000000000000000000034
:10ECE0000000000000000000000000000000000024
:10ECF0000000000000000000000000000000000014
:10ED00000000000000000000000000000000000003
:10ED100000000000000000000000000000000000F3
:10ED200000000000000000000000000000000000E3
:10ED300000000000000000000000000000000000D3
:10ED400000000000000000000000000000000000C3
:10ED500000000000000000000000000000000000B3
:10ED600000000000000000000000000000000000A3
:10ED70000000000000000000000000000000000093
:10ED80000000000000000000000000000000000083
:10ED90000000000000000000000000000000000073
:10EDA0000000000000000000000000000000000063
:10EDB0000000000000000000000000000000000053
:10EDC0000000000000000000000000000000000043
:10EDD0000000000000000000000000000000000033
:10EDE0000000000000000000000000000000000023
:10EDF0000000000000000000000000000000000013
:10EE00000000000000000000000000000000000002
:10EE100000000000000000000000000000000000F2
:10EE200000000000000000000000000000000000E2
:10EE300000000000000000000000000000000000D2
:10EE400000000000000100010000000000000000C0
:10EE500000000000000000000000000000000000B2
:10EE600000000000000000000000000000000000A2
:10EE70000000000000000000000000000000000092
:10EE80000000000000000000000000000000101062
:10EE90000000000000000000000000000000000072
:10EEA0000000000000000000000000000000000062
:10EEB0000000000000000000000000000000000052
:10EEC0000000000000000000000000000000000042
:10EED0000000000000000000000000000000000032
:10EEE0000000000000000000000000000000000022
:10EEF0000000000000000000000000000000000012
:10EF00000000000000000000000000000000000001
:10EF100000000000000000000000000000000000F1
:10EF200000000000000000000000000000000000E1
:10EF300000000000000000000000000000000000D1
:10EF400000000000000000000000000000000000C1
:10EF500000000000000000000000000000000000B1
:10EF600000000000000000000000000000000000A1
:10EF70000000000000000000000000000000000091
:10EF80000000000000000000000000000000000081
:10EF90000000000000000000000000000000000071
:10EFA0000000000000000000000000000000000061
:10EFB0000000000000000000000000000000000051
:10EFC0000000000000000000000000000000000041
:10EFD0000000000000000000000000000000000031
:10EFE0000000000000000000000000000000000021
:10EFF0000000000000000000000000000000000011
:10F000000000000000000000000000000000000000
:10F0100000000000000000000000000000000000F0
:10F0200000000000000000000000000000000000E0
:10F0300000000000000000000000000000000000D0
:10F0400000000000000000000000000000000000C0
:10F0500000000000000000000000000000000000B0
:10F0600000000000000000000000000000000000A0
:10F070000000000000000000000000000000000090
:10F080000000000000000000000000000000000080
:10F090000000000000000000000000000000000070
:10F0A0000000000000000000000000000000000060
:10F0B0000000000000000000000000000000000050
:10F0C0000000000000000000000000000000000040
:10F0D0000000000000000000000000000000000030
:10F0E000000000000000000000000000300080016F
:10F0F00000000001200000003000200100400598C1
:10F10000200000003000412F00000000000000003F
:10F1100000000000000000000000000000000000EF
:10F1200000000000000000000000000000000000DF
:10F1300000000000000000000000000000000000CF
:10F1400000000000000000000000000000000000BF
:10F1500000000000000000000000000000000000AF
:10F16000000000000000000000000004000000009B
:10F17000000000000000000000000000000000008F
:10F18000000000000000000000010A010000000073
:10F19000000000000000000000000000000000006F
:10F1A000000000000000000000000000000000005F
:10F1B000000000000000000000000000000000004F
:10F1C000000000000000000000000000000000003F
:10F1D00000001650000000000000000000000000C9
:10F1E000000000000000000000000000000000001F
:10F1F000000000000000000000000000000000000F
:10F2000000000000000000000000000000000000FE
:10F2100000000000000000000000000000000000EE
:10F2200000000000000000000000000000000000DE
:10F2300000000000000000000000000000000000CE
:10F2400000000000000000000000000000000000BE
:10F2500000000000000000000000000000000000AE
:10F26000000000000000000000000000000000009E
:10F27000000000000000000000000000000000008E
:10F28000000000000000000000000000000000007E
:10F29000000000000000000000000000000000006E
:10F2A000000000000000000000000000000000005E
:10F2B000000000000000000000000000000000004E
:10F2C000000000000000000000000000000000003E
:10F2D000000000000000000000000000000000002E
:10F2E000000000000000000000000000000000001E
:10F2F000000000000000000000000000000000000E
:10F3000000000000000000000000000000000000FD
:10F3100000000000000000000000000014010015C3
:10F3200000000000000000000000000000000000DD
:10F3300000000000000000000000000000000000CD
:10F3400000000000000000000000000000000000BD
:10F3500000000000000000000000000000000000AD
:10F36000000000000000101000000000000000007D
:10F37000000000000000000000000000000000008D
:10F38000000000000000000000000000000000007D
:10F39000000000000000000000000000000000006D
:10F3A000000000000000000000000000000000005D
:10F3B000000000000000000000000000000000004D
:10F3C000000000000000000000000000000000003D
:10F3D000000000000000000000000000000000002D
:10F3E000000000000000000000000000000000001D
:10F3F000000000000000000000000000000000000D
:10F4000000000000000000000000000000000000FC
:10F4100000000000000000000000000000000000EC
:10F4200000000000000000000000000000000000DC
:10F4300000000000000000000000000000000000CC
:10F4400000000000000000000000000000000000BC
:10F4500000000000000000000000000000000000AC
:10F46000000000000000000000000000000000009C
:10F47000000000000000000000000000000000008C
:10F48000000000000000000000000000000000007C
:10F49000000000000000000000000000000000006C
:10F4A000000000000000000000000000000000005C
:10F4B000000000000000000000000000000000004C
:10F4C000000000000000000000000000000000003C
:10F4D000000000000000000000000000000000002C
:10F4E000000000000000000000000000000000001C
:10F4F000000000000000000000000000000000000C
:10F5000000000000000000000000000000000000FB
:10F5100000000000000000000000000000000000EB
:10F5200000000000000000000000000000000000DB
:10F5300000000000000000000000000000000000CB
:10F5400000000000000000000000000000000000BB
:10F5500000000000000000000000000000000000AB
:10F56000000000000000000000000000000000009B
:10F57000000000000000000000000000000000008B
:10F58000000000000000000000000000000000007B
:10F59000000000000000000000000000000000006B
:10F5A000000000000000000000000000000000005B
:10F5B000000000000000000000000000000000004B
:10F5C0000000000030008001000000012000000069
:10F5D000300020010040059E200000003000412F37
:10F5E000000000000000000000000000000000001B
:10F5F000000000000000000000000000000000000B
:10F6000000000000000000000000000000000000FA
:10F6100000000000000000000000000000000000EA
:10F6200000000000000000000000000000000000DA
:10F6300000000000000000000000000000000000CA
:10F6400000000000000000000000000000000000BA
:10F6500000000000000000000000000000000000AA
:10F66000008B02800000000000000000000000008D
:10F67000000000000000000000000000000000008A
:10F68000000000000000000000000000000000007A
:10F69000000000000000000000000000000000006A
:10F6A00000000000000000000000100B000000003F
:10F6B000000000000000000000000000000000004A
:10F6C000000000000000000000000000000000003A
:10F6D000000000000000000000000000000000002A
:10F6E000000000000000000000000000000000001A
:10F6F000000000000000000000000000000000000A
:10F7000000000000000000000000000000000000F9
:10F7100000000000000000000000000000000000E9
:10F7200000000000000000000000000000000000D9
:10F7300000000000000000000000000000000000C9
:10F7400000000000000000000000000000000000B9
:10F7500000000000000000000000000000000000A9
:10F760000000000000000000000000000000000099
:10F770000000000000000000000000000000000089
:10F780000000000000000000000000000000000079
:10F790000000000000000000000000000000000069
:10F7A0000000000000000000000000000000000059
:10F7B0000000000000000000000000000000000049
:10F7C0000000000000000000000000000000000039
:10F7D0000000000000000000000000000000000029
:10F7E0000000000000000000000000000000000019
:10F7F0000000000000400040000000000000000089
:10F8000000000000000000000000000000000000F8
:10F8100000000000000000000000000000000000E8
:10F8200000000000000000000000000000000000D8
:10F8300000000000000000000000000000001010A8
:10F8400000000000000000000000000000000000B8
:10F8500000000000000000000000000000000000A8
:10F860000000000000000000000000000000000098
:10F870000000000000000000000000000000000088
:10F880000000000000000000000000000000000078
:10F890000000000000000000000000000000000068
:10F8A0000000000000000000000000000000000058
:10F8B0000000000000000000000000000000000048
:10F8C0000000000000000000000000000000000038
:10F8D0000000000000000000000000000000000028
:10F8E0000000000000000000000000000000000018
:10F8F0000000000000000000000000000000000008
:10F9000000000000000000000000000000000000F7
:10F9100000000000000000000000000000000000E7
:10F9200000000000000000000000000000000000D7
:10F9300000000000000000000000000000000000C7
:10F9400000000000000000000000000000000000B7
:10F9500000000000000000000000000000000000A7
:10F9600000000000000000000000F0F000000000B7
:10F970000000000000000000000000000000000087
:10F980000000000000000000000000000000000077
:10F990000000000000000000000000000000000067
:10F9A0000000000000000000000000000000000057
:10F9B0000000000000000000000000000000000047
:10F9C0000000000000000000000000000000000037
:10F9D0000000000000000000000000000000000027
:10F9E0000000000000000000000000000000000017
:10F9F0000000000000000000000000000000000007
:10FA000000000000000000000000000000000000F6
:10FA100000000000000000000000000000000000E6
:10FA200000000000000000000000000000000000D6
:10FA300000000000000000000000000000000000C6
:10FA400000000000000000000000000000000000B6
:10FA500000000000000000000000000000000000A6
:10FA60000000000000000000000000000000000096
:10FA70000000000000000000000000000000000086
:10FA80000000000000000000000000000000000076
:10FA900000000000000000000000000030008001B5
:10FAA00000000002200000002000000020000000F4
:10FAB00020000000200000002000000020000000C6
:10FAC00020000000200000002000000020000000B6
:10FAD000200000003001400800000000000000008D
:10FAE0000000000000000000000000000000000016
:10FAF000000000000000000030002001004005A1CF
:10FB00003001400400000000000000000000000080
:10FB10000000000030002001004005A23001400438
:10FB200000000000000000000000000000000000D5
:10FB300030002001004005A3300140040000000017
:10FB40000000000000000000000000003000800104
:10FB500000000001200000003000200100400903E7
:10FB600020000000300040CA00000000000000003B
:10FB70000000000000000000000000000000000085
:10FB80000000000000000000000000000000000075
:10FB90000000000000000000000000000000000065
:10FBA0000000000000000000000000020000000053
:10FBB0000000000000000000000000000000000045
:10FBC0000000000000000000000000000000000035
:10FBD0000000000000000000000000000000000025
:10FBE0000000000000000000000000000000000015
:10FBF0000000000000000000000000000000000005
:10FC000000000000000000000000000000000000F4
:10FC100000000000000000000000000000000000E4
:10FC200000000000000000000000000000000000D4
:10FC300000000FE4000000000000000000000000D1
:10FC400000000000000000000000000000000000B4
:10FC50000000002000000000000000000000000084
:10FC60000000000000000000000000000000000094
:10FC70000000000000000000000000000000000084
:10FC80000000000000000000000000000000000074
:10FC90000000000000000000000000000000000064
:10FCA0000000000000000000000000000000000054
:10FCB0000000000000000000000000000000000044
:10FCC0000000000000000000000000000000000034
:10FCD0000000000000000000000000000000000024
:10FCE0000000000000000000000000000000000014
:10FCF0000000000000000000000000000000000004
:10FD000000000000000000000000000000000000F3
:10FD100000000000000000000000000000000000E3
:10FD200000000000000000000000000000000000D3
:10FD300000000000000000000000000000000000C3
:10FD400000000000000000000000000000000000B3
:10FD500000000000000000000000000000000000A3
:10FD60000000000000000000000000000000000093
:10FD70000000000000000000000000000000000083
:10FD80000000000000000000000000000000000073
:10FD90000000000000000000000000000000000063
:10FDA0000000000000000000000000000000000053
:10FDB0000000000000000000000000000000000043
:10FDC0000000000000000000000000000000000033
:10FDD0000000000000000000000000000000000023
:10FDE0000000000000000000000000000000000013
:10FDF0000000000000000000000000000000000003
:10FE000000000000000000000000000000000000F2
:10FE100000000000000000000000000000000000E2
:10FE200000000000000000000000000000000000D2
:10FE300000000000000000000000000000000000C2
:10FE400000000000000000000000000000000000B2
:10FE500000000000000000000000000000000000A2
:10FE60000000000000000000000000000000000092
:10FE70000000000000000000000000000000000082
:10FE80000000000000000000000000000000000072
:10FE9000300080010000000120000000300020013F
:10FEA00000400905200000003000412F0000000044
:10FEB0000000000000000000000000000000000042
:10FEC0000000000000000000000000000000000032
:10FED0000000000000000000000000000000000022
:10FEE0000000000000000000000000000000000111
:10FEF0000000000000000000000000000000000002
:10FF000000000000000000000000000000000000F1
:10FF100000000000000000000000000000000000E1
:10FF200000000000000000000000000000000000D1
:10FF300000000000000000000000000000000000C1
:10FF400000000000000000000000000000000000B1
:10FF500000000000000000000000000000000000A1
:10FF60000000000000000000000000000000000091
:10FF70000000000000000FE400000000000000008E
:10FF80000000000000000000000000000000000071
:10FF90000000000000000010000000000000000051
:10FFA0000000000000000000000000000000000051
:10FFB0000000000000000000000000000000000041
:10FFC0000000000000000000000000000000000031
:10FFD0000000000000000000000000000000000021
:10FFE0000000000000000000000000000000000011
:10FFF0000000000000000000000000000000000001
:020000040003F7
:1000000000000000000000000000000000000000F0
:1000100000000000000000000000000000000000E0
:1000200000000000000000000000000000000000D0
:1000300000000000000000000000000000000000C0
:1000400000000000000000000000000000000000B0
:1000500000000000000000000000000000000000A0
:100060000000000000000000000000000000000090
:100070000000000000000000000000000000000080
:100080000000000000000000000000000000000070
:10009000000000000000000000000002000000005E
:1000A0000000000000000000000000000000000050
:1000B0000000000000000000000000000000000040
:1000C0000000000000000000000000000000000030
:1000D0000000000000000000000000000000000020
:1000E0000000000000000000000000000000000010
:1000F0000000000000000000000000000000000000
:10010000000000000000000000001C86000000004D
:1001100000000000000000000000000000000000DF
:10012000000000000000008000000000000000004F
:1001300000000000000000000000000000000000BF
:1001400000000000000000000000000000000000AF
:10015000000000000000000000000000000000009F
:10016000000000000000000000000000000000008F
:10017000000000000000000000000000000000007F
:10018000000000000000000000000000000000006F
:10019000000000000000000000000000000000005F
:1001A000000000000000000000000000000000004F
:1001B000000000000000000000000000000000003F
:1001C000000000000000000000000000000000002F
:1001D000000000000000000000000000000000001F
:1001E000000000000000000000000000000000000F
:1001F00000000000000000000000000000000000FF
:1002000000000000000000000000000000000000EE
:1002100000000000000000000000000000000000DE
:1002200000000000000000000000000000000000CE
:1002300000000000000000000000000000000000BE
:1002400000000000000000000000000000000000AE
:10025000000000000000000000000000000000009E
:10026000000000000000000000000000000000008E
:10027000000000000000000000000000000000007E
:10028000000000000000000000000000000000006E
:10029000000000000000000000000000000000005E
:1002A000000000000000000000000000000000004E
:1002B000000000000000000000000000000000003E
:1002C000000000000000000000000000000000002E
:1002D000000000000000000000000000000000001E
:1002E000000000000000000000000000000000000E
:1002F00000000000000000000000000000000000FE
:1003000000000000000000000000000000000000ED
:1003100000000000000000000000000000000000DD
:1003200000000000000000000000000000000000CD
:1003300000000000000000000000000000000000BD
:1003400000000000000000000000000000000000AD
:10035000000000000000000000000000000000009D
:1003600000000000000000003000800100000001DB
:10037000200000003000200100400908200000009B
:10038000300040CA00000000000000000000000033
:10039000000000000000000000000000000000005D
:1003A000000000000000000000000000000000004D
:1003B000000000000000000000000000000000003D
:1003C000000000000000000000000000000000002D
:1003D000000000000000000000000000000000001D
:1003E000000000000000000000000000000000000D
:1003F00000000000000000000000000000000000FD
:1004000000080000000000000000000000000000E4
:1004100000000000000000000000000000000000DC
:1004200000000000000000080000000000000000C4
:1004300000000000000000000000000000000000BC
:1004400000000000000000000000000000000F504D
:10045000000000000000000000000000000000009C
:10046000000000000000000000000000000000008C
:10047000000000000000000000000000000000007C
:10048000000000000000000000000000000000006C
:10049000000000000000000000000000000000005C
:1004A000000000000000000000000000000000004C
:1004B000000000000000000000000000000000003C
:1004C000000000000000000000000000000000002C
:1004D000000000000000000000000000000000001C
:1004E000000000000000000000000000000000000C
:1004F00000000000000000000000000000000000FC
:1005000000000000000000000000000000000000EB
:1005100000000000000000000000000000000000DB
:1005200000000000000000000000000000000000CB
:1005300000000000000000000000000000000000BB
:1005400000000000000000000000000000000000AB
:10055000000000000000000000000000000000009B
:10056000000000000000000000000000000000008B
:10057000000000000000000000000000000000007B
:10058000000000000000000000000000000000006B
:10059000000000000000000000000000000000005B
:1005A000000000000000000000000000000000004B
:1005B000000000000000000000000000000000003B
:1005C000000000000000000000000000000000002B
:1005D000000000000000000000000000000000001B
:1005E000000000000000000000000000000000000B
:1005F00000000000000000000000000000000000FB
:1006000000000000000000000000000000000000EA
:1006100000000000000000000000000000000000DA
:1006200000000000000000000000000000000000CA
:1006300000000000000000000000000000000000BA
:1006400000000000000000000000000000000000AA
:10065000000000000000000000000000000000009A
:10066000000000000000000000000000000000008A
:10067000000000000000000000000000000000007A
:10068000000000000000000000000000000000006A
:10069000000000000000000000000000000000005A
:1006A0000000000000000000000000003000800199
:1006B0000000000120000000300020010040090B74
:1006C0002000000030004065000000000000000035
:1006D000000000000000000000000000000000001A
:1006E000000000000000000000000000000000000A
:1006F00000000000000000000000000000000000FA
:1007000000000000000000000000000000000000E9
:1007100000000000000000000000000000000000D9
:1007200000000000000000000000000000000000C9
:1007300000000000000000000000000000000000B9
:1007400000000000000000000000000000000000A9
:100750000000000000000000000000000000000099
:100760000000000000000000000000000000000089
:100770000000000000000008000000000000000071
:100780000000000000000000000000000000000069
:10079000000008C30000000000000000000000008E
:1007A0000000000000000000000000000000000049
:1007B0000000000000000000000000000000000039
:1007C0000000000000000000000000000000000029
:1007D0000000000000000000000000000000000019
:1007E0000000000000000000000000000000000009
:1007F00000000000000000000000000000000000F9
:1008000000000000000000000000000000000000E8
:1008100000000000000000000000000000000000D8
:1008200000000000000000000000000000000000C8
:1008300000000000000000000000000000000000B8
:1008400000000000000000000000000000000000A8
:1008500000000000000000000000000030008001E7
:100860000000000220000000200000002000000026
:1008700020000000200000002000000020000000F8
:1008800020000000200000002000000020000000E8
:1008900020000000300140080000000000000000BF
:1008A0000000000000000000000000000000000048
:1008B0000000000000000000300020010040090F8F
:1008C00030014004000000000000000000000000B3
:1008D0000000000030008001000000012000000046
:1008E000300020010040090C200000003000412FA2
:1008F00000000000000000000000000000000000F8
:1009000000000000000000000000000000000000E7
:1009100000000000000000000000000000000000D7
:1009200000000000000000000000000000000000C7
:1009300000000000000000000000000000000000B7
:1009400000000000000000000000000000000000A7
:100950000000000000000000000000000000000097
:100960000000000000000000000000000000000087
:100970000000000000000000000000000000000077
:100980000000000000000000000000000000000067
:10099000000000080000000000000000000000004F
:1009A0000000000000000000000000000000000047
:1009B00000000000000000000000086300000000CC
:1009C0000000000000000000000000000000000027
:1009D0000000000000000000000000000000000017
:1009E0000000000000000000000000000000000007
:1009F00000000000000000000000000000000000F7
:100A000000000000000000000000000000000000E6
:100A100000000000000000000000000000000000D6
:100A200000000000000000000000000000000000C6
:100A300000000000000000000000000000000000B6
:100A400000000000000000000000000000000000A6
:100A50000000000000000000000000000000000096
:100A60000000000000000000000000000000000086
:100A70000000000000000000000000000000000076
:100A80000000000000000000000000000000000066
:100A90000000000000000000000000000000000056
:100AA0000000000000000000000000000000000046
:100AB0000000000000000000000000000000000036
:100AC0000000000000000000000000000000000026
:100AD0000000000000000000000000000000000115
:100AE0000000000000000000000000000000000006
:100AF00000000000000000000000000000000000F6
:100B000000080000000000000000000000000000DD
:100B100000000000000000000000000000000000D5
:100B200000000000000000000000000000000000C5
:100B300000000000000000000000000000000000B5
:100B400000000000000000000000000000001BB5D5
:100B50000000000000000000000000000000000095
:100B60000000000000000000000000400000000045
:100B70000000000000000000000000000000000075
:100B80000000000000000000000000000000000065
:100B90000000000000000000000000000000000055
:100BA0000000000000000000000000000000000045
:100BB0000000000000000000000000000000000035
:100BC0000000000000000000000000000000000025
:100BD0000000000000000000000000000000000015
:100BE0000000000000000000000000000000000005
:100BF00000000000000000000000000000000000F5
:100C000000000000000000000000000000000000E4
:100C100000000000000000000000000000000000D4
:100C200000000000000000000000000000000000C4
:100C300000000000000000000000000000000000B4
:100C400000000000000000000000000000000000A4
:100C50000000000000000000000000000000000094
:100C60000000000000000000000000000000000084
:100C70000000000000000000000000000000000074
:100C80000000000000000000000000000000000064
:100C90000000000000000000000000000000000054
:100CA0000000000000000000000000000000000044
:100CB0000000000000000000000000000000000034
:100CC0000000000000000000000000000000000024
:100CD0000000000000000000000000000000000014
:100CE0000000000000000000000000000000000004
:100CF00000000000000000000000000000000000F4
:100D000000000000000000000000000000000000E3
:100D100000000000000000000000000000000000D3
:100D200000000000000000000000000000000000C3
:100D300000000000000000000000000000000000B3
:100D400000000000000000000000000000000000A3
:100D50000000000000000000000000000000000093
:100D60000000000000000000000000000000000083
:100D70000000000000000000000000000000000073
:100D80000000000000000000000000000000000063
:100D90000000000000000000000000000000000053
:100DA0000000000000000000000000003000800192
:100DB00000000001200000003000200100400983F5
:100DC00020000000300040CA0000000000000000C9
:100DD0000000000000000000000000000000000013
:100DE0000000000000000000000000000000000003
:100DF00000000000000000000000000000000000F3
:100E000000000000000000000000000000000000E2
:100E100000000000000000000000000200000000D0
:100E200000000002000000000000000000000000C0
:100E300000000000000000000000000000000000B2
:100E400000000000000000000000000000000000A2
:100E50000000000000000000000000000000000092
:100E60000000000000000000000000000000000082
:100E70000000000200000000000000000000000070
:100E80000000000000000000000000000000000062
:100E900000000170000000000000000000020000DF
:100EA0000000000000000000000000000000000042
:100EB0000000000000000000000000000000000032
:100EC0000000000000000000000000000000000022
:100ED0000000000000000000000000000000000012
:100EE0000000000000000000000000000000000002
:100EF00000000000000000000000000000000000F2
:100F000000000000000000000000000000000000E1
:100F100000000000000000000000000000000000D1
:100F200000000000000000000000000000000000C1
:100F300000000000000000000000000000000000B1
:100F400000000000000000000000000000000000A1
:100F50000000000000000000000000000000000091
:100F60000000000000000000000000000000000081
:100F70000000000000000000000000000000000071
:100F80000000000000000000000000000000000061
:100F90000000000000000000000000000000000051
:100FA0000000000000000000000000000000000041
:100FB0000000000000000000000000000000000031
:100FC0000000000000000000000000000000000021
:100FD0000000000000000000000000000000000011
:100FE0000000000000000000000000000000000001
:100FF00000000000000000000000000000000000F1
:1010000000000000000000000000000000000000E0
:1010100000000000000000000000000000000000D0
:1010200000000000000000000000000000000000C0
:1010300000000000000000000000000000000000B0
:1010400000000000000000000000000000000000A0
:101050000000000000000000000000000000000090
:101060000000000000000000000000000000000080
:101070000000000000000000000000000000000070
:101080000000000000000000000000000000000060
:101090000000000000000000000000000000000050
:1010A0000000000000000000000000000000000040
:1010B0000000000000000000000000000000000030
:1010C0000000000000000000000000000000000020
:1010D0000000000000000000000000000000000010
:1010E0000000000000000000000000000000000000
:1010F00030008001000000012000000030002001CD
:101100000040098520000000300040CA00000000B7
:1011100000000000000000000000000000000000CF
:1011200000000000000000000000000000000000BF
:1011300000000000000000000000000000000000AF
:10114000000000000000000000000000000000009F
:10115000000000000000000000000000000000018E
:10116000000000000000000100000000000000007E
:10117000000000000000000000000000000000006F
:10118000000000000000000000000000000000005F
:10119000000000000000000000000000000000004F
:1011A000000000000000000000000000000000003F
:1011B000000000000000000100000000000000002E
:1011C000000000000000000000000000000000001F
:1011D000000000000000017000000000000000009E
:1011E00000010000000000000000000000000000FE
:1011F00000000000000000000000000000000000EF
:1012000000000000000000000000000000000000DE
:1012100000000000000000000000000000000000CE
:1012200000000000000000000000000000000000BE
:1012300000000000000000000000000000000000AE
:10124000000000000000000000000000000000009E
:10125000000000000000000000000000000000008E
:10126000000000000000000000000000000000007E
:10127000000000000000000000000000000000006E
:10128000000000000000000000000000000000005E
:10129000000000000000000000000000000000004E
:1012A000000000000000000000000000000000003E
:1012B000000000000000000000000000000000002E
:1012C000000000000000000000000000000000001E
:1012D000000000000000000000000000000000000E
:1012E00000000000000000000000000000000000FE
:1012F00000000000000000000000000000000000EE
:1013000000000000000000000000000000000000DD
:1013100000000000000000000000000000000000CD
:1013200000000000000000000000000000000000BD
:1013300000000000000000000000000000000000AD
:10134000000000000000000000000000000000009D
:10135000000000000000000000000000000000008D
:10136000000000000000000000000000000000007D
:10137000000000000000000000000000000000006D
:10138000000000000000000000000000000000005D
:10139000000000000000000000000000000000004D
:1013A000000000000000000000000000000000003D
:1013B000000000000000000000000000000000002D
:1013C000000000000000000000000000000000001D
:1013D000000000000000000000000000000000000D
:1013E00000000000000000000000000000000000FD
:1013F00000000000000000000000000000000000ED
:1014000000000000000000000000000000000000DC
:1014100000000000000000000000000000000000CC
:1014200000000000000000000000000000000000BC
:1014300000000000300080010000000120000000DA
:10144000300020010040098720000000300040CA21
:10145000000000000000000000000000000000008C
:10146000000000000000000000000000000000007C
:10147000000000000000000000000000000000006C
:10148000000000000000000000000000000000005C
:10149000000000000000000000000000000000004C
:1014A000000000000000000000000000000000003C
:1014B000000000000000000000000000000000002C
:1014C000000000000000000000000000100000000C
:1014D000000000000000000000000000000000000C
:1014E00000000000000000000000000000000000FC
:1014F00000000000000000000000000000000000EC
:1015000000000000000000000000000000000000DB
:1015100000000000000000000000073C0000000088
:1015200000000000000000000000000000000000BB
:1015300000000000000000000000000000000000AB
:10154000000000000000000000000000000000009B
:10155000000000000000000000000000000000008B
:10156000000000000000000000000000000000007B
:10157000000000000000000000000000000000006B
:10158000000000000000000000000000000000005B
:10159000000000000000000000000000000000004B
:1015A000000000000000000000000000000000003B
:1015B000000000000000000000000000000000002B
:1015C000000000000000000000000000000000001B
:1015D000000000000000000000000000000000000B
:1015E00000000000000000000000000000000000FB
:1015F00000000000000000000000000000000000EB
:1016000000000000000000000000000000000000DA
:1016100000000000000000000000000000000000CA
:1016200000000000000000000000000000000000BA
:1016300000000000000000000000000000000000AA
:10164000000000000000000000000000000000009A
:10165000000000000000000000000000000000008A
:10166000000000000000000000000000000000007A
:10167000000000000000000000000000000000006A
:10168000000000000000000000000000000000005A
:10169000000000000000000000000000000000004A
:1016A000000000000000000000000000000000003A
:1016B000000000000000000000000000000000002A
:1016C000000000000000000000000000000000001A
:1016D000000000000000000000000000000000000A
:1016E00000000000000000000000000000000000FA
:1016F00000000000000000000000000000000000EA
:1017000000000000000000000000000000000000D9
:1017100000000000000000000000000000000000C9
:1017200000000000000000000000000000000000B9
:1017300000000000000000000000000000000000A9
:101740000000000000000000000000000000000099
:101750000000000000000000000000000000000089
:101760000000000000000000000000000000000079
:1017700000000000000000003000800100000001B7
:1017800020000000300020010040098C20000000F3
:10179000300040CA0000000000000000000000000F
:1017A0000000000000000000000000000000000039
:1017B0000000000000000000000000000000000029
:1017C0000000000000000000000000000000000019
:1017D0000000000000000000000000000000000009
:1017E00000000000000000000000000000000000F9
:1017F00000000000000000000000000000000000E9
:1018000000000000000000000000000000000000D8
:1018100020000000000000000000000000000000A8
:1018200000000000000000000000000000000000B8
:1018300000000000000000000000000000000000A8
:101840000000000000000000000000000000000098
:101850000000000000000000000000000000173D34
:101860000000000000000000000000000000000078
:101870000000000000000000000000000000000068
:101880000000000000000000000000000000000058
:101890000000000000000000000000000000000048
:1018A0000000000000000000000000000000000038
:1018B0000000000000000000000000000000000028
:1018C0000000000000000000000000000000000018
:1018D0000000000000000000000000000000000008
:1018E00000000000000000000000000000000000F8
:1018F00000000000000000000000000000000000E8
:1019000000000000000000000000000000000000D7
:1019100000000000000000000000000000000000C7
:1019200000000000000000000000000000000000B7
:1019300000000000000000000000000000000000A7
:101940000000000000000000000000000000000097
:101950000000000000000000000000000000000087
:101960000000000000000000000000000000000077
:101970000000000000000000000000000000000067
:101980000000000000000000000000000000000057
:101990000000000000000000000000000000000047
:1019A0000000000000000000000000000000000037
:1019B0000000000000000000000000000000000027
:1019C0000000000000000000000000000000000017
:1019D0000000000000000000000000000000000007
:1019E00000000000000000000000000000000000F7
:1019F00000000000000000000000000000000000E7
:101A000000000000000000000000000000000000D6
:101A100000000000000000000000000000000000C6
:101A200000000000000000000000000000000000B6
:101A300000000000000000000000000000000000A6
:101A40000000000000000000000000000000000096
:101A50000000000000000000000000000000000086
:101A60000000000000000000000000000000000076
:101A70000000000000000000000000000000000066
:101A80000000000000000000000000000000000056
:101A90000000000000000000000000000000000046
:101AA0000000000000000000000000000000000036
:101AB0000000000000000000000000003000800175
:101AC0000000000120000000300020010040099AC1
:101AD00020000000300041F900000000000000007C
:101AE00000000000000000000000000000000000F6
:101AF00000000000000000000000000000000000E6
:101B000000000000000000000000000000000000D5
:101B100000000000000000000000000000000000C5
:101B200000000000000000000000000000000000B5
:101B300000000000000000000000000000000000A5
:101B40000000000000000000000000000000000095
:101B50000000000000000000000000000000000085
:101B60000000000000000000000000000000000075
:101B70000000000000000000000000000000000065
:101B80001100000002001200000000000000000030
:101B90000000000000001000000000000000000035
:101BA0000004171E000000000000000000000000FC
:101BB0000000000000000000000000000000000025
:101BC0000000000000000000000000000000000015
:101BD0000000000000000000000000000000000005
:101BE00000000000000000000000000000000000F5
:101BF00000000000000000000000000000000000E5
:101C000000000000000000000000000000000000D4
:101C100000000000000000000000000000000000C4
:101C200000000000000000000000000000000000B4
:101C300000000000000000000000000000000000A4
:101C40000000000000000000000000000100010092
:101C50000000010000000000000000000000000083
:101C60000000000000000000000000000000000074
:101C70000000000000000000000000000000000064
:101C80000000000000000000000000000000000054
:101C90000000000000000000000000000000000044
:101CA0000000000000000000000000000000000034
:101CB0000000000000000000000000000000000024
:101CC0000000000000000000000000000002000210
:101CD0000000000200000000000000000000000002
:101CE00000000000000000000000000000000000F4
:101CF00000000000000000000000000000000000E4
:101D000000000000000000000000000000000000D3
:101D100000000000000000001000000000000000B3
:101D20000000000000000000000008880000000023
:101D30000000000000001B50188800000000000098
:101D40000000000000000000000000000000000093
:101D50000000000000000000000000000000000083
:101D60000000000000000000000000000000000073
:101D70000000000000000000000000000000000063
:101D80000000000000000000000000000000000053
:101D9000800A800A0000800A0000000000000000A5
:101DA0000000000000000000000000000000000033
:101DB0000000000000000000000000000000000023
:101DC0000000000000000000000000000000000013
:101DD0000000000000000000000000000000000003
:101DE000D00DD00D0000D00D00000000000000005C
:101DF00000000000000000000000000000000000E3
:101E000000000000000000000000000000000000D2
:101E100000000000000000000000000000000000C2
:101E200000000000000000000000000000000000B2
:101E300000000000000000000000000000000000A2
:101E40000000000000000000000000000000000092
:101E50000000000000000000000000000000000082
:101E60000000000000000000000000000000000072
:101E70000000000000000000000000000000000062
:101E80000000000000000000000000000000000052
:101E90000000000000000000000000000000000042
:101EA0000000000000000000000000000000000032
:101EB0000000000000000000000000000000200002
:101EC00000000000000000000184092C1000000048
:101ED0000000000000000000000000000000000002
:101EE00000000000000000000000000000000000F2
:101EF00000000000000000000000000000000000E2
:101F000000000000000000000000000000000000D1
:101F100000000000000000000000000000000000C1
:101F200000000000000000000000000000000000B1
:101F300000000000000000000000000000000000A1
:101F40000000000000000000000000000000000091
:101F50000000000000000000000000000000000081
:101F60000000000000000000000000000000000071
:101F70000000000000000000000000000000000061
:101F80000000000000000000000000000000000051
:101F90000000000000000000000000000000000041
:101FA0000000000000000000000000000000000031
:101FB0000000000000000000000000000000000021
:101FC0000000000000000000000000000000000011
:101FD0000000000000000000000000000000000001
:101FE00000000000000000000000000000000000F1
:101FF00000000000000000000000000000000000E1
:1020000000000000000000000000000000000000D0
:1020100000000000000000000000000000000000C0
:1020200000000000000000000000000000000000B0
:1020300000000000000000000000000000000000A0
:102040000000000000000000000000000000000090
:1020500000000888000000000000000000840095D7
:1020600008880000000000000000000000000000E0
:102070000000000000000000000000000000000060
:102080000000000000000000000000000000000050
:102090000000000000000000000000000000000040
:1020A0000000000000000000000000000000000030
:1020B0000000000000000000000000000000000020
:1020C0000000000000000000000000000000000010
:1020D0000000000000000000000000000000000000
:1020E00000000000000000000000000000000000F0
:1020F00000000000000000000000000000000000E0
:1021000000000000000000000000000000000000CF
:1021100000000000000000000000000000000000BF
:1021200000000000000000000000000000000000AF
:10213000000000000000000000000000000000009F
:10214000000000000000000000000000000000008F
:10215000000000000000000000000000000000007F
:10216000000000000000000000000000000000006F
:10217000000000000000000000000000000000005F
:10218000000000000000000000000000000000004F
:10219000000000000000000000000000000000003F
:1021A000000000000000000000000000000000002F
:1021B000000000000000000000000000000000001F
:1021C000000000000000000000000000000000000F
:1021D00000000000000000000000000000000000FF
:1021E00000000000000000000000000000000000EF
:1021F00000000000000000000000000000000000DF
:1022000000000000000000000000000000000000CE
:1022100000000000000000000000000000000000BE
:1022200000000000000000000000000000000000AE
:10223000000000000000000000000000000000009E
:10224000000000000000000000000000000000008E
:10225000000000000000000000000000000000007E
:10226000000000000000000000000000000000006E
:10227000000000000000000000000000000000005E
:10228000000000000000000000000000000000004E
:10229000000000000000000000000000000000003E
:1022A000000000000000000000000000000000002E
:1022B000000000000000000000000000300080016D
:1022C00000000001200000003000200100400A0151
:1022D00020000000300041940000000000000000D9
:1022E00000000000000000000000000000000000EE
:1022F00000000000000000000000000000000000DE
:1023000000000000000000000000000000000000CD
:1023100000000000000000000000000000000000BD
:1023200000000000000000000000000000000000AD
:10233000000000000000000000000000000000009D
:10234000000000000000000000000000000000008D
:10235000000000000000000000000000000000007D
:10236000000000000000000000000000000000006D
:10237000000000000000000000000000000000005D
:10238000000000000000000000000000000000004D
:1023900000000000500000000000000000000000ED
:1023A000000010020000000000000000000000001B
:1023B000000000000000000000000000000000001D
:1023C000000000000000000000000000000000000D
:1023D00000000000000000000000000000000000FD
:1023E00000000000000000000000000000000000ED
:1023F00000000000000000000000000000000000DD
:1024000000000000000000000000000000000000CC
:1024100000000000000000000000000000000000BC
:1024200000000000000000000000000000000000AC
:10243000000000000000000000000000000000009C
:10244000000000000000000000000000000000008C
:10245000000000000000000000000000000000007C
:10246000000000000000000000000000000000006C
:10247000000000000000000000000000000000005C
:10248000000000000000000000000000000000004C
:10249000000000000000000000000000000000003C
:1024A000000000000000000000000000000000002C
:1024B000000000000000000000000000000000001C
:1024C000000000000000000000000000000000000C
:1024D00000000000000000000000000000000000FC
:1024E00000000000000000000000000000000008E4
:1024F00000000000000000000000000000000000DC
:1025000000000000000000000000000000000000CB
:1025100000000000000000000000000000000000BB
:1025200000000000000000000000000000000000AB
:102530000000000000001743000000000000000041
:10254000000000000000000000000000000000008B
:10255000000000000000000000000000000000007B
:10256000000000000000000000000000000000006B
:10257000000000000000000000000000000000005B
:10258000000000000000000000000000000000004B
:10259000000000000000000000000000000000003B
:1025A000000000000000000000000000000000002B
:1025B000000000000000000000000000000000001B
:1025C000000000000000000000000000000000000B
:1025D00000000000000000000000000000000000FB
:1025E00000000000000000000000000000000000EB
:1025F00000000000000000000000000000000000DB
:1026000000000000000000000000000000000000CA
:1026100000000000000000000000000000000000BA
:1026200000000000000000000000000000000000AA
:10263000000000000000000000000000000000009A
:10264000000000000000000000000000000000008A
:102650000000000200000000000000000000000078
:10266000000000000000000000000000000000006A
:10267000000000000000000000000000000000005A
:10268000000000000000000000000000000000004A
:10269000000000000000000000000000000000003A
:1026A000000000000000000000000000000000002A
:1026B0000000000200000000020002000000020012
:1026C00000000000000000000000055800000000AD
:1026D00000000000000000000000000000000000FA
:1026E00000000000000000100000000000000000DA
:1026F00000000000000000000000000000000000DA
:1027000000000000000000000000002000000000A9
:1027100000000000000000000000000000000000B9
:1027200000000000000000000000000000000000A9
:102730000000000000000000000000000000000099
:102740000000000000000000000000000000000089
:102750000000000000000000000000000000000079
:102760000000000000000000000000000000000069
:102770000000000000000000000000000000000059
:102780000000000000000000000000000000000049
:102790000000000000000000000000000000000039
:1027A0000000000000000000000000000000000029
:1027B0000000000000000000000000000000000019
:1027C0000000000000000000000000000000000009
:1027D00000000000000000000000000000000000F9
:1027E00000000000000000000000000000000000E9
:1027F00000000000000000000000000000000000D9
:1028000000000000000000000000000000000000C8
:1028100000000000000000000000000000000000B8
:1028200000000000000000000000000000000000A8
:102830000000000000000000000000000000000098
:102840000000000000000000000000000000000088
:102850000000000000000000000000000000000078
:102860000000000000000000000000000000000068
:102870000000000000000000000000000000000058
:102880000000000000000000000000000000000048
:102890000000000000000000000000000000000038
:1028A0000000000000000000000000000000000028
:1028B0000000000000000000000000000000000018
:1028C0000000000000000000000000000000000008
:1028D00000000000000000000000000000000000F8
:1028E00000000000000000000000000000000000E8
:1028F00000000000000000000000000000000000D8
:1029000000000000000000000000000000000000C7
:1029100000000000000000000000000000000000B7
:1029200000000000000000003000800100000001F5
:10293000200000003000200100400A0520000000B7
:102940003000412F000000000000000000000000E7
:102950000000000000000000000000000000000077
:102960000000000000000000000000000000000067
:102970000000000000000000000000000000000057
:102980000000000000000000000000000000000047
:102990000000000000000001000000000000000036
:1029A0000000000000000000000000000000000027
:1029B0000000000000000000000000000000000017
:1029C0000000000000000000000000000000000007
:1029D00000000000000000000000000000000000F7
:1029E00000000000000000000000000000000000E7
:1029F00000000000000000010000000001000100D4
:102A00000000010000000000000000000000055B65
:102A100000000000000000000000000000000000B6
:102A20000000000000000000000000800000000026
:102A30000000000000000000000000000000000096
:102A40000000000000000000000000000000001076
:102A50000000000000000000000000000000000076
:102A60000000000000000000000000000000000066
:102A70000000000000000000000000000000000056
:102A80000000000000000000000000000000000046
:102A90000000000000000000000000000000000036
:102AA0000000000000000000000000000000000026
:102AB0000000000000000000000000000000000016
:102AC0000000000000000000000000000000000006
:102AD00000000000000000000000000000000000F6
:102AE00000000000000000000000000000000000E6
:102AF00000000000000000000000000000000000D6
:102B000000000000000000000000000000000000C5
:102B100000000000000000000000000000000000B5
:102B200000000000000000000000000000000000A5
:102B30000000000000000000000000000000000095
:102B40000000000000000000000000000000000085
:102B50000000000000000000000000040000000071
:102B60000000000000000000000000000000000065
:102B70000000000000000000000000000000000055
:102B80000000000000000000000000000000000045
:102B90000000000000000000000000000000000035
:102BA00000000742000000000000000000000000DC
:102BB0000000000000000000000000000000000015
:102BC0000000000000000000000000000000000005
:102BD00000000000000000000000000000000000F5
:102BE00000000000000000000000000000000000E5
:102BF00000000000000000000000000000000000D5
:102C000000000000000000000000000000000000C4
:102C100000000000000000000000000000000000B4
:102C200000000000000000000000000000000000A4
:102C30000000000000000000000000000000000094
:102C40000000000000000000000000000000000084
:102C50000000000000000000000000000000000074
:102C60000000000000000000000000000000000064
:102C70000000000000000000000000000000000054
:102C80000000000000000000000000000000000044
:102C90000000000000000000000000000000000034
:102CA0000000000000000000000000000000000024
:102CB0000000000000000000000000000000000014
:102CC0000000000000000000000000000000000004
:102CD00000000000000000000000000000000000F4
:102CE00000000000000000000000000000000000E4
:102CF00000000000000000000000000000000000D4
:102D000000000000000000000000000000000000C3
:102D100000000000000000000000000000000000B3
:102D200000000000000000000000000000000000A3
:102D30000000000000000000000000000000000093
:102D40000000000000000000000000000000000083
:102D50000000000000000000000000000000000073
:102D60000000000000000000000000000000000063
:102D70000000000000000000000000000000000053
:102D80000000000000000000000000000000000043
:102D90000000000000000000000000000000000033
:102DA0000000000000000000000000000000000023
:102DB0000000000000000000000000000000000013
:102DC0000000000000000000000000000000000003
:102DD00000000000000000000000000000000000F3
:102DE00000000000000000000000000000000000E3
:102DF00000000000000000000000000000000000D3
:102E0000300080010000000120000000300020019F
:102E100000400A1220000000300040CA00000000FC
:102E200000000000000000000000000000000000A2
:102E30000000000000000000000000000000000092
:102E40000000000000000000000000000000000082
:102E50000000000000000000000000000000000072
:102E60000000000000000000000000000000000062
:102E70000000000000000000000000000000000052
:102E80000000000000000000000000000000000042
:102E9000000000000000000000000000080000002A
:102EA0000000000000000000000000000000000022
:102EB0000000000000000000000000000000000012
:102EC0000000000000000000000000000000000002
:102ED00000000000000000000000000000000000F2
:102EE000000000000000175B000000000000000070
:102EF00000000000000000000000000000000000D2
:102F000000000000000000000000000000000000C1
:102F100000000000000000000000000000000000B1
:102F200000000000000000000000000000000000A1
:102F30000000000000000000000000000000000091
:102F40000000000000000000000000000000000081
:102F50000000000000000000000000000000000071
:102F60000000000000000000000000000000000061
:102F70000000000000000000000000000000000051
:102F80000000000000000000000000000000000041
:102F90000000000000000000000000000000000031
:102FA0000000000000000000000000000000000021
:102FB0000000000000000000000000000000000011
:102FC0000000000000000000000000000000000001
:102FD00000000000000000000000000000000000F1
:102FE00000000000000000000000000000000000E1
:102FF00000000000000000000000000000000000D1
:1030000000000000000000000000000000000000C0
:1030100000000000000000000000000000000000B0
:1030200000000000000000000000000000000000A0
:103030000000000000000000000000000000000090
:103040000000000000000000000000000000000080
:103050000000000000000000000000000000000070
:103060000000000000000000000000000000000060
:103070000000000000000000000000000000000050
:103080000000000000000000000000000000000040
:103090000000000000000000000000000000000030
:1030A0000000000000000000000000000000000020
:1030B0000000000000000000000000000000000010
:1030C0000000000000000000000000000000000000
:1030D00000000000000000000000000000000000F0
:1030E00000000000000000000000000000000000E0
:1030F00000000000000000000000000000000000D0
:1031000000000000000000000000000000000000BF
:1031100000000000000000000000000000000000AF
:10312000000000000000000000000000000000009F
:10313000000000000000000000000000000000008F
:1031400000000000300080010000000120000000AD
:103150003000200100400A1820000000300040CA62
:10316000000000000000000000000000000000005F
:10317000000000000000000000000000000000004F
:10318000000000000000000000000000000000003F
:10319000000000000000000000000000000000002F
:1031A000000000000000000000000000000000001F
:1031B000000000000000000000000000000000000F
:1031C00000000000000000000000000000000000FF
:1031D00000000000000000000000000000000000EF
:1031E00004000000000000000000000000000000DB
:1031F00000000000000000000000000000000000CF
:1032000000000000000000000000000000000000BE
:1032100000000000000000000000000000000000AE
:1032200000000000000000000000075A000000003D
:10323000000000000000000000000000000000008E
:10324000000000000000000000000000000000007E
:10325000000000000000000000000000000000006E
:10326000000000000000000000000000000000005E
:10327000000000000000000000000000000000004E
:10328000000000000000000000000000000000003E
:10329000000000000000000000000000000000002E
:1032A000000000000000000000000000000000001E
:1032B000000000000000000000000000000000000E
:1032C00000000000000000000000000000000000FE
:1032D00000000000000000000000000000000000EE
:1032E00000000000000000000000000000000000DE
:1032F00000000000000000000000000000000000CE
:1033000000000000000000000000000000000000BD
:1033100000000000000000000000000000000000AD
:10332000000000000000000000000000000000009D
:10333000000000000000000000000000000000008D
:10334000000000000000000000000000000000007D
:10335000000000000000000000000000000000006D
:10336000000000000000000000000000000000005D
:10337000000000000000000000000000000000004D
:10338000000000000000000000000000000000003D
:10339000000000000000000000000000000000002D
:1033A000000000000000000000000000000000001D
:1033B000000000000000000000000000000000000D
:1033C00000000000000000000000000000000000FD
:1033D00000000000000000000000000000000000ED
:1033E00000000000000000000000000000000000DD
:1033F00000000000000000000000000000000000CD
:1034000000000000000000000000000000000000BC
:1034100000000000000000000000000000000000AC
:10342000000000000000000000000000000000009C
:10343000000000000000000000000000000000008C
:10344000000000000000000000000000000000007C
:10345000000000000000000000000000000000006C
:10346000000000000000000000000000000000005C
:10347000000000000000000000000000000000004C
:10348000000000000000000030008001000000018A
:10349000200000003000200100400A202000000031
:1034A0003000406500000000000000000000000047
:1034B000000000000000000000000000000000000C
:1034C00000000000000000000000000000000000FC
:1034D00000000000000000000000000000000000EC
:1034E00000000000000000000000000000000000DC
:1034F00000000000000000000000000000000000CC
:1035000000000000000000000000000000000000BB
:1035100000000000000000000000000000000000AB
:10352000000000000000FFFF00000000000000009D
:10353000000000000000000000000000000000008B
:10354000000000000000000000000000000000007B
:10355000000000000000000000000000000000006B
:10356000000000000000000000000000000000005B
:10357000000000000000000000000000000000004B
:10358000000000000000000000000000000000003B
:10359000000000000000000000000000000000002B
:1035A000000000000000000000000000000000001B
:1035B000000000000000000000000000000000000B
:1035C00000000000000000000000000000000000FB
:1035D00000000000000000000000000000000000EB
:1035E00000000000000000000000000000000000DB
:1035F00000000000000000000000000000000000CB
:1036000000000000000000000000000000000000BA
:1036100000000000000000000000000000000000AA
:10362000000000000000000000000000000000009A
:1036300000000000000000003000800100000002D7
:1036400020000000200000002000000020000000FA
:1036500020000000200000002000000020000000EA
:1036600020000000200000002000000020000000DA
:1036700030014008000000000000000000000000D1
:10368000000000000000000000000000000000003A
:10369000000000003000200100400A2130014004F9
:1036A000000000000000000000000000000000001A
:1036B00030008001000000012000000030002001E7
:1036C00000400A80200000003000412F0000000070
:1036D00000000000000000000000000000000000EA
:1036E00000000000000000000000000000000000DA
:1036F00000000000000000000000000000000000CA
:1037000000000000000000000000000000000000B9
:1037100000000000000000000000000000000000A9
:103720000000000000000000000000000000000099
:103730000000000000000000000000000000000089
:1037400000000000088008110001000000000000D7
:103750000000000000000000000000000000000069
:103760000000000000000000000000000000000059
:103770000000000000000000000000000000000049
:103780000000000000000000000000000000000039
:10379000000000000000499D000000000000000043
:1037A0000000000000000000000000000000000019
:1037B0000000000000000000000000000000000009
:1037C00000000000000000000000000000000000F9
:1037D00000000000000000000000000000000000E9
:1037E00000000000000000000000000000000000D9
:1037F00000000000000000000000000000000000C9
:1038000000000000000000000000000000000000B8
:1038100000000000000000000000000000000000A8
:103820000000000000000000000000000000000098
:103830000000000000000000000000000000000088
:103840000000000000000000000000000000000078
:103850000000000000000000000000000000000068
:103860000000000000000000000000000000000058
:103870000000000000000000000000000000000048
:103880000000000000000000000000000000000038
:103890000000000000000000000000000000000028
:1038A0000000000000000000000000000000000018
:1038B0000000000000000000000000000000000008
:1038C00000000000000000000000000000000000F8
:1038D00000000000000000000080408000000000A8
:1038E00000000000000000000000000000000000D8
:1038F00000000000000000000000000000000000C8
:1039000000000000000000000000000000000000B7
:1039100000000000000000000000000000000000A7
:1039200000000000000000000000071E0000000072
:103930000000000000000000000000000000000087
:103940000000000000000000000000000000000077
:103950000000000000000000000000000000000067
:103960000000000000000000000000000000000057
:103970000000000000000000000000000000000047
:103980000000000000000000000000000000000037
:103990000000000000000000000000000000000027
:1039A0000000000000000000000000000000000017
:1039B0000000000000000000000000000000000007
:1039C00000000000000000000000000000000000F7
:1039D00000000000000000000000000000000000E7
:1039E00000000000000000000000000000000000D7
:1039F00000000000000000000000000000000000C7
:103A000000000000000000000000000000000000B6
:103A100000000000000000000000000000000000A6
:103A20000000000000000000000000000000000096
:103A30000000000000000000000000000000000086
:103A40000000000000000000000000000000000076
:103A50000000000000000000000000000000000066
:103A60000000000000000000000000000000000056
:103A70000000000000000000000000000000000046
:103A80000000000000000000000000000000000036
:103A90000000000000000000000000000000000026
:103AA0000000000000000000000000000000000016
:103AB0000000000000000000000000000000000006
:103AC00000000000000000000000000000000000F6
:103AD00000000000000000000000000000000000E6
:103AE00000000000000000000000000000000000D6
:103AF00000000000000000000000000000000000C6
:103B000000000000000000000000000000000000B5
:103B100000000000000000000000000000000000A5
:103B20000000000000000000000000000000000095
:103B30000000000000000000000000000000000085
:103B40000000000000000000000000000000000075
:103B50000000000000000000000000000000000065
:103B60000000000000000000000000000000000055
:103B70000000000000000000000000000000000045
:103B80000000000000000000300080010000000183
:103B9000200000003000200100400A8320000000C7
:103BA000300040CA000000000000000000000000DB
:103BB0000000000000000000000000000000000005
:103BC00000000000000000000000000000000000F5
:103BD00000000000000000000000000000000000E5
:103BE00000000000000000000000000000000000D5
:103BF00000000000000000000000000000000000C5
:103C000000000000000000000000000000000000B4
:103C100000000000000000000000000000000000A4
:103C20000000000000000000000000000000000292
:103C30000000000000000000000000000000000084
:103C40000000000000000000000000000000000074
:103C50000000000000000000000000000000000064
:103C600000000000000000000000000000400E37CF
:103C70000000000000000000000000000000000044
:103C80000000000000000000000000000000000034
:103C90000000000000000000000000000000000024
:103CA0000000000000000000000000000000000014
:103CB0000000000000000000000000000000000004
:103CC00000000000000000000000000000000000F4
:103CD00000000000000000000000000000000000E4
:103CE00000000000000000000000000000000000D4
:103CF00000000000000000000000000000000000C4
:103D000000000000000000000000000000000000B3
:103D100000000000000000000000000000000000A3
:103D20000000000000000000000000000000000093
:103D30000000000000000000000000000000000083
:103D40000000000000000000000000000000000073
:103D50000000000000000000000000000000000063
:103D60000000000000000000000000000000000053
:103D70000000000000000000000000000000000043
:103D80000000000000000000000000000000000033
:103D90000000000000000000000000000000000023
:103DA0000000000000000000000000000000000013
:103DB0000000000000000000000000000000000003
:103DC00000000000000000000000000000000000F3
:103DD00000000000000000000000000000000000E3
:103DE00000000000000000000000000000000000D3
:103DF00000000000000000000000000000000000C3
:103E000000000000000000000000000000000000B2
:103E100000000000000000000000000000000000A2
:103E20000000000000000000000000000000000092
:103E30000000000000000000000000000000000082
:103E40000000000000000000000000000000000072
:103E50000000000000000000000000000000000062
:103E60000000000000000000000000000000000052
:103E70000000000000000000000000000000000042
:103E80000000000000000000000000000000000032
:103E90000000000000000000000000000000000022
:103EA0000000000000000000000000000000000012
:103EB0000000000000000000000000000000000002
:103EC0000000000000000000000000003000800141
:103ED00000000001200000003000200100400A85A1
:103EE00020000000300041940000000000000000AD
:103EF00000000000000000000000000000000000C2
:103F000000000000000000000000000000000000B1
:103F100000000000000000000000000000000000A1
:103F20000000000000000000000000000000000091
:103F30000000000000000000000000000000000081
:103F40000000000000000000000000000000000071
:103F50000000000000000000000000000000000061
:103F60000000000000000000000000000000000051
:103F70000000000100000000000000000000000040
:103F80000001000000000000000000000000000030
:103F90000000000000000000000000000000000021
:103FA0000000000000000000000000000000000011
:103FB00000001FB000000000000000000000000032
:103FC00000000000000000000000000000000000F1
:103FD00000000000000000000000000000000000E1
:103FE00000000000000000000000000000000000D1
:103FF00000000000000000000000000000000000C1
:1040000000000000000000000000000000000000B0
:1040100000000000000000000000000000000000A0
:104020000000000000000000000000000000000090
:104030000000000000000000000000000000000080
:104040000000000000000000000000000000000070
:104050000000000000000000000000000000000060
:104060000000000000000000000000000000000050
:104070000000000000000000000000000000000040
:104080000000000000000000000000000000000030
:104090000000000000000000000000000000000020
:1040A0000000000000000000000000000000000010
:1040B0000000000000000000000000000000000000
:1040C00000000000000000000000000000000000F0
:1040D00000000000000000000000000000000000E0
:1040E00000000000000000000000000000000000D0
:1040F00000000000000000000000000200000000BE
:1041000000000000000000000000000000000000AF
:10411000000000000000000000000000000000009F
:10412000000000000000000000000000000000008F
:10413000000000000000000000000000000000007F
:104140000000000000000721000000000000000047
:10415000000000000000000000000000000000005F
:10416000000000000000000000000000000000004F
:10417000000000000000000000000000000000003F
:10418000000000000000000000000000000000002F
:10419000000000000000000000000000000000001F
:1041A000000000000000000000000000000000000F
:1041B00000000000000000000000000000000000FF
:1041C00000000000000000000000000000000000EF
:1041D00000000000000000000000000000000000DF
:1041E00000000000000000000000000000000000CF
:1041F00000000000000000000000000000000000BF
:1042000000000000000000000000000000000000AE
:10421000000000000000000000000000000000009E
:10422000000000000000000000000000000000008E
:10423000000000000000000000000000000000007E
:10424000000000000000000000000000000000006E
:10425000000000000000000000000000000000005E
:10426000000000000000000000000000000000004E
:10427000000000000000000000000000000000003E
:10428000000000000000000000000000000000002E
:10429000000000000000000000000000000000001E
:1042A000000000000000000000020000000000000C
:1042B00000000000000000000000000000000000FE
:1042C00000000000000000000000000000000000EE
:1042D0000000000000000000000018310000000095
:1042E00000000000000000000000000000000000CE
:1042F00000000000000000000000000000000000BE
:1043000000000000000000000000000000000000AD
:10431000000000000000000000000000000000009D
:10432000000000000000000000000000000000008D
:10433000000000000000000000000000000000007D
:10434000000000000000000000000000000000006D
:10435000000000000000000000000000000000005D
:10436000000000000000000000000000000000004D
:10437000000000000000000000000000000000003D
:10438000000000000000000000000000000000002D
:10439000000000000000000000000000000000001D
:1043A000000000000000000000000000000000000D
:1043B00000000000000000000000000000000000FD
:1043C00000000000000000000000000000000000ED
:1043D00000000000000000000000000000000000DD
:1043E00000000000000000000000000000000000CD
:1043F00000000000000000000000000000000000BD
:1044000000000000000000000000000000000000AC
:10441000000000000002000000000000000000009A
:10442000000000000000000000000000000000008C
:10443000000000000000000000000000000000007C
:10444000000000000000000000000000000000006C
:10445000000000000000000000000000000000005C
:10446000000000000000000000000000000016D165
:10447000000000000000000000000000000000003C
:10448000000000000000000000000000000000002C
:10449000000000000000000000000000000000001C
:1044A000000000000000000000000000000000000C
:1044B00000000000000000000000000000000000FC
:1044C00000000000000000000000000000000000EC
:1044D00000000000000000000000000000000000DC
:1044E00000000000000000000000000000000000CC
:1044F00000000000000000000000000000000000BC
:1045000000000000000000000000000000000000AB
:10451000000000000000000000000000000000009B
:10452000000000000000000000000000000000008B
:1045300000000000000000003000800100000002C8
:1045400020000000200000002000000020000000EB
:1045500020000000200000002000000020000000DB
:1045600020000000200000002000000020000000CB
:1045700030014008000000000000000000000000C2
:10458000000000000000000000000000000000002B
:10459000000000003000200100400A8C300140047F
:1045A000000000000000000000000000000000000B
:1045B00030008001000000012000000030002001D8
:1045C00000400A8F20000000300040CA00000000B8
:1045D00000000000000000000000000000000000DB
:1045E00000000000000000000000000000000000CB
:1045F00000000000000000000000000000000000BB
:1046000000000000000000000000000000000000AA
:10461000000000000000000000000000000000009A
:10462000000000000000000000000000000000008A
:10463000000000000000000000000000000000007A
:104640000000000000000000000000010000000069
:10465000000000000000000000000000000000005A
:10466000000000000000000000000000000000004A
:10467000000000000000000000000000000000003A
:10468000000000000000000000000000000000002A
:1046900000000000000017200000000000000000E3
:1046A000000000000000000000000000000000000A
:1046B00000000000000000000000000000000000FA
:1046C00000000000000000000000000000000000EA
:1046D00000000000000000000000000000000000DA
:1046E00000000000000000000000000000000000CA
:1046F00000000000000000000000000000000000BA
:1047000000000000000000000000000000000000A9
:104710000000000000000000000000000000000099
:104720000000000000000000000000000000000089
:104730000000000000000000000000000000000079
:104740000000000000000000000000000000000069
:104750000000000000000000000000000000000059
:104760000000000000000000000000000000000049
:104770000000000000000000000000000000000039
:104780000000000000000000000000000000000029
:104790000000000000000000000000000000000019
:1047A0000000000000000000000000000000000009
:1047B00000000000000000000000000000000000F9
:1047C00000000000000000000000000000000000E9
:1047D00000000000000000000000000000000000D9
:1047E00000000000000000000000000000000000C9
:1047F00000000000000000000000000000000000B9
:1048000000000000000000000000000000000000A8
:104810000000000000000000000000000000000098
:104820000000000000000000000000000000000088
:104830000000000000000000000000000000000078
:104840000000000000000000000000000000000068
:104850000000000000000000000000000000000058
:104860000000000000000000000000000000000048
:104870000000000000000000000000000000000038
:104880000000000000000000000000000000000028
:104890000000000000000000000000000000000018
:1048A0000000000000000000000000000000000008
:1048B00000000000000000000000000000000000F8
:1048C00000000000000000000000000000000000E8
:1048D00000000000000000000000000000000000D8
:1048E00000000000000000000000000000000000C8
:1048F00000000000300080010000000120000000E6
:104900003000200100400A93200000003000419454
:104910000000000000000000000000000000000097
:104920000000000000000000000000000000000087
:104930000000000000000000000000000000000077
:104940000000000000000000000000000000000067
:104950000000000000000000000000000000000057
:104960000000000000000000000000000000000047
:104970000000000000000000000000000000000037
:104980000000000000000000000000020000000025
:104990000000000000000000000000000000000017
:1049A0000000000000000000000000000000000007
:1049B00000000000000000000000000000000000F7
:1049C00000000000000000000000000000000000E7
:1049D00000000000000000000000170100000000BF
:1049E00000000000000000000000000000000000C7
:1049F00000000000000000000000000000000000B7
:104A000000000000000000000000000000000000A6
:104A10000000000000000000000000000000000096
:104A20000000000000000000000000000000000086
:104A30000000000000000000000000000000000076
:104A40000000000000000000000000000000000066
:104A50000000000000000000000000000000000056
:104A60000000000000000000000000000000000046
:104A70000000000000000000000000000000000036
:104A80000000000000000000000000000000000026
:104A90000000000000000000000000000000000016
:104AA0000000000000000000000000000000000006
:104AB00000000000000000000000000000000000F6
:104AC00000000000000000000000000000000000E6
:104AD00000000000000000000000000000000000D6
:104AE00000000000000000000000000000000000C6
:104AF00000000000000000000000000000000000B6
:104B000000000000000000000000000000000000A5
:104B10000000000000000000000000000002000093
:104B20000000000000000000000000000000000085
:104B30000000000000000000000000000000000075
:104B40000000000000000000000000000000000065
:104B50000000000000000000000000000000000055
:104B6000000000000000000000000000000007112D
:104B70000000000000000000000000000000000035
:104B80000000000000000000000000000000000025
:104B90000000000000000000000000000000000015
:104BA0000000000000000000000000000000000005
:104BB00000000000000000000000000000000000F5
:104BC00000000000000000000000000000000000E5
:104BD00000000000000000000000000000000000D5
:104BE00000000000000000000000000000000000C5
:104BF00000000000000000000000000000000000B5
:104C000000000000000000000000000000000000A4
:104C10000000000000000000000000000000000094
:104C20000000000000000000000000000000000084
:104C30000000000000000000000000000000000074
:104C40000000000000000000000000000000000064
:104C50000000000000000000000000000000000054
:104C60000000000000000000000000000000000044
:104C70000000000000000000000000000000000034
:104C80000000000000000000000000000000000024
:104C90000000000000000000000000000000000014
:104CA0000000000000000000000000000000000004
:104CB00004000004000000000000000000000000EC
:104CC00000000000000000000000000000000000E4
:104CD00000000000000000000000000000000000D4
:104CE00000000000000000000000000000000000C4
:104CF00000000000000000000000000000000000B4
:104D0000000000180000000000000000000000008B
:104D10000000000000000000000000000000000093
:104D20000000000000000000000000000000000083
:104D30000000000000000000000000000000000073
:104D40000000000000000000000000000000000063
:104D50000000000000000000000000000000000053
:104D60000000000000000000000000000000000043
:104D70000000000000000000000000000000000033
:104D80000000000000000000000000000000000023
:104D90000000000000000000000000000000000013
:104DA0000000000000000000000000000000000003
:104DB00000000000000000000000000000000000F3
:104DC00000000000000000000000000000000000E3
:104DD00000000000000000000000000000000000D3
:104DE00000000000000000000000000000000000C3
:104DF00000000000000000000000000000000000B3
:104E000000000000000000000000000000000000A2
:104E10000000000000000000000000000000000092
:104E20000000000000000000000000000000000082
:104E30000000000000000000000000000000000072
:104E40000000000000000000000000000000000062
:104E50000000000000000000000000000000000052
:104E60000000000000000000000000000000000042
:104E70000000000000000000000000000000000032
:104E80000000000000000000000000000000000022
:104E90000000000000000000000000000000000012
:104EA0000000000000000000000000000000000002
:104EB00000000000000000000000000000000000F2
:104EC00000000000000000000000000000000000E2
:104ED00000000000000000000000000000000000D2
:104EE00000000000000000000000000000000000C2
:104EF00000000000000000000000000000000000B2
:104F000000000000000000000000000000000000A1
:104F10000000000000000000000000000000000091
:104F20000000000000000000000000000000000081
:104F30000000000000000000000000000000000071
:104F40000000000000000000000000000000000061
:104F50000000000000000000000000000000000051
:104F6000300080010000000120000000300020011E
:104F700000400A972000000030004194000000002B
:104F80000000000000000000000000000000000021
:104F90000000000000000000000000000000000011
:104FA0000000000000000000000000000000000001
:104FB00000000000000000000000000000000000F1
:104FC00000000000000000000000000000000000E1
:104FD00000000000000000000000000000000000D1
:104FE00000000000000000000000000000000000C1
:104FF00000000000000000010000000000000000B0
:1050000000000000000000000000000000000000A0
:105010000000000000000000000000000000000090
:105020000000000000000000000000000000000080
:105030000000000000000000000000000000000070
:105040000000000000000700000000000000000059
:105050000000000000000000000000000000000050
:105060000000000000000000000000000000000040
:105070000000000000000000000000000000000030
:105080000000000000000000000000000000000020
:105090000000000000000000000000000000000010
:1050A0000000000000000000000000000000000000
:1050B00000000000000000000000000000000000F0
:1050C00000000000000000000000000000000000E0
:1050D00000000000000000000000000000000000D0
:1050E00000000000000000000000000000000000C0
:1050F00000000000000000000000000000000000B0
:10510000000000000000000000000000000000009F
:10511000000000000000000000000000000000008F
:10512000000000000000000000000000000000007F
:10513000000000000000000000000000000000006F
:10514000000000000000000000000000000000005F
:10515000000000000000000000000000000000004F
:10516000000000000000000000000000000000003F
:10517000000000000000000000000000000000002F
:10518000000000000000000000020001000000001C
:10519000000000000000000000000000000000000F
:1051A00000000000000000000000000000000000FF
:1051B00000000000000000000000000000000000EF
:1051C00000000000000000000000000000000000DF
:1051D00000000000000000000000001100000000BE
:1051E00000000000000000000000000000000000BF
:1051F00000000000000000000000000000000000AF
:10520000000000000000000000000000000000009E
:10521000000000000000000000000000000000008E
:10522000000000000000000000000000000000007E
:10523000000000000000000000000000000000006E
:10524000000000000000000000000000000000005E
:10525000000000000000000000000000000000004E
:10526000000000000000000000000000000000003E
:10527000000000000000000000000000000000002E
:10528000000000000000000000000000000000001E
:10529000000000000000000000000000000000000E
:1052A00000000000000000000000000000000000FE
:1052B00000000000000000000000000000000000EE
:1052C00000000000000000000000000000000000DE
:1052D00000000000000000000000000000000000CE
:1052E00000000000000000000000000000000000BE
:1052F00000000000000000000000000000000000AE
:10530000000000000000000000000000000000009D
:105310000000000000000000000000000400000584
:10532000000000000000000000000000000000007D
:10533000000000000000000000000000000000006D
:10534000000000000000000000000000000000005D
:10535000000000000000000000000000000000004D
:10536000000000000000000000000000000007181E
:10537000000000000000000000000000000000002D
:10538000000000000000000000000000000000001D
:10539000000000000000000000000000000000000D
:1053A00000000000000000000000000000000000FD
:1053B00000000000000000000000000000000000ED
:1053C00000000000000000000000000000000000DD
:1053D00000000000000000000000000000000000CD
:1053E00000000000000000000000000000000000BD
:1053F00000000000000000000000000000000000AD
:10540000000000000000000000000000000000009C
:10541000000000000000000000000000000000008C
:10542000000000000000000000000000000000007C
:10543000000000000000000000000000000000006C
:10544000000000000000000000000000000000005C
:10545000000000000000000000000000000000004C
:10546000000000000000000000000000000000003C
:10547000000000000000000000000000000000002C
:10548000000000000000000000000000000000001C
:10549000000000000000000000000000000000000C
:1054A00000000000000000000000000000000000FC
:1054B00000000000000000000000000000000000EC
:1054C00000000000000000000000000000000000DC
:1054D00000000000000000000000000000000000CC
:1054E00000000000000000000000000000000000BC
:1054F00000000000000000000000000000000000AC
:10550000000000000000000000000000000000009B
:10551000000000000000000000000000000000008B
:10552000000000000000000000000000000000007B
:10553000000000000000000000000000000000006B
:10554000000000000000000000000000000000005B
:10555000000000000000000000000000000000004B
:10556000000000000000000000000000000000003B
:10557000000000000000000000000000000000002B
:10558000000000000000000000000000000000001B
:10559000000000000000000000000000000000000B
:1055A00000000000000000000000000000000000FB
:1055B00000000000000000000000000000000000EB
:1055C000000000000000000000000000300080012A
:1055D00000000001200000003000200100400A9E71
:1055E000200000003000412F0000000000000000FB
:1055F00000000000000000000000000000000000AB
:10560000000000000000000000000000000000009A
:10561000000000000000000000000000000000008A
:10562000000000000000000000000000000000007A
:10563000000000000000000000000000000000006A
:10564000000000000000000000000000000000005A
:10565000000000000000000000000000000000004A
:1056600000010280000000000000000000000000B7
:10567000000000000000000000000000000000002A
:10568000000000000000000000000000000000001A
:10569000000000000000000000000000000000000A
:1056A00000000000000000000000000000000000FA
:1056B0000000071E000000000000000000000000C5
:1056C00000000000000000000000000000000000DA
:1056D00000000000000000000000000000000000CA
:1056E00000000000000000000000000000000000BA
:1056F00000000000000000000000000000000000AA
:105700000000000000000000000000000000000099
:105710000000000000000000000000000000000089
:105720000000000000000000000000000000000079
:105730000000000000000000000000000000000069
:105740000000000000000000000000000000000059
:105750000000000000000000000000000000000049
:105760000000000000000000000000000000000039
:105770000000000000000000000000000000000029
:105780000000000000000000000000000000000019
:105790000000000000000000000000000000000009
:1057A00000000000000000000000000000000000F9
:1057B00000000000000000000000000000000000E9
:1057C00000000000000000000000000000000000D9
:1057D00000000000000000000000000000000000C9
:1057E00000000000000000000000000000000000B9
:1057F0000000000000000040000000000000000069
:105800000000000000000000000000000000000098
:105810000000000000000000000000000000000088
:105820000000000000000000000000000000000078
:105830000000000000000000000000000000000068
:10584000000000000000070600000000000000004B
:105850000000000000000000000000000000000048
:105860000000000000000000000000000000000038
:105870000000000000000000000000000000000028
:105880000000000000000000000000000000000018
:105890000000000000000000000000000000000008
:1058A00000000000000000000000000000000000F8
:1058B00000000000000000000000000000000000E8
:1058C00000000000000000000000000000000000D8
:1058D00000000000000000000000000000000000C8
:1058E00000000000000000000000000000000000B8
:1058F00000000000000000000000000000000000A8
:105900000000000000000000000000000000000097
:105910000000000000000000000000000000000087
:105920000000000000000000000000000000000077
:105930000000000000000000000000000000000067
:105940000000000000000000000000000000000057
:105950000000000000000000000000000000000047
:105960000000000000000000000000000000000037
:105970000000000000000000000000000000000027
:105980000000000000000000000000000000000017
:105990000000000000000000000000000000000007
:1059A00000000000000000000000000000000000F7
:1059B00000000000000000000000000000000000E7
:1059C00000000000000000000000000000000000D7
:1059D00000000000000000000000000000000000C7
:1059E00000000000000000000000000000000000B7
:1059F00000000000000000000000000000000000A7
:105A00000000000000000000000000000000000096
:105A10000000000000000000000000000000000086
:105A20000000000000000000000000000000000076
:105A30000000000000000000000000000000000066
:105A40000000000000000000000000000000000056
:105A50000000000000000000000000000000000046
:105A60000000000000000000000000000000000036
:105A70000000000000000000000000000000000026
:105A80000000000000000000000000000000000016
:105A90000000000000000000000000000000000006
:105AA0000000000030008001000000012000000024
:105AB0003000200100400B03200000003000419422
:105AC00000000000000000000000000000000000D6
:105AD00000000000000000000000000000000000C6
:105AE00000000000000000000000000000000000B6
:105AF00000000000000000000000000000000000A6
:105B00000000000200000000000000000000000093
:105B10000000000000000000000000020000000083
:105B20000000000000000000000000000000000075
:105B30000000000000000000000000000000000065
:105B40000000000000000000000000000000000055
:105B50000000000000000000000000000000000045
:105B60000000000000000000000000000000000035
:105B70000000000000000000000000000000000025
:105B80000000000000000000000008C50000000048
:105B90000000000000000000000000000000000005
:105BA00000000000000000000000000000000000F5
:105BB00000000000000000000000000000000000E5
:105BC00000000000000000200000000000000000B5
:105BD00000000000000000000000000000000000C5
:105BE00000000000000000000000000000000000B5
:105BF00000000000000000000000000000000000A5
:105C00000000000000000000000000000000000094
:105C10000000000000000000000000000000000084
:105C20000000000000000000000000000000000074
:105C30000000000000000000000000000000000064
:105C40000000000000000000000000000000000054
:105C50000000000000000000000000000000000044
:105C60000000000000000000000000000000000034
:105C70000000000000000000000000000000000024
:105C80000000000000000000000000000000000014
:105C90000000000000000000000000000000000004
:105CA00000000000000000000000000000000000F4
:105CB00000000000000000000000000000000000E4
:105CC00000000000000000000000000000000000D4
:105CD00000000000000000000000000000000000C4
:105CE00000000000000000000000000000000000B4
:105CF00000000000000000000000000000000000A4
:105D00000000000000000000000000000000000093
:105D100000000000000000000000000000001CA9BE
:105D20000000000000000000000000000000000073
:105D30000000000000000000000000000000000063
:105D40000000000000000000000000000000000053
:105D50000000000000000000000000000000000043
:105D60000000000000000000000000000000000033
:105D70000000000000000000000000000000020021
:105D80000000000000000000000000000000000013
:105D90000000000000000000000000000000000003
:105DA00000000000000000000000000000000000F3
:105DB00000000000000000000000000000000000E3
:105DC00000000000000000000000000000000000D3
:105DD00000000000000000000000000000000000C3
:105DE00000000000000000000000000000000000B3
:105DF00000000000000000000000000000000000A3
:105E00000000000000000000000000000000000092
:105E10000000000000000000000000000000000082
:105E20000000000000000000000000010000000071
:105E30000000000000000000000000000000000062
:105E40000000000100000000000000000000000051
:105E50000000000000000000000000000000000042
:105E60000000000000000000000000000000000032
:105E70000000000000000000000000000000000022
:105E80000000000000000000000000000000000012
:105E90000000000000000000000000000000000002
:105EA00000000000000000000000000000000000F2
:105EB0000000146C00000000000000000000000062
:105EC00000000000000000000000000000000000D2
:105ED00000000000000000000000000000000000C2
:105EE00000000000000000000000000000000010A2
:105EF00000000000000000000000000000000000A2
:105F00000000000000000000000000000000000091
:105F10000000010000000000000000000000000080
:105F20000000000000000000000000000000000071
:105F30000000000000000000000000000000000061
:105F40000000000000000000000000000000000051
:105F50000000000000000000000000000000000041
:105F60000000000000000000000000000000000031
:105F70000000000000000000000000000000000021
:105F80000000000000000000000000000000000011
:105F90000000000000000000000000000000000001
:105FA00000000000000000000000000000000000F1
:105FB00000000000000000000000000000000000E1
:105FC00000000000000000000000000000000000D1
:105FD00000000000000000000000000000000000C1
:105FE00000000000000000000000000000000000B1
:105FF00000000000000000000000000000000000A1
:106000000000000000000000000000000000000090
:106010000000000000000000000000000000000080
:106020000000000000000000000000000000000070
:106030000000000000000000000000000000000060
:106040000000000000000000000000000000000050
:106050000000000000000000000000000000000040
:106060000000000000000000000000000000000030
:106070000000000000000000000000000000000020
:106080000000000000000000000000000000000010
:106090000000000000000000000000000000000000
:1060A00000000000000000000000000000000000F0
:1060B00000000000000000000000000000000000E0
:1060C00000000000000000000000000000000000D0
:1060D00000000000000000000000000000000000C0
:1060E00000000000000000000000000000000000B0
:1060F00000000000000000000000000000000000A0
:10610000000000000000000000000000000000008F
:10611000300080010000000120000000300020015C
:1061200000400B8320000000300040CA0000000047
:10613000000000000000000000000000000000005F
:10614000000000000000000000000000000000004F
:10615000000000000000000000000000000000003F
:10616000000000000000000000000000000000002F
:10617000000000000000000000000000000000021D
:10618000000000000000000200000000000000000D
:1061900000000000000000000000000000000000FF
:1061A00000000000000000000000000000000002ED
:1061B00000000000000000000000000000000000DF
:1061C00000000000000000000000000000000000CF
:1061D00000000000000000020000000000000000BD
:1061E00000000000000000000000000000000000AF
:1061F0000000000000000631000000000000000068
:10620000000200000000000000000000000000008C
:10621000000000000000000000000000000000007E
:10622000000000000000000000000000000000006E
:10623000000000000000000000000000000000005E
:10624000000000000000000000000000000000004E
:10625000000000000000000000000000000000003E
:10626000000000000000000000000000000000002E
:10627000000000000000000000000000000000001E
:10628000000000000000000000000000000000000E
:1062900000000000000000000000000000000000FE
:1062A00000000000000000000000000000000000EE
:1062B00000000000000000000000000000000000DE
:1062C00000000000000000000000000000000000CE
:1062D00000000000000000000000000000000000BE
:1062E00000000000000000000000000000000000AE
:1062F000000000000000000000000000000000009E
:10630000000000000000000000000000000000008D
:10631000000000000000000000000000000000007D
:10632000000000000000000000000000000000006D
:10633000000000000000000000000000000000005D
:10634000000000000000000000000000000000004D
:10635000000000000000000000000000000000003D
:10636000000000000000000000000000000000002D
:10637000000000000000000000000000000000001D
:10638000000000000000000000000000000000000D
:1063900000000000000000000000000000000000FD
:1063A00000000000000000000000000000000000ED
:1063B00000000000000000000000000000000000DD
:1063C00000000000000000000000000000000000CD
:1063D00000000000000000000000000000000000BD
:1063E00000000000000000000000000000000000AD
:1063F000000000000000000000000000000000009D
:10640000000000000000000000000000000000008C
:10641000000000000000000000000000000000007C
:10642000000000000000000000000000000000006C
:10643000000000000000000000000000000000005C
:10644000000000000000000000000000000000004C
:10645000000000003000800100000001200000006A
:106460003000200100400B85200000003000406516
:10647000000000000000000000000000000000001C
:10648000000000000000000000000000000000000C
:1064900000000000000000000000000000000000FC
:1064A00000000000000000000000000000000000EC
:1064B00000000000000000000000000000000000DC
:1064C00000000001000000000000000100000000CA
:1064D00000000000000000000000000000000000BC
:1064E00000000000000000000000000000000000AC
:1064F000000000010000000000000000000000009B
:10650000000000000000000000000000000000008B
:10651000000000000000000000000001000000007A
:10652000000000000000000000000000000000006B
:106530000000000000000000000016300000000015
:10654000000000000001000000000000000000004A
:10655000000000000000000000000000000000003B
:10656000000000000000000000000000000000002B
:10657000000000000000000000000000000000001B
:10658000000000000000000000000000000000000B
:1065900000000000000000000000000000000000FB
:1065A00000000000000000000000000000000000EB
:1065B00000000000000000000000000000000000DB
:1065C00000000000000000000000000000000000CB
:1065D00000000000000000000000000000000000BB
:1065E00000000000000000000000000000000000AB
:1065F000000000000000000000000000000000009B
:1066000000000000300080010000000220000000B7
:1066100020000000200000002000000020000000FA
:1066200020000000200000002000000020000000EA
:106630002000000020000000200000003001400881
:10664000000000000000000000000000000000004A
:10665000000000000000000000000000000000003A
:106660003000200100400D85300140040000000092
:106670000000000000000000000000003000800169
:1066800000000001200000003000200100400C0349
:1066900020000000300041940000000000000000D5
:1066A00000000000000000000000000000000000EA
:1066B00000000000000000000000000000000000DA
:1066C00000000000000000000000000000000000CA
:1066D00000000000000000000000000000000000BA
:1066E00000000000000000000000000200000000A8
:1066F000000000000000000000000000000000009A
:106700000000000000000000000000000000000089
:106710000000000000000000000000000000000079
:106720000000000000000000000000000000000069
:106730000000000000000000000000000000000059
:106740000000000000000000000000020000000047
:106750000000000000000000000000000000000039
:1067600000000D20000000000000000000000000FC
:106770000000000000000000000000000000000019
:106780000000000000000000000000000000000009
:1067900000000000000000000000000000000000F9
:1067A00000000000000000000000000000000000E9
:1067B00000000000000000000000000000000000D9
:1067C00000000000000000000000000000000000C9
:1067D00000000000000000000000000000000000B9
:1067E00000000000000000000000000000000000A9
:1067F0000000000000000000000000000000000099
:106800000000000000000000000000000000000088
:106810000000000000000000000000000000000078
:106820000000000000000000000000000000000068
:106830000000000000000000000000000000000058
:106840000000000000000000000000000000000048
:106850000000000000000000000000000000000038
:106860000000000000000000000000000000000028
:106870000000000000000000000000000000000018
:106880000000000000000000000000000000000008
:1068900000000000000000000000000000000000F8
:1068A00000000000000000000000000000000000E8
:1068B00000000000000000000000000000000000D8
:1068C00000000000000000000000000000000000C8
:1068D00000000000000000000000000000000000B8
:1068E00000000000000000000000000000000000A8
:1068F0000000000000000C89000000000000000003
:106900000000000000000000000000000000000087
:106910000000000000000000000000000000000077
:106920000000000000000000000000000000000067
:106930000000000000000000000000000000000057
:106940000000000000000000000000000000000047
:106950000000020000000000000000000000000035
:106960000000000000000000000000000000000027
:106970000000000000000000000000000000000017
:106980000000000000000000000000000000000007
:1069900000000000000000000000000000000000F7
:1069A00000000000000000000000000000000000E7
:1069B00000000000000000000000000000000000D7
:1069C00000000000000000000000000000000000C7
:1069D00000000000000000000000000000000000B7
:1069E00000000000000000000000000000000000A7
:1069F0000000000000000000000000000000000097
:106A00000000000000000000000000000000000086
:106A10000000000100000000000000000000000075
:106A20000000000000000000000000000000000066
:106A30000000000000000000000000000000000056
:106A40000000000000000000000000000000000046
:106A50000000000000000000000000000000000036
:106A60000000000000000000000000000000000026
:106A700000000001000000000000009000000090F5
:106A80000000000000000000000011A8000000004D
:106A900000000000000000000000000000000000F6
:106AA00000000000000000000000000000000000E6
:106AB00000000000000000000000000000000000D6
:106AC00000000000000000000000000000000000C6
:106AD00000000000000000000000000000000000B6
:106AE00000000000000001000000000000000000A5
:106AF0000000000000000000000000000000000096
:106B00000000000000000000000000000000000085
:106B10000000000000000000000000000000000075
:106B20000000000000000000000000000000000065
:106B30000000000000000000000000000000000055
:106B40000000000000000000000000000000000045
:106B50000000000000000000000000000000000035
:106B60000000000000000000000000000000000025
:106B70000000000000000000000000000000000015
:106B80000000000000000000000000000000000005
:106B900000000000000000000000000000000000F5
:106BA00000000000000000000000000000000000E5
:106BB00000000000000000000000000000000000D5
:106BC00000000000000000000000000000000000C5
:106BD00000000000000000000000000000000000B5
:106BE00000000000000000000000000000000000A5
:106BF0000000000000000000000000000000000095
:106C00000000000000000000000000000000000084
:106C10000000000000000000000000000000000074
:106C20000000000000000000000000000000000064
:106C30000000000000000000000000000000000054
:106C40000000000000000000000000000000000044
:106C50000000000000000000000000000000000034
:106C60000000000000000000000000000000000024
:106C70000000000000000000000000000000000014
:106C80000000000000000000000000000000000004
:106C900000000000000000000000000000000000F4
:106CA00000000000000000000000000000000000E4
:106CB00000000000000000000000000000000000D4
:106CC00000000000000000000000000000000000C4
:106CD00000000000000000000000000000000000B4
:106CE00000000000000000003000800100000001F2
:106CF000200000003000200100400C0B20000000AC
:106D000030004065000000000000000000000000AE
:106D10000000000000000000000000000000000073
:106D20000000000000000000000000000000000063
:106D30000000000000000000000000000000000053
:106D40000000000000000000000000000000000043
:106D50000000000000000000000000000000000033
:106D60000000000000000000000000000000000023
:106D70000000000000000000000000000000000013
:106D80000000000000000000000000000000000003
:106D900000000000000000000000000000000000F3
:106DA00000000000000000000000000000000000E3
:106DB0000000000000000000000000000040000093
:106DC0000000000000000000000000000000193674
:106DD00000000000000000000000000000000000B3
:106DE00000000000000000000000000000000000A3
:106DF0000000000000000000000000000000000093
:106E00000000000000000000000000000000000082
:106E10000000000000000000000000000000000072
:106E20000000000000000000000000000000000062
:106E30000000000000000000000000000000000052
:106E40000000000000000000000000000000000042
:106E50000000000000000000000000000000000032
:106E60000000000000000000000000000000000022
:106E70000000000000000000000000000000000012
:106E80000000000000000000000000000000000002
:106E9000000000000000000030008001000000023F
:106EA0002000000020000000200000002000000062
:106EB0002000000020000000200000002000000052
:106EC0002000000020000000200000002000000042
:106ED0003001400800000000000000000000000039
:106EE00000000000000000000000000000000000A2
:106EF000000000003000200100400C0D3001400473
:106F00000000000000000000000000000000000081
:106F1000300080010000000120000000300020014E
:106F200000400C8320000000300040CA0000000038
:106F30000000000000000000000000000000000051
:106F40000000000000000000000000000000000041
:106F50000000000000000000000000000000000031
:106F60000000000000000000000000000000000021
:106F70000000000000000000000000000000000011
:106F80000000000000000000000000000000000001
:106F900000000000000000000000000000020000EF
:106FA00000000000000000000000000000000000E1
:106FB00000000000000000020000000000000000CF
:106FC00000000000000000000000000000000000C1
:106FD00000000000000000000000000000000000B1
:106FE00000000000000000000000000000000000A1
:106FF0000000000000001150000000000000000030
:107000000000000000000000000000000000000080
:107010000000000000000000000000000000000070
:107020000000000000000000000000000000000060
:107030000000000000000000000000000000000050
:107040000000000000000000000000000000000040
:107050000000000000000000000000000000000030
:107060000000000000000000000000000000000020
:107070000000000000000000000000000000000010
:107080000000000000000000000000000000000000
:1070900000000000000000000000000000000000F0
:1070A00000000000000000000000000000000000E0
:1070B00000000000000000000000000000000000D0
:1070C00000000000000000000000000000000000C0
:1070D00000000000000000000000000000000000B0
:1070E00000000000000000000000000000000000A0
:1070F0000000000000000000000000000000000090
:10710000000000000000000000000000000000007F
:10711000000000000000000000000000000000006F
:10712000000000000000000000000000000000005F
:10713000000000000000000000000000000000004F
:10714000000000000000000000000000000000003F
:10715000000000000000000000000000000000002F
:10716000000000000000000000000000000000001F
:10717000000000000000000000000000000000000F
:1071800000000000000000000000000000000000FF
:1071900000000000000000000000000000000000EF
:1071A00000000000000000000000000000000000DF
:1071B00000000000000000000000000000000000CF
:1071C00000000000000000000000000000000000BF
:1071D00000000000000000000000000000000000AF
:1071E000000000000000000000000000000000009F
:1071F000000000000000000000000000000000008F
:10720000000000000000000000000000000000007E
:10721000000000000000000000000000000000006E
:10722000000000000000000000000000000000005E
:10723000000000000000000000000000000000004E
:10724000000000000000000000000000000000003E
:10725000000000003000800100000001200000005C
:107260003000200100400C8520000000300040CAA2
:10727000000000000000000000000000000000000E
:1072800000000000000000000000000000000000FE
:1072900000000000000000000000000000000000EE
:1072A00000000000000000000000000000000000DE
:1072B00000000000000000000000000000000000CE
:1072C00000000000000000000000000000000000BE
:1072D00000000000000000000000000000000000AE
:1072E000000100000000000000000000000000009D
:1072F000000000000000000000000001000000008D
:10730000000000000000000000000000000000007D
:10731000000000000000000000000000000000006D
:10732000000000000000000000000000000000005D
:1073300000000000000000000000115000000000EC
:10734000000000000000000000000000000000003D
:10735000000000000000000000000000000000002D
:10736000000000000000000000000000000000001D
:10737000000000000000000000000000000000000D
:1073800000000000000000000000000000000000FD
:1073900000000000000000000000000000000000ED
:1073A00000000000000000000000000000000000DD
:1073B00000000000000000000000000000000000CD
:1073C00000000000000000000000000000000000BD
:1073D00000000000000000000000000000000000AD
:1073E000000000000000000000000000000000009D
:1073F000000000000000000000000000000000008D
:10740000000000000000000000000000000000007C
:10741000000000000000000000000000000000006C
:10742000000000000000000000000000000000005C
:10743000000000000000000000000000000000004C
:10744000000000000000000000000000000000003C
:10745000000000000000000000000000000000002C
:10746000000000000000000000000000000000001C
:10747000000000000000000000000000000000000C
:1074800000000000000000000000000000000000FC
:1074900000000000000000000000000000000000EC
:1074A00000000000000000000000000000000000DC
:1074B00000000000000000000000000000000000CC
:1074C00000000000000000000000000000000000BC
:1074D00000000000000000000000000000000000AC
:1074E000000000000000000000000000000000009C
:1074F000000000000000000000000000000000008C
:10750000000000000000000000000000000000007B
:10751000000000000000000000000000000000006B
:10752000000000000000000000000000000000005B
:10753000000000000000000000000000000000004B
:10754000000000000000000000000000000000003B
:10755000000000000000000000000000000000002B
:10756000000000000000000000000000000000001B
:10757000000000000000000000000000000000000B
:1075800000000000000000000000000000000000FB
:107590000000000000000000300080010000000139
:1075A000200000003000200100400D0320000000FA
:1075B000300040CA00000000000000000000000091
:1075C00000000000000000000000000000000000BB
:1075D00000000000000000000000000000000000AB
:1075E000000000000000000000000000000000009B
:1075F0000000000000000002000000000000000089
:107600000000000000000000000000000000000278
:10761000000000000000000000000000000000006A
:10762000000000000000000000000000000000005A
:10763000000000000000000000000000000000004A
:10764000000000000000000000000000000000003A
:10765000000000000000000000000000000000002A
:10766000000000000000000000000000001000000A
:10767000000000000000000000000000000016FDF7
:1076800000000000000000000000000000000000FA
:1076900000000020000000200000000000000000AA
:1076A00000000000000000000000000000000000DA
:1076B00000000000000000000000000000000000CA
:1076C00000000000000000000000000000000000BA
:1076D00000000000000000000000000000000200A8
:1076E000000000000000000000000000000000009A
:1076F000000000000000000000000000000000008A
:107700000000000000000000000000000000000079
:107710000000000000000000000000000000000069
:107720000000000000000000000000000000000059
:107730000000000000000000000000000000000049
:107740000000000000000000000000000000000039
:107750000000000000000000000000000000000029
:107760000000000000000000000000000000000019
:107770000000000000000000000000000000000009
:1077800000000000000000000000000000000000F9
:1077900000000000000000000000000000000000E9
:1077A00000000000000000000000000000000000D9
:1077B00000000000000000000000000000000000C9
:1077C00000000000000000000000000000000000B9
:1077D00000000000000000000000000000000000A9
:1077E0000000000000000000000000000000000099
:1077F0000000000000000000000000000000000089
:107800000000000000000000000000000000000078
:107810000000000000000000000000000000000068
:107820000000000000000000000000000000000058
:107830000000000000000000000000000000000048
:107840000000000000000000000000000000000038
:107850000000000000000000000000000000000028
:107860000000000000000000000000000000000018
:107870000000000000000000000000000000000008
:1078800000000000000000000000000000000000F8
:1078900000000000000000000000000000000000E8
:1078A00000000000000000000000000000000000D8
:1078B00000000000000000000000000000000000C8
:1078C00000000000000000000000000000000000B8
:1078D00000000000000000000000000030008001F7
:1078E00000000001200000003000200100400D05D4
:1078F00020000000300040CA00000000000000002E
:107900000000000000000000000000000000000077
:107910000000000000000000000000000000000067
:107920000000000000000000000000000000000057
:107930000000000000000000000000010000000046
:107940000000000000000000000000000000000037
:107950000000000100000000000000000000000026
:107960000000000000000000000000000000000017
:107970000000000000000000000000000000000007
:1079800000000000000000000000000000000000F7
:1079900000000000000000000000000000000000E7
:1079A00000000000000000000000000000000000D7
:1079B0000080000000000000000000000000000047
:1079C000000006FF000000000000000000000000B2
:1079D0000000000000000010000000100000000087
:1079E0000000000000000000000000000000000097
:1079F0000000000000000000000000000000000087
:107A00000000000000000000000000000000000076
:107A10000000000000000000000000000000000066
:107A20000000010000000000000000000000000055
:107A30000000000000000000000000000000000046
:107A40000000000000000000000000000000000036
:107A50000000000000000000000000000000000026
:107A60000000000000000000000000000000000016
:107A70000000000000000000000000000000000006
:107A800000000000000000000000000000000000F6
:107A900000000000000000000000000000000000E6
:107AA00000000000000000000000000000000000D6
:107AB00000000000000000000000000000000000C6
:107AC00000000000000000000000000000000000B6
:107AD00000000000000000000000000000000000A6
:107AE0000000000000000000000000000000000096
:107AF0000000000000000000000000000000000086
:107B00000000000000000000000000000000000075
:107B10000000000000000000000000000000000065
:107B20000000000000000000000000000000000055
:107B30000000000000000000000000000000000045
:107B40000000000000000000000000000000000035
:107B50000000000000000000000000000000000025
:107B60000000000000000000000000000000000015
:107B70000000000000000000000000000000000005
:107B800000000000000000000000000000000000F5
:107B900000000000000000000000000000000000E5
:107BA00000000000000000000000000000000000D5
:107BB00000000000000000000000000000000000C5
:107BC00000000000000000000000000000000000B5
:107BD00000000000000000000000000000000000A5
:107BE0000000000000000000000000000000000095
:107BF0000000000000000000000000000000000085
:107C00000000000000000000000000000000000074
:107C10000000000000000000000000000000000064
:107C20003000800100000001200000003000200131
:107C300000400D83200000003000412F00000000B4
:107C40000000000000000000000000000000000034
:107C50000000000000000000000000000000000024
:107C60000000000000000000000000000000000014
:107C70000000000000000000000000000000000004
:107C800000000000000000000000000000000002F2
:107C900000000000000000020000000000000000E2
:107CA00000000000000000000000000000000000D4
:107CB00000000000000000000000000000000002C2
:107CC00000000000000000000000000000000000B4
:107CD00000000000000000000000000000000000A4
:107CE0000000000000000002000000000000000092
:107CF0000000000000000000000000000000000084
:107D00000000000000001C20000000000000000037
:107D10000000000000000000000000000000000063
:107D20000000000000000000000000000000000053
:107D30000000000000000000000000000000000043
:107D40000000000000000000000000000000000033
:107D50000000000000000000000000000000000023
:107D60000000000000000000000000000000000013
:107D70000000000000000000000000000000000003
:107D800000000000000000000000000000000000F3
:107D900000000000000000000000000000000000E3
:107DA00000000000000000000000000000000000D3
:107DB00000000000000000000000000000000000C3
:107DC00000000000000000000000000000000000B3
:107DD00000000000000000000000000000000000A3
:107DE0000000000000000000000000000000000093
:107DF0000000000000000000000000000000000083
:107E00000000000000000000000000000000000072
:107E10000000000000000000000000000000000062
:107E20000000000000000000000000000000000052
:107E30000000000000000000000000000000000042
:107E40000000000000000000000000000000000032
:107E50000000000000000000000000000000000022
:107E60000000000000000000000000000000000012
:107E70000000000000000000000000000000000002
:107E800000000000000000000000000000000000F2
:107E9000000000000000000000001A1100000000B7
:107EA00000000000000200000000000000000000D0
:107EB00000000000000000000000000000000000C2
:107EC00000000000000000000000000000000000B2
:107ED00000000000000000000000000000000000A2
:107EE0000000000000000000000000000000000092
:107EF0000000000000000000000000000000000082
:107F00000000000000000000000000000000000071
:107F10000000000000000000000000000000000061
:107F20000000000000000000000000000000000051
:107F30000000000000000000000000000000000041
:107F40000000000000000000000000000000000031
:107F50000000000000000000000000000000000021
:107F60000000000000000000000000000000000011
:107F70000000000000000000000000000000000001
:107F800000000000000000000000000000000000F1
:107F900000000000000000000000000000000000E1
:107FA00000000000000000000000000000000000D1
:107FB00000000000000000000000000000000000C1
:107FC00000000000000000000000000000000000B1
:107FD00000000000000000000000000000000000A1
:107FE0000000000000000000000000000000000091
:107FF0000000000000000000000000000000000081
:108000000000000000000000000000000000000070
:108010000000000000000000000000000000000060
:108020000000000000000000000000000000000050
:108030000000000000000000000000000000000040
:108040000000000000000000000000000000000030
:108050000000000000000000000000000000000020
:108060000000000000000000000000000000000010
:108070000000000000000000000000000000000000
:1080800000000000000000000000000000000000F0
:1080900000000000000000000000000000000000E0
:1080A00000000000000000000000000000000000D0
:1080B00000000000000000000000000000000000C0
:1080C00000000000000000000000000000000000B0
:1080D00000000000000000000000000000000000A0
:1080E0000000000000000000000000000000000090
:1080F00000000000000000003000800100000001CE
:10810000200000003000200100400E03200000008D
:10811000300040CA00000000000000000000000025
:10812000000000000000000000000000000000004F
:10813000000000000000000000000000000000003F
:10814000000000000000000000000000000000002F
:10815000000000000000000000000000000000001F
:10816000000000000000000200000000000000000D
:1081700000000000000000000000000000000000FF
:1081800000000000000000000000000000000000EF
:1081900000000000000000000000000000000000DF
:1081A00000000000000000000000000000000000CF
:1081B00000000000000000000000000000000000BF
:1081C00000000000000000020000000000000000AD
:1081D00000000000000000000000000000000BDCB8
:1081E000000000000000000000000000000000008F
:1081F000002000000000000000000000000000005F
:10820000000000000000000000000000000000006E
:10821000000000200000002000000000000000001E
:10822000000000000000000000000000000000004E
:10823000000000000000000000000200000000003C
:10824000000000000000000000000000000000002E
:10825000000000000000000000000000000000001E
:10826000000000000000000000000000000000000E
:1082700000000000000000000000000000000000FE
:1082800000000000000000000000000000000000EE
:1082900000000000000000000000000000000000DE
:1082A00000000000000000000000000000000000CE
:1082B00000000000000000000000000000000000BE
:1082C00000000000000000000000000000000000AE
:1082D000000000000000000000000000000000009E
:1082E000000000000000000000000000000000008E
:1082F000000000000000000000000000000000007E
:10830000000000000000000000000000000000006D
:10831000000000000000000000000000000000005D
:10832000000000000000000000000000000000004D
:10833000000000000000000000000000000000003D
:10834000000000000000000000000000000000002D
:10835000000000000000000000000000000000001D
:10836000000000000000000000000000000000000D
:1083700000000000000000000000000000000000FD
:1083800000000000000000000000000000000000ED
:1083900000000000000000000000000000000000DD
:1083A00000000000000000000000000000000000CD
:1083B00000000000000000000000000000000000BD
:1083C00000000000000000000000000000000000AD
:1083D000000000000000000000000000000000009D
:1083E000000000000000000000000000000000008D
:1083F000000000000000000000000000000000007D
:10840000000000000000000000000000000000006C
:10841000000000000000000000000000000000005C
:10842000000000000000000000000000000000004C
:10843000000000000000000000000000300080018B
:1084400000000001200000003000200100400E0567
:10845000200000003000412F00000000000000005C
:10846000000000000000000000000000000000000C
:1084700000000000000000000000000000000000FC
:1084800000000000000000000000000000000000EC
:1084900000000000000000000000000000000000DC
:1084A00000000000000000000000000100000000CB
:1084B00000000000000000000000000000000000BC
:1084C00000000000000000000000000000000000AC
:1084D000000000000000000000000000000000009C
:1084E000000000000000000000000000000000008C
:1084F000000000000000000000000000000000007C
:10850000000000000000000000000000000000006B
:10851000000000000000000000000000000000005B
:108520000000133C000000000000000000000000FC
:10853000000000000010000000000000000000002B
:10854000000000000000000000000000000000002B
:1085500000000000000000100000001000000000FB
:10856000000000000000000000000000000000000B
:1085700000000000000000000000000000000100FA
:1085800000000000000000000000000000000000EB
:1085900000000000000000000000000000000000DB
:1085A00000000000000000000000000000000000CB
:1085B00000000000000000000000000000000000BB
:1085C00000000000000000000000000000000000AB
:1085D000000000000000000000000000000000009B
:1085E000000000000000000000000000000000008B
:1085F000000000000000000000000000000000007B
:10860000000000000000000000000000000000006A
:10861000000000000000000000000000000000005A
:10862000000000000000000000000000000000004A
:10863000000000000000000000000000000000003A
:10864000000000000000000000000000000000002A
:10865000000000000000000000000000000000001A
:10866000000000000000000000000000000000000A
:1086700000000000000000000000000000000000FA
:1086800000000000000000000000000000000000EA
:1086900000000000000000000000000000000001D9
:1086A00000000000000000000000000000000000CA
:1086B00000000000000018E00000000000000000C2
:1086C00000000000000000000000000000000000AA
:1086D000000000000000000000000000000000009A
:1086E000000000000000000000000000000000008A
:1086F000000000000000000000000000000000007A
:108700000000000000000000000000000000000069
:108710000000000000000000000000000000000059
:108720000000000000000000000000000000000049
:108730000000000000000000000000000000000039
:108740000000000000000000000000000000000029
:108750000000000000000000000000000000000019
:108760000000000000000000000000000000000009
:1087700000000000000000000000000000000000F9
:1087800000000000000000000000000000000000E9
:1087900000000000000000000000000000000000D9
:1087A00000000000000000000000000000000000C9
:1087B00000000000000000000000000000000000B9
:1087C00000000000000000000000000000000000A9
:1087D0000000000000000000000000000000000099
:1087E0000000000000000000000000000000000089
:1087F0000000000000000000000000000000000079
:108800000000000000000000000000000000000068
:108810000000000000000000000000000000000058
:108820000000000000000000000000000000000048
:108830000000000000000000000000000000000038
:108840000000000000000000000000000000000028
:108850000000000000000000000000000000000018
:108860000000000000000000000000000000000008
:1088700000000000000000000000000000000000F8
:1088800000000000000000000000000000000000E8
:1088900000000000000000000000000000000000D8
:1088A00000000000000000000000000000000000C8
:1088B00000000000000000000000000000000000B8
:1088C00000000000000000000000000000000000A8
:1088D0000000000000000000000000000000000098
:1088E0000000000000000000000000000000000088
:1088F0000000000000000000000000000000000078
:108900000000000000000000000000000000000067
:108910000000000030008001000000012000000085
:108920003000200100400E8320000000300040CACB
:108930000000000000000000000000000000000037
:108940000000000000000000000000000000000027
:108950000000000000000000000000000000000017
:108960000000000000000000000000000000000007
:1089700000000000000000000000000000000000F7
:1089800000000000000000000000000000000000E7
:1089900000000000000000000000000000000000D7
:1089A00000020000000000000000000000000000C5
:1089B00000000000000000000000000200000000B5
:1089C00000000000000000000000000000000000A7
:1089D0000000000000000000000000000000000097
:1089E0000000000000000000000000000000000087
:1089F000000000000000000000000A5D0000000010
:108A00000000000000000000000000000000000066
:108A10000000000000000000000000000000000056
:108A20000000000000002000000000000000000026
:108A30000000000000000000000000000000000036
:108A40000000000000000000000000000000000026
:108A50000000000000000000000000000000000016
:108A60000000000000000000000000000000000006
:108A700000000000000000000000000000000000F6
:108A800000000000000000000000000000000000E6
:108A900000000000000000000000000000000000D6
:108AA00000000000000000000000000000000000C6
:108AB00000000000000000000000000000000000B6
:108AC00000000000000000000000000000000000A6
:108AD0000000000000000000000000000000000096
:108AE0000000000000000000000000000000000086
:108AF0000000000000000000000000000000000076
:108B00000000000000000000000000000000000065
:108B10000000000000000000000000000000000055
:108B20000000000000000000000000000000000045
:108B30000000000000000000000000000000000035
:108B40000000000000000000000000000000000025
:108B50000000000000000000000000000000000015
:108B60000000000000000000000000000000000005
:108B700000000000000000000000000000000000F5
:108B800000000000000000000000000000000000E5
:108B900000000000000000000000000000000000D5
:108BA00000000000000000000000000000000000C5
:108BB00000000000000000000000000000000000B5
:108BC00000000000000000000000000000000000A5
:108BD0000000000000000000000000000000000095
:108BE0000000000000000000000000000000000085
:108BF0000000000000000000000000000000000075
:108C00000000000000000000000000000000000064
:108C10000000000000000000000000000000000054
:108C20000000000000000000000000000000000044
:108C30000000000000000000000000000000000034
:108C40000000000000000000000000000000000024
:108C50000000000000000000300080010000000162
:108C6000200000003000200100400E8520000000A0
:108C7000300040CA000000000000000000000000BA
:108C800000000000000000000000000000000000E4
:108C900000000000000000000000000000000000D4
:108CA00000000000000000000000000000000000C4
:108CB00000000000000000000000000000000000B4
:108CC00000000000000000000000000000000000A4
:108CD0000000000000000000000000000000000094
:108CE0000000000000010000000000000000000083
:108CF0000000000000000000000000000000000173
:108D00000000000000000000000000000000000063
:108D10000000000000000000000000000000000053
:108D20000000000000000000000000000000000043
:108D300000000000000000000000000000001A5CBD
:108D40000000000000000000000000000000000023
:108D50000000000000000000000000000000000013
:108D600000000000000000000000100000000000F3
:108D700000000000000000000000000000000000F3
:108D800000000000000000000000000000000000E3
:108D900000000000000000000000000000000000D3
:108DA00000000000000000000000000000000000C3
:108DB00000000000000000000000000000000000B3
:108DC00000000000000000000000000000000000A3
:108DD0000000000000000000000000000000000093
:108DE0000000000000000000000000000000000083
:108DF0000000000000000000000000000000000073
:108E00000000000000000000000000000000000062
:108E10000000000000000000000000000000000052
:108E20000000000000000000000000000000000042
:108E30000000000000000000000000000000000032
:108E40000000000000000000000000000000000022
:108E50000000000000000000000000000000000012
:108E60000000000000000000000000000000000002
:108E700000000000000000000000000000000000F2
:108E800000000000000000000000000000000000E2
:108E900000000000000000000000000000000000D2
:108EA00000000000000000000000000000000000C2
:108EB00000000000000000000000000000000000B2
:108EC00000000000000000000000000000000000A2
:108ED0000000000000000000000000000000000092
:108EE0000000000000000000000000000000000082
:108EF0000000000000000000000000000000000072
:108F00000000000000000000000000000000000061
:108F10000000000000000000000000000000000051
:108F20000000000000000000000000000000000041
:108F30000000000000000000000000000000000031
:108F40000000000000000000000000000000000021
:108F50000000000000000000000000000000000011
:108F60000000000000000000000000000000000001
:108F700000000000000000000000000000000000F1
:108F800000000000000000000000000000000000E1
:108F90000000000000000000000000003000800120
:108FA00000000001200000003000200100400F02FE
:108FB00020000000300041F9000000000000000027
:108FC00000000000000000000000000000000000A1
:108FD0000000000000000000000000000000000091
:108FE0000000000000000000000000000000000081
:108FF0000000000000000000000000000000000071
:109000000000000000000000000000000000000060
:109010000000000000000000000000000000000050
:109020000000000000000000000000000000000040
:109030000000000000000000000000000000000030
:10904000000000000000000000000004000000001C
:109050000000000000000000000000000000000010
:109060000000000000000000000000000000000000
:1090700000000000000000000000000000000000F0
:10908000000017C200000000000000000000000007
:1090900000000000000000000000000000000000D0
:1090A00000000000000000000000000000000000C0
:1090B00000000000000000000000000000000000B0
:1090C00000000000000000000000000000000000A0
:1090D0000000000000000000000000000000000090
:1090E0000000000000000000000000000000000080
:1090F0000000000000000000000000000000000070
:10910000000000000000000000000000000000005F
:10911000000000000000000000000000000000004F
:10912000000000000000000000000000000000003F
:10913000000000000000000000000000000000002F
:10914000000000000000000000000000000000001F
:10915000000000000000000000000000000000000F
:1091600000000000000000000000000000000000FF
:1091700000000000000000000000000000000000EF
:1091800000000000000000000000000000000002DD
:1091900000000000000000000000000000000000CF
:1091A00000000000000000020000000000000000BD
:1091B00000000000000000000000000000000000AF
:1091C000000000000000000000000000000000009F
:1091D000000000000000000000000000000000008F
:1091E000000000000000000000000000000000007F
:1091F000000000000000000000000000000000006F
:10920000000000000000000000000000000000005E
:10921000000000000000149C00000000000000009E
:10922000000000000000000000000000000000003E
:10923000000000000000000000000000000000002E
:1092400000000000000000000020000000000000FE
:10925000000000000000000000000000000000000E
:1092600000000000000000000000002000000020BE
:1092700000000000000002000000000000000000EC
:1092800000000000000000000000000000000000DE
:1092900000000000000000000000000000000000CE
:1092A00000000000000000000000000000000000BE
:1092B00000000000000000000000000000000000AE
:1092C000000000000000000000000000000000009E
:1092D000000000000000000000000000000000008E
:1092E000000000000000000000000000000000007E
:1092F000000000000000000000000000000000006E
:10930000000000000000000000000000000000005D
:10931000000000000000000000000000000000004D
:10932000000000000000000000000000000000003D
:10933000000000000000000000000000000000002D
:10934000000000000000000000000000000000001D
:10935000000000000000000000000000000000000D
:1093600000000000000000000000000000000000FD
:1093700000000008000000000000000000000000E5
:1093800000000000000000000000000000000000DD
:1093900000000000000000000000000000000000CD
:1093A0000000000000000000000007C300000000F3
:1093B00000000000000000000000000000000000AD
:1093C000000000000000000000000000000000009D
:1093D000000000000000000000000000000000008D
:1093E000000000000000000000000000000000007D
:1093F000000000000000000000000000000000006D
:10940000000000000000000000000000000000005C
:10941000000000000000000000000000000000004C
:10942000000000000000000000000000000000003C
:10943000000000000000000000000000000000002C
:10944000000000000000000000000000000000001C
:10945000000000000000000000000000000000000C
:1094600000000000000000000000000000000000FC
:1094700000000000000000000000000000000000EC
:1094800000000000000000000000000000000000DC
:1094900000000000000000000000000000000000CC
:1094A00000000000000000000000000000000000BC
:1094B00000000000000000010000000000000000AB
:1094C000000000000000000000000000000000009C
:1094D000000000000000000000000000000000008C
:1094E000000000000000000000000000000000007C
:1094F000000000000000000000000000000000006C
:10950000000000000000000000000000000000005B
:10951000000000000000000000000000000000004B
:10952000000000000000000000000000000000003B
:109530000000000000000000000000000000029C8D
:10954000000000000000000000000000000000001B
:10955000000000000000000000000000000000000B
:1095600000000000000000000000000000000000FB
:1095700000100000000000000000000000000000DB
:1095800000000000000000000000000000000000DB
:1095900000000010000000100000000000000100AA
:1095A00000000000000000000000000000000000BB
:1095B00000000000000000000000000000000000AB
:1095C000000000000000000000000000000000009B
:1095D000000000000000000000000000000000008B
:1095E000000000000000000000000000000000007B
:1095F000000000000000000000000000000000006B
:10960000000000000000000000000000000000005A
:10961000000000000000000000000000000000004A
:10962000000000000000000000000000000000003A
:10963000000000000000000000000000000000002A
:10964000000000000000000000000000000000001A
:10965000000000000000000000000000000000000A
:1096600000000001000000000000000000000000F9
:1096700000000000000000000000000000000000EA
:1096800000000000000000000000000000000000DA
:1096900000000000000000000000000000000000CA
:1096A00000000000000000000000000000000000BA
:1096B00000000000000000000000000000000000AA
:1096C000000000000000000000000000000000009A
:1096D0000000160000000000000000000000000074
:1096E000000000000000000000000000000000007A
:1096F000000000000000000000000000000000006A
:109700000000000000000000000000000000000059
:109710000000000000000000000000000000000049
:109720000000000000000000000000000000000039
:109730000000000000000000000000000000000029
:109740000000000000000000000000000000000019
:109750000000000000000000000000000000000009
:1097600000000000000000000000000000000000F9
:1097700000000000000000000000000000000000E9
:1097800000000000000000000000000000000000D9
:109790000000000000000000000000003000800118
:1097A0000000000220000000200000002000000057
:1097B0002000000020000000200000002000000029
:1097C0002000000020000000200000002000000019
:1097D00020000000300140080000000000000000F0
:1097E0000000000000000000000000000000000079
:1097F0000000000000000000300020010040110DBA
:1098000030014004000000000000000000000000E3
:109810000000000030008001000000012000000076
:109820003000200100400F8320000000300040CABB
:109830000000000000000000000000000000000028
:109840000000000000000000000000000000000018
:109850000000000000000000000000000000000008
:1098600000000000000000000000000000000000F8
:1098700000000000000000000000000000000000E8
:1098800000000002000000000000000200000000D4
:1098900000000000000000000000000000000000C8
:1098A00000000000000000000000000000000000B8
:1098B00000000002000000000000000000000000A6
:1098C0000000000000000000000000000000000098
:1098D0000000000000000000000000020000000086
:1098E0000000000000000000000000000000000078
:1098F00000000000000000000000102D000000002B
:109900000000000000000000000000000000000057
:109910000000000000000000000000000000000047
:109920000000000000000000000000000000000037
:109930000000000000000000000000000000000027
:1099400000000000000020000000000000000000F7
:109950000000000000000000000000000000000007
:1099600000000000000000000000000000000000F7
:1099700000000000000000000000000000000000E7
:1099800000000000000000000000000000000000D7
:1099900000000000000000000000000000000000C7
:1099A00000000000000000000000000000000000B7
:1099B00000000000000000000000000000000000A7
:1099C0000000000000000000000000000000000097
:1099D0000000000000000000000000000000000087
:1099E0000000000000000000000000000000000077
:1099F0000000000000000000000000000000000067
:109A00000000000000000000000000000000000056
:109A10000000000000000000000000000000000046
:109A20000000000000000000000000000000000036
:109A30000000000000000000000000000000000026
:109A40000000000000000000000000000000000016
:109A50000000000000000000000000000000000006
:109A600000000000000000000000000000000000F6
:109A700000000000000000000000000000000000E6
:109A800000000000000000000000000000000000D6
:109A900000000000000000000000000000000000C6
:109AA00000000000000000000000000000000000B6
:109AB00000000000000000000000000000000000A6
:109AC0000000000000000000000000000000000096
:109AD0000000000000000000000000000000000086
:109AE0000000000000000000000000000000000076
:109AF0000000000000000000000000000000000066
:109B00000000000000000000000000000000000055
:109B10000000000000000000000000000000000045
:109B20000000000000000000000000000000000035
:109B30000000000000000000000000000000000025
:109B40000000000000000000000000000000000015
:109B50000000000000000000300080010000000153
:109B6000200000003000200100400F852000000090
:109B7000300040CA000000000000000000000000AB
:109B800000000000000000000000000000000000D5
:109B900000000000000000000000000000000000C5
:109BA00000000000000000000000000000000000B5
:109BB00000000000000000000000000000000000A5
:109BC0000000000000000001000000000000000193
:109BD0000000000000000000000000000000000085
:109BE0000000000000000000000000000000000075
:109BF0000000000000000000000000000000000065
:109C00000000000000000000000000000000000054
:109C10000000000000000000000000000000000143
:109C20000000000000000000000000000000000034
:109C30000000000000000000000000000000176CA1
:109C40000000000000000000000000000000000014
:109C50000000000000000000000000000000000004
:109C600000000000000000000000000000000000F4
:109C700000000000000000000000000000000000E4
:109C800000000000000000000000100000000000C4
:109C900000000000000000000000000000000000C4
:109CA00000000000000000000000000000000000B4
:109CB00000000000000000000000000000000000A4
:109CC0000000000000000000000000000000000094
:109CD0000000000000000000000000000000000084
:109CE0000000000000000000000000000000000074
:109CF0000000000000000000000000000000000064
:109D00000000000000000000000000000000000053
:109D10000000000000000000000000000000000043
:109D20000000000000000000000000000000000033
:109D30000000000000000000000000000000000023
:109D40000000000000000000000000000000000013
:109D50000000000000000000000000000000000003
:109D600000000000000000000000000000000000F3
:109D700000000000000000000000000000000000E3
:109D800000000000000000000000000000000000D3
:109D900000000000000000000000000000000000C3
:109DA00000000000000000000000000000000000B3
:109DB00000000000000000000000000000000000A3
:109DC0000000000000000000000000000000000093
:109DD0000000000000000000000000000000000083
:109DE0000000000000000000000000000000000073
:109DF0000000000000000000000000000000000063
:109E00000000000000000000000000000000000052
:109E10000000000000000000000000000000000042
:109E20000000000000000000000000000000000032
:109E30000000000000000000000000000000000022
:109E40000000000000000000000000000000000012
:109E50000000000000000000000000000000000002
:109E600000000000000000000000000000000000F2
:109E700000000000000000000000000000000000E2
:109E800000000000000000000000000000000000D2
:109E90000000000000000000000000003000800111
:109EA00000000001200000003000200100401002EE
:109EB00020000000300041F9000000000000000018
:109EC0000000000000000000000000000000000092
:109ED0000000000000000000000000000000000082
:109EE0000000000000000000000000000000000072
:109EF000000000040000000000000000000000005E
:109F00000000000000000000000000000000000051
:109F10000000000000000000000000000000000041
:109F20000000000000000000000000000000000031
:109F30000000000000000000000000000000000021
:109F40000000000000000000000000000000000011
:109F50000000000000000000000000000000000001
:109F600000000000000000000000000000000000F1
:109F700000000000000000000000000000000000E1
:109F800000000502000000000000000000000000CA
:109F900000000000000000000000000000000000C1
:109FA00000000000000000000000000000000000B1
:109FB00000000000000000000000000000000000A1
:109FC0000000000000000000000000000000000091
:109FD0000000000000000000000000000000000081
:109FE0000000000000000000000000000000000071
:109FF0000000000000000000000000000000000061
:10A000000000000000000000000000000000000050
:10A010000000000000000000000000000000000040
:10A020000000000000000000000000000000000030
:10A030000000000000000000000000000000000020
:10A040000000000000000000000000000000000010
:10A050000000000000000000000000000000000000
:10A0600000000000000000000000000000000000F0
:10A0700000000000000000000000000000000000E0
:10A0800000000000000000000000000000000000D0
:10A0900000000000000000000000000000000002BE
:10A0A00000000000000000000000000000000000B0
:10A0B00000000000000000000000000000000000A0
:10A0C0000000000000000000000000000000000090
:10A0D0000000000000000000000000000000000080
:10A0E0000000000000000000000000000000000070
:10A0F0000000000000000000000000000000000060
:10A10000000000000000000000000000000000004F
:10A11000000000000000053D0000000000000000FD
:10A12000000000000000000000000000000000002F
:10A13000000000000000000000000000000000001F
:10A14000000000000000000000000000000000000F
:10A1500000000000000000000000000000000000FF
:10A1600000000000000000000020000000000000CF
:10A1700000000200000000000000000000000000DD
:10A18000000000000000000000000020000000208F
:10A1900000000000000000000000000000000000BF
:10A1A00000000000000000000000000000000000AF
:10A1B000000000000000000000000000000000009F
:10A1C000000000000000000000000000000000008F
:10A1D000000000000000000000000000000000007F
:10A1E000000000000000000000000000000000006F
:10A1F000000000000000000000000000000000005F
:10A20000000000000000000000000000000000004E
:10A210000000000000000000000000080000000036
:10A22000000000000000000000000000000000002E
:10A23000000000000000000000000000000000001E
:10A24000000000000000000000000000000000000E
:10A2500000000000000000000000000000000000FE
:10A2600000000000000000000000000000000000EE
:10A2700000000000000000000000000000000000DE
:10A2800000000000000000000000000000000000CE
:10A29000000000000000000000000000004000007E
:10A2A000000000000000000000000C55000000004D
:10A2B000000000000000000000000000000000009E
:10A2C000000000000000000000000000000000008E
:10A2D000000000000000000000000000000000007E
:10A2E000000000000000000000000000000000006E
:10A2F000000000000000000000000000000000005E
:10A30000000000000000000000000000000000004D
:10A31000000000000000000000000000000000003D
:10A32000000000000000000000000000000000002D
:10A33000000000000000000000000000000000001D
:10A34000000000000000000000000000000000000D
:10A3500000000000000000000000000000000000FD
:10A3600000000000000000000000000000000000ED
:10A3700000000000000000000000000000000000DD
:10A3800000000000000000000000000000000000CD
:10A3900000000000000000000000000000000000BD
:10A3A00000000000000000000000000000000000AD
:10A3B000000000000000000000000000000000009D
:10A3C000000000000000000100000000000000008C
:10A3D000000000000000000000000000000000007D
:10A3E000000000000000000000000000000000006D
:10A3F000000000000000000000000000000000005D
:10A40000000000000000000000000000000000004C
:10A41000000000000000000000000000000000003C
:10A42000000000000000000000000000000000002C
:10A4300000100000000000000000000000001C6888
:10A44000000000000000000000000000000000000C
:10A4500000000000000000000000000000000000FC
:10A4600000000000000000000000000000000000EC
:10A4700000000000000000000000000000000000DC
:10A4800000000000000000000000000000000000CC
:10A4900000100000000000000000010000000000AB
:10A4A00000000000000000000000000000000000AC
:10A4B000000000100000001000000000000000007C
:10A4C000000000000000000000000000000000008C
:10A4D000000000000000000000000000000000007C
:10A4E000000000000000000000000000000000006C
:10A4F000000000000000000000000000000000005C
:10A50000000000000000000000000000000000004B
:10A51000000000000000000000000000000000003B
:10A52000000000000000000000000000000000002B
:10A53000000000000000000000000000000000001B
:10A54000000000000000000000000000000000000B
:10A5500000000000000000000000000000000000FB
:10A5600000000000000000000000000000000000EB
:10A5700000000000000000000000000000000000DB
:10A5800000000000000000000000000000000000CB
:10A5900000000000000000000000000000000000BB
:10A5A00000000000000000000000000000000000AB
:10A5B000000000000000000000000000000000009B
:10A5C000000000000000000000000000000000008B
:10A5D000000000000000000000000000000000007B
:10A5E000000000000000000000000000000000006B
:10A5F000000000000000000000000000000000005B
:10A60000000000000000000000000000000000004A
:10A61000000000000000000000000000000000003A
:10A62000000000000000000000000000000000002A
:10A63000000000000000000000000000000000001A
:10A64000000000000000000000000000000000000A
:10A6500000000000000000000000000000000000FA
:10A6600000000000000000000000000000000000EA
:10A6700000000000000000000000000000000000DA
:10A6800000000000000000000000000000000000CA
:10A690000000000000000000000000003000800109
:10A6A0000000000120000000300020010040108266
:10A6B000200000003000412F0000000000000000DA
:10A6C000000000000000000000000000000000008A
:10A6D000000000000000000000000000000000007A
:10A6E000000000000000000000000000000000006A
:10A6F000000000000000000000000000000000005A
:10A700000000000000000000000000000000000049
:10A710000000000000000000000000040000000035
:10A720000000000000000000000000000000000029
:10A730000000000000000000000000000000000019
:10A740000000000000000000000000000000000009
:10A7500000000000000000000000000000000000F9
:10A7600000000000000000000000000000000000E9
:10A7700000000000000000000000000000000000D9
:10A780000000164200000000000000000000000071
:10A7900000000000000000000000000000000000B9
:10A7A00000000000000000000000000000000000A9
:10A7B0000000000000000000000000000000000099
:10A7C0000000000000000000000000000000000089
:10A7D0000000000000000000000000000000000079
:10A7E0000000000000000000000000000000000069
:10A7F0000000000000000000000000000000000059
:10A800000000000000000000000000000000000048
:10A810000000000000000000000000000000000038
:10A820000000000000000000000000000000000028
:10A830000000000000000000000000000000000018
:10A840000000000000000000000000000000000008
:10A8500000000000000000000000000000000000F8
:10A8600000000000000000000000000000000000E8
:10A8700000000000000000000000000000000000D8
:10A8800000000000000000000000000000000000C8
:10A8900000000000000000000000000000000000B8
:10A8A00000000000000000000000000000000004A4
:10A8B0000000000000000000000000000002000096
:10A8C0000000000000000000000000000000000088
:10A8D0000000000000000003000000000000000075
:10A8E0000000000000000000000000000000000068
:10A8F0000000000000000000000000000000000058
:10A900000000000000000000000000000000000047
:10A910000000000000000D9F00000000000000008B
:10A920000000000000000000000000000000000027
:10A930000000000000000000000000000000000017
:10A940000000000000000000000000000000000007
:10A9500000000000000000000000000000000000F7
:10A9600000000000000000000000000000000000E7
:10A9700000000000000000000000000000000000D7
:10A9800000002000000000000000000000000000A7
:10A9900000000000000000000000000000000000B7
:10A9A00000000000000000000000000000000000A7
:10A9B0000000000000000000000000000000000097
:10A9C0000000000000000000000000000000000087
:10A9D0000000000000000000000000000000000077
:10A9E0000000000000000000000000000000000067
:10A9F0000000000000000000000000000000000057
:10AA00000000000000000000000000000000000046
:10AA10000000000000000000000000000000000036
:10AA20000000000000000000000000000000000026
:10AA30000000000000000000000000000000000016
:10AA40000000000000000000000000000000000006
:10AA500000000000000000000000000000000000F6
:10AA600000000000000000000000000000000000E6
:10AA700000000000000000000000000000000000D6
:10AA800000000000000000000000000000000000C6
:10AA900000000000000000000000000000000000B6
:10AAA00000000000000000000000000000000000A6
:10AAB0000000000000000000000000000000000096
:10AAC0000000000000000000000000000000000086
:10AAD0000000000000000000000000000000000076
:10AAE0000000000000000000000000000000000066
:10AAF0000000000000000000000000000000000056
:10AB00000000000000000000000000000000000045
:10AB10000000000000000000000000000000000035
:10AB20000000000000000000000000000000000025
:10AB30000000000000000000000000000000000015
:10AB40000000000000000000000000000000000005
:10AB500000000000000000000000000000000000F5
:10AB600000000000000000000000000000000000E5
:10AB70000000000030008001000000012000000003
:10AB80003000200100401085200000003000412FDF
:10AB900000000000000000000000000000000000B5
:10ABA00000000000000000000000000000000000A5
:10ABB0000000000000000000000000000000000095
:10ABC0000000000000000000000000000000000085
:10ABD0000000000000000000000000000000000075
:10ABE0000000000000000000000000000000000065
:10ABF0000000000000000000000000000000000055
:10AC00000000000000000000000000000000000044
:10AC10000000000000000000000000000000000034
:10AC20000000000000000000000000000000000024
:10AC30000000000000000000000000000000000014
:10AC40000000000000000000000000000000000004
:10AC5000000000000000000000000D0C00000000DB
:10AC600000000000000000000000000000000000E4
:10AC700000000000000000000000000000000000D4
:10AC800000000000000000000000000000000000C4
:10AC900000000000000000000000000000000000B4
:10ACA00000000000000000000000000000000000A4
:10ACB0000000000000000000000000000000000094
:10ACC0000000000000001000000000000000000074
:10ACD0000000000000000000000000000000000074
:10ACE0000000000000000000000000000000000064
:10ACF0000000000000000000000000000000000054
:10AD00000000000000000000000000000000000043
:10AD10000000000000000000000000000000000033
:10AD20000000000000000000000000000000000023
:10AD30000000000000000000000000000000000013
:10AD40000000000000000000000000000000000003
:10AD500000000000000000000000000000000000F3
:10AD600000000000000000000000000000000000E3
:10AD700000000000000000000000000000000000D3
:10AD800000000000000000000000000000000000C3
:10AD900000000000000100000000000000000000B2
:10ADA00000000000000000000000000000000000A3
:10ADB0000000000000000000000000000000000093
:10ADC0000000000000000000000000000000000083
:10ADD0000000000000000000000000000000000073
:10ADE000000000000000000000000000000006D08D
:10ADF0000000000000000000000000000000000053
:10AE00000000000000000000000000000000000042
:10AE10000000000000000000000000000000000032
:10AE20000000000000000000000000000000000022
:10AE30000000000000000000000000000000000012
:10AE40000000000000000000000000000000000002
:10AE500000000000000000000000000000000000F2
:10AE600000000000000000000000000000000000E2
:10AE700000000000000000000000000000000000D2
:10AE800000000000000000000000000000000000C2
:10AE900000000000000000000000000000000000B2
:10AEA00000000000000000000000000000000000A2
:10AEB0000000000000000000000000000000000092
:10AEC0000000000000000000000000000000000082
:10AED0000000000000000000000000000000000072
:10AEE0000000000000000000000000000000000062
:10AEF0000000000000000000000000000000000052
:10AF00000000000000000000000000000000000041
:10AF10000000000000000000000000000000000031
:10AF20000000000000000000000000000000000021
:10AF30000000000000000000000000000000000011
:10AF40000000000000000000000000000000000001
:10AF500000000000000000000000000000000000F1
:10AF600000000000000000000000000000000000E1
:10AF700000000000000000000000000000000000D1
:10AF800000000000000000000000000000000000C1
:10AF900000000000000000000000000000000000B1
:10AFA00000000000000000000000000000000000A1
:10AFB0000000000000000000000000000000000091
:10AFC0000000000000000000000000000000000081
:10AFD0000000000000000000000000000000000071
:10AFE0000000000000000000000000000000000061
:10AFF0000000000000000000000000000000000051
:10B000000000000000000000000000000000000040
:10B010000000000000000000000000000000000030
:10B020000000000000000000000000000000000020
:10B030000000000000000000000000000000000010
:10B04000000000000000000000000000300080014F
:10B05000000000012000000030002001004011032A
:10B0600020000000300040CA000000000000000086
:10B0700000000000000000000000000000000000D0
:10B0800000000000000000000000000000000000C0
:10B0900000000000000000000000000000000000B0
:10B0A000000000000000000000000002000000009E
:10B0B0000000000000000000000000000000000090
:10B0C0000000000000000000000000000000000080
:10B0D0000000000000000000000000000000000070
:10B0E0000000000000000000000000000000000060
:10B0F000000000000000000000000002000000004E
:10B10000000000000000000000000000000000003F
:10B11000000000000000000000000000000000002F
:10B12000000000000000000000000000000000001F
:10B13000000015800000000000000000000000007A
:10B1400000000000000000000020000000000000DF
:10B1500000000000000000000000000000000000EF
:10B1600000000000000000000000000000000000DF
:10B1700000000000000000000000000000000000CF
:10B1800000000000000000000000000000000000BF
:10B1900000000000000000000000000000000000AF
:10B1A000000000000020000000000000000000007F
:10B1B000000000000000000000000000000000008F
:10B1C000000000000000002000000020000000003F
:10B1D000000000000000000000000000000000006F
:10B1E000000000000000000000000000000000005F
:10B1F000000000000000000000000000000000004F
:10B20000000000000000000000000000000000003E
:10B21000000000000000000000000000000000002E
:10B22000000000000000000000000000000000001E
:10B23000000000000000000000000000000000000E
:10B2400000000000000000000000000000000000FE
:10B2500000000000000000000000000000000000EE
:10B2600000000000000000000000000000000000DE
:10B2700000000000000000000000000000000000CE
:10B2800000000000000000000000000000000000BE
:10B2900000000000000000000000000000000000AE
:10B2A000000000000000000000000000000000009E
:10B2B000000000000000000000000000000000008E
:10B2C000000000000000000000000000000000007E
:10B2D000000000000000000000000000000000006E
:10B2E000000000000000000000000000000000005E
:10B2F000000000000000000000000000000000004E
:10B30000000000000000000000000000000000003D
:10B31000000000000000000000000000000000002D
:10B32000000000000000000000000000000000001D
:10B33000000000000000000000000000000000000D
:10B3400000000000000000000000000000000000FD
:10B3500000000000000000000000000000000000ED
:10B3600000000000000000000000000000000000DD
:10B3700000000000000000000000000000000000CD
:10B3800000000000000000000000000000000000BD
:10B39000300080010000000120000000300020018A
:10B3A00000401105200000003000412F0000000087
:10B3B000000000000000000000000000000000008D
:10B3C000000000000000000000000000000000007D
:10B3D000000000000000000000000000000000006D
:10B3E000000000000000000000000000000000015C
:10B3F000000000000000000000000000000000004D
:10B40000000000000000000000000000000000003C
:10B41000000000000000000000000000000000002C
:10B42000000000000000000000000000000000001C
:10B43000000000000000000000000000000000010B
:10B4400000000000000000000000000000000000FC
:10B4500000000000000000000000000000000000EC
:10B4600000000000000000000000000000000000DC
:10B470000000000000001583000000000000000034
:10B4800000000000000000000000000000100000AC
:10B4900000000000000000000000000000000000AC
:10B4A000000000000000000000000000000000009C
:10B4B000000000000000000000000000000000008C
:10B4C000000000000000000000000000000000007C
:10B4D00000000000000000900000000000000000DC
:10B4E000000000000000000000100000000000004C
:10B4F000000000000000000000000000000000004C
:10B50000000000000000000000000010000000101B
:10B51000000000000000000000000000000000002B
:10B52000000000000000000000000000000000001B
:10B53000000000000000000000000000000000000B
:10B5400000000000000000000000000000000000FB
:10B5500000000000000000000000000000000000EB
:10B5600000000000000000000000000000000000DB
:10B5700000000000000000000000000000000000CB
:10B5800000000000000000000000000000000000BB
:10B5900000000000000000000000000200000000A9
:10B5A000000000000000000000000000000000009B
:10B5B000000000000000000000000000000000008B
:10B5C000000000000000000000000000000000007B
:10B5D000000000000000000000000000000000006B
:10B5E000000000000000000000000000000000005B
:10B5F000000000000000000000000000000000004B
:10B600000000000000000000000006010000000033
:10B61000000000000000000000000000000000002A
:10B62000000000000000000000000000000000001A
:10B63000000000000000000000000000000000000A
:10B6400000000000000000000000000000000000FA
:10B6500000000000000000000000000000000000EA
:10B6600000000000000000000000000000000000DA
:10B6700000000000000000000000000000000000CA
:10B6800000000000000000000000000000000000BA
:10B6900000000000000000000000000000000000AA
:10B6A000000000000000000000000000000000009A
:10B6B000000000000000000000000000000000008A
:10B6C000000000000000000000000000000000007A
:10B6D000000000000000000000000000000000006A
:10B6E000000000000000000000000000000000005A
:10B6F000000000000000000000000000000000004A
:10B700000000000000000000000000000000000039
:10B710000000000000000000000000000000000029
:10B720000000000000000000000000000000000019
:10B730000000000000000000000000000000000009
:10B7400000000000000000000000000000000000F9
:10B7500000000000000000000000000000000000E9
:10B7600000000000000000000000000000000000D9
:10B7700000000000000000000000000000000000C9
:10B7800000000000000000000000000000000000B9
:10B7900000000000000000000000000000000000A9
:10B7A0000000000000000000000000000000000099
:10B7B0000000000000000000000000000000000089
:10B7C0000000000000000000000000000000000079
:10B7D0000000000000000000000000000000000069
:10B7E0000000000000000000000000000000000059
:10B7F0000000000000000000000000000000000049
:10B800000000000000000000000000000000000038
:10B810000000000000000000000000000000000028
:10B820000000000000000000000000000000000018
:10B830000000000000000000000000000000000008
:10B8400000000000000000000000000000000000F8
:10B8500000000000000000000000000000000000E8
:10B860000000000000000000300080010000000126
:10B870002000000030002001004011822000000064
:10B880003000412F00000000000000000000000018
:10B8900000000000000000000000000000000000A8
:10B8A0000000000000000000000000000000000098
:10B8B0000000000000000000000000000000000088
:10B8C0000000000000000000000000000000000078
:10B8D00000000000000C000000000000000000005C
:10B8E0000000000000000000000000000000000058
:10B8F0000000000000000000000000000000000048
:10B900000000000000000000000000000000000037
:10B910000000000000000000000000000000000027
:10B920000000000000000000000000000000000017
:10B930000000000000000000000000000000000007
:10B9400000000000000000000000000000001001E6
:10B9500000000000000000000000000000000000E7
:10B9600000000000000000000000000000000000D7
:10B9700000000000000000000000000000000000C7
:10B9800000000000000000000000000000000000B7
:10B9900000000000000000000000000000000000A7
:10B9A0000000000000000000000000000000000097
:10B9B0000000000000000000000000000000000087
:10B9C0000000000000000000000000000000000077
:10B9D0000000000000000000000000000000000067
:10B9E0000000000000000000000000000000000057
:10B9F0000000000000000000000000000000000047
:10BA00000000000000000000000000000000000036
:10BA10000000000000000000000000000000000026
:10BA20000000000000000000000000000000000016
:10BA30000000000000000000000000000000000006
:10BA400000000000000000000000000000000000F6
:10BA500000000000000000000000000000000000E6
:10BA600000000000000000000000000200000000D4
:10BA700000000002000000000000000000000000C4
:10BA800000000000000000000000000000000000B6
:10BA900000000000000000000000000000000000A6
:10BAA0000000000000000000000000000000000096
:10BAB0000000000000000000000000000000000086
:10BAC0000000000200000000000000000000000074
:10BAD0000000000000000000000000000000000066
:10BAE0000000056C000000000000000000000000E5
:10BAF0000000000000000000000000000000000046
:10BB00000000000000000000000000000000000035
:10BB10000000000000000000000000000000000025
:10BB20000000000000000000000000000000000015
:10BB30000000000000000000000000000000000005
:10BB400000000000000000000000000000000000F5
:10BB500000000000000000000000000000000000E5
:10BB600000000000000000000000000000002000B5
:10BB700000000000000000000000000000000000C5
:10BB800000000000000000000000000000000000B5
:10BB900000000000000000000000000000000000A5
:10BBA0000000000000000000000000000000000095
:10BBB0000000000000000000000000000000000085
:10BBC0000000000000000000000000000000000075
:10BBD0000000000000000000000000000000000065
:10BBE0000000000000000000000000000000000055
:10BBF0000000000000000000000000000000000045
:10BC00000000000000000000000000000000000034
:10BC10000000000000000000000000000000000024
:10BC20000000000000000000000000000000000014
:10BC30000000000000000000000000000000000004
:10BC400000000000000000000000000000000000F4
:10BC500000000000000000000000000000000000E4
:10BC600000000000000000000000000000000000D4
:10BC700000000000000000000000000000000000C4
:10BC800000000000000000000000000000000000B4
:10BC900000000000000000000000000000000000A4
:10BCA0000000000000000000000000000000000094
:10BCB0000000000000000000000000000000000084
:10BCC0000000000000000000000000000000000074
:10BCD0000000000000000000000000000000000064
:10BCE0000000000000000000000000000000000054
:10BCF0000000000000000000000000000000000044
:10BD00000000000000000000000000000000000033
:10BD10000000000000000000000000000000000023
:10BD20000000000000000000000000000000000013
:10BD30000000000000000000000000000000000003
:10BD400030008001000000012000000030002001D0
:10BD500000401185200000003000412F000000004D
:10BD600000000000000000000000000000000000D3
:10BD700000000000000000000000000000000000C3
:10BD800000000000000000000000000000000000B3
:10BD900000000000000000000000000000000000A3
:10BDA0000000000000000000000000000000000093
:10BDB0000000000000000000000000000000000083
:10BDC0000000000000000000000000000000000073
:10BDD0000000000000000000000000000000000063
:10BDE0000000000000000000000000000000000053
:10BDF0000000000000000000000000000000000043
:10BE00000000000000000000000000000000000032
:10BE10000000000000000000000000000000000022
:10BE20000000000000000E0C0000000000000000F8
:10BE30000000000000000000000000000000000002
:10BE400000000000000000000000000000000000F2
:10BE500000000000000000000000000000000000E2
:10BE600000000000000000000000000000000000D2
:10BE700000000000000000000000000000000000C2
:10BE800000000000000000000000000000000000B2
:10BE900000000000000000000000000000000000A2
:10BEA0000000000000000000000000000000000092
:10BEB0000000100000000000000000000000000072
:10BEC0000000000000000000000000000000000072
:10BED0000000000000000000000000000000000062
:10BEE0000000000000000000000000000000000052
:10BEF0000000000000000000000000000000000042
:10BF00000000000000000000000000000000000031
:10BF10000000000000000000000000000000000021
:10BF20000000000000000000000000000000000011
:10BF30000000000000000000000000000000000001
:10BF400000000001000000000000000100000000EF
:10BF500000000000000000000000000000000000E1
:10BF600000000000000000000000000000000000D1
:10BF700000000000000000000000000000000000C1
:10BF800000000000000000000000000000000000B1
:10BF900000000000000000000000000100000000A0
:10BFA0000000000000000000000000000000000091
:10BFB000000000000000000000000B600000000016
:10BFC0000000000000000000000000000000000071
:10BFD0000000000000000000000000000000000061
:10BFE0000000000000000000000000000000000051
:10BFF0000000000000000000000000000000000041
:10C000000000000000000000000000000000000030
:10C010000000000000000000000000000000000020
:10C020000000000000000000000000000000000010
:10C030000000000000000000000000000000000000
:10C0400000000000000000000000000000000000F0
:10C0500000000000000000000000000000000000E0
:10C0600000000000000000000000000000000000D0
:10C0700000000000000000000000000000000000C0
:10C0800000000000000000000000000000000000B0
:10C0900000000000000000000000000000000000A0
:10C0A0000000000000000000000000000000000090
:10C0B0000000000000000000000000000000000080
:10C0C0000000000000000000000000000000000070
:10C0D0000000000000000000000000000000000060
:10C0E0000000000000000000000000000000000050
:10C0F0000000000000000000000000000000000040
:10C10000000000000000000000000000000000002F
:10C11000000000000000000000000000000000001F
:10C12000000000000000000000000000000000000F
:10C1300000000000000000000000000000000000FF
:10C1400000000000000000000000000000000000EF
:10C1500000000000000000000000000000000000DF
:10C1600000000000000000000000000000000000CF
:10C1700000000000000000000000000000000000BF
:10C1800000000000000000000000000000000000AF
:10C19000000000000000000000000000000000009F
:10C1A000000000000000000000000000000000008F
:10C1B000000000000000000000000000000000007F
:10C1C000000000000000000000000000000000006F
:10C1D000000000000000000000000000000000005F
:10C1E000000000000000000000000000000000004F
:10C1F000000000000000000000000000000000003F
:10C20000000000000000000000000000000000002E
:10C21000000000000000000030008001000000016C
:10C2200020000000300020010040118920000000A3
:10C230003000406500000000000000000000000029
:10C2400000000000000000000000000000000000EE
:10C2500000000000000000000000000000000000DE
:10C2600000000000000000000000000000000000CE
:10C2700000000000000000000000000000000000BE
:10C2800000000000000000000000000000000000AE
:10C29000000000000000000000000000000000009E
:10C2A000000000000000000000000000000000008E
:10C2B000000000000000000040000000000000003E
:10C2C000000000000000000000000000000000006E
:10C2D000000000000000000000000000000000005E
:10C2E000000000000000000000000000000000004E
:10C2F0000000000000000000000000000000077EB9
:10C30000000000000000000000000000000000002D
:10C31000000000000000000000000000000000001D
:10C32000000000000000000000000000000000000D
:10C3300000000000000000000000000000000000FD
:10C3400000000000000000000000000000000000ED
:10C3500000000000000000000000000000000000DD
:10C3600000000000000000000000000000000000CD
:10C3700000000000000000000000000000000000BD
:10C3800000000000000000000000000000000000AD
:10C39000000000000000000000000000000000009D
:10C3A000000000000000000000000000000000008D
:10C3B000000000000000000000000000000000007D
:10C3C00000000000000000003000800100000002BA
:10C3D00020000000200000002000000020000000DD
:10C3E00020000000200000002000000020000000CD
:10C3F00020000000200000002000000020000000BD
:10C4000030014008000000000000000000000000B3
:10C41000000000000000000000000000000000001C
:10C4200000000000300020010040118D3001400468
:10C4300000000000000000000000000000000000FC
:10C4400030008001000000012000000030002001C9
:10C450000040120020000000300043F206020800F5
:10C4600000000000060208000000000000000000BC
:10C4700000000000000000000000000000000000BC
:10C4800000000000000000000000000000000000AC
:10C49000000000000000000000000000000000009C
:10C4A000000000000000000000000000000000008C
:10C4B000000000000000000000000000000000007C
:10C4C000000000000000000000000000000000006C
:10C4D0000000000048020000000000000000000012
:10C4E000000000000000000000000000000000004C
:10C4F000000000000000000000000000000000003C
:10C50000000000000000000000000000000000002B
:10C51000000000000000000000000000000000001B
:10C5200000000000000007140000000000000000F0
:10C5300000000000000000000000000000000000FB
:10C5400000000000000000000000000000000000EB
:10C5500000000000000000000000000000000000DB
:10C5600000000000000000000000000000000000CB
:10C5700000000000000000000000000000000000BB
:10C5800000000000000000000000000000000000AB
:10C59000000000000000000000000000000000009B
:10C5A000000000000000000000000000000000008B
:10C5B000000000000000000000000000000000007B
:10C5C000000000000000000000000000000000006B
:10C5D000000000000000000000000000000000005B
:10C5E000000000000000000000000000000000004B
:10C5F0000120600000000000012060000000000039
:10C60000000000000000000000000000000000002A
:10C61000000000000000000000000000000000001A
:10C62000000000000000000000000000000000000A
:10C6300000000000000000000000000000000000FA
:10C6400000000000000000000000000000000000EA
:10C6500000000000000000000000000000000000DA
:10C660000000000000000000240020000000000086
:10C6700000000000000000000000000000000000BA
:10C6800000000000000000000000000000000000AA
:10C69000000000000000000000000000000000009A
:10C6A000000000000000000000000000000000008A
:10C6B00000000000000000000000070A0000000069
:10C6C000000000000000000000000000000000006A
:10C6D000000000000000000000000000000000005A
:10C6E000000000000000000000000000000000004A
:10C6F000000000000000000000000000000000003A
:10C700000000000000000000000000000000000029
:10C710000000000000000000000000000000000019
:10C720000000000000000000000000000000000009
:10C7300000000000000000000000000000000000F9
:10C7400000000000000000000000000000000000E9
:10C7500000000000000000000000000000000000D9
:10C7600000000000000000000000000000000000C9
:10C7700000000000000000000000000000000000B9
:10C7800000000000000000000000000000000000A9
:10C790000000000000000000000000000000000099
:10C7A0000000000000000000000000000000000089
:10C7B0000000000000000000000000000000000079
:10C7C0000000000000000000000000000000000069
:10C7D0000000000000000002000000000000000057
:10C7E0000000000000000000000000000000000049
:10C7F0000000000000000000000000000000000039
:10C800000000000000000000000000000000000028
:10C810000000000000000000000000000000000018
:10C820000000000000000000000000000000000008
:10C8300000000000000000000000000000000000F8
:10C8400000000000000000000000000000000241A5
:10C8500000000000000000000000000000000000D8
:10C8600000000000000000000000000000000000C8
:10C8700000000000000000000000000000000000B8
:10C880000000000000400000000000000000000068
:10C890000000000000000000000000000000000098
:10C8A0000000000000000000000000000000000088
:10C8B0000000000000400000000000000000000038
:10C8C0000000000000000000000000000000000068
:10C8D0000000000000000000000000000000000058
:10C8E0000000000000000000000000000000000048
:10C8F0000000000000000000000000000000000038
:10C900000000000000000000000000000000000027
:10C910000000000000000000000000000000000017
:10C920000000000000000000000000000000000007
:10C9300000000000000000000000000000000000F7
:10C9400000000000000000000000000000000000E7
:10C9500000000000000000000000000000000000D7
:10C9600000000000000000000000000200000000C5
:10C9700000000000000000000000000000000000B7
:10C9800000000000000000000000000000000000A7
:10C990000000000000000000000000000000000097
:10C9A0000000000000000000000000000000000087
:10C9B0000000000000000000000000000000000077
:10C9C0000000000000000000000000000000000067
:10C9D0000000000000000000000000000000000057
:10C9E000000005C100000000000000000000000081
:10C9F0000000000000000000000000000000000037
:10CA00000000000000000000000000000000000026
:10CA10000000000000000000000000000000000016
:10CA20000000000000000000000000000000000006
:10CA300000000000000000000000000000000000F6
:10CA400000000000000000000000000000000000E6
:10CA500000000000000000000000000000000000D6
:10CA600000000000000000000000000000000000C6
:10CA700000000000000000000000000000000000B6
:10CA800000000000000000000000000000000000A6
:10CA90000000000000000000000000000000000096
:10CAA0000000000000000000000000000000000086
:10CAB0000000000000000000000000000000000076
:10CAC0000000000000000000000000000000000066
:10CAD0000000000000000000000000000000000056
:10CAE0000000000000000000000000000000000046
:10CAF0000000000000000000000000000000000036
:10CB00000000000000000000000000000000000025
:10CB10000000000000000000000000000000000015
:10CB20000000000000000000000000000000000005
:10CB300000000000000000000000000000000000F5
:10CB400000000000000000000000000000000000E5
:10CB500000000000000000000000000000000000D5
:10CB600000000000000000000000000000000000C5
:10CB700000000000000017F00000000000000000AE
:10CB800000000000000000000000000000000000A5
:10CB90000000000000000000000000000000000095
:10CBA0000000000000000000000000000080000005
:10CBB0000000000000000000000000000000000075
:10CBC0000000000000000000000000000000000065
:10CBD00000000080000000000000000000000000D5
:10CBE0000000000000000000000000000000000045
:10CBF0000000000000000000000000000000000035
:10CC00000000000000000000000000000000000024
:10CC10000000000000000000000000000000000014
:10CC20000000000000000000000000000000000004
:10CC300000000000000000000000000000000000F4
:10CC400000000000000000000000000000000000E4
:10CC500000000000000000000000000000000000D4
:10CC600000000000000000000000000000000000C4
:10CC700000000000000000000000000800000000AC
:10CC800000000000000000000000000000000000A4
:10CC90000000000000000000000000000000000094
:10CCA0000000000000000000000000000000000084
:10CCB0000000000000000000000000000000000074
:10CCC0000000000000000000000000000000000064
:10CCD0000000000000000000000000000000000054
:10CCE0000000000000000000000000000000000044
:10CCF0000000000000000000000000000000000034
:10CD00000000000000000000000019850000000085
:10CD10000000000000000000000000000000000013
:10CD20000000000000000000000000000000000003
:10CD300000000000000000000000000000000000F3
:10CD400000000000000000000000000000000000E3
:10CD500000000000000000000000000000000000D3
:10CD60000000000000000040000000000000000083
:10CD700000000000000000000000000000000000B3
:10CD800000000000000000000000000000000000A3
:10CD90000000000000000000000000000000000093
:10CDA0000000000000000000000000000000000083
:10CDB0000000000000000000000000000000000073
:10CDC0000000000000000000000000000000000063
:10CDD0000000000000000000000000000000004013
:10CDE0000000000000000000000000000000000043
:10CDF0000000000000000000000000000000000033
:10CE00000000000000000000000000000000000121
:10CE10000000000000000000000000000000000012
:10CE20000000000000000000000000000000000002
:10CE300000000000000000000000000000000000F2
:10CE400000000000000000000000000000000000E2
:10CE500000000000000000000000000000000000D2
:10CE600000000000000000000000000000000000C2
:10CE700000000000000000000000000000000000B2
:10CE800000000000000000000000000000000000A2
:10CE90000000000000000000000000000000066626
:10CEA0000000000000000000000000000000000082
:10CEB0000000000000000000000000000000000072
:10CEC0000000000000000000000000000000000062
:10CED0000000000000000000000000000000000052
:10CEE0000000000000000000000000000000000042
:10CEF0000000000000000000000000000000000032
:10CF00000000000000000000000000000000000021
:10CF10000000000000000000000000000000000011
:10CF20000000000000000000000000000000000001
:10CF300000000000000000000000000000000000F1
:10CF400000000000000000000000000000000000E1
:10CF500000000000000000000000000000000000D1
:10CF600000000000000000000000000000000000C1
:10CF70000000008000000000000000000000000031
:10CF800000000000000000000000000000000000A1
:10CF90000000000000000000000000000000000091
:10CFA0000000000000000000000000000000000081
:10CFB0000000000000000000000000000000000071
:10CFC0000000000000000000000000000000000061
:10CFD0000000000000000000000000000000000051
:10CFE0000000000000000000000000000000000041
:10CFF0000000000000000000000000000000000031
:10D000000000000000000000000000000000000020
:10D010000000000000000000000000000000000010
:10D020000000000000000000000000000000000000
:10D03000000011E0000000000000000000000000FF
:10D0400000000000000000000000000000000000E0
:10D0500000000000000000000000000000000000D0
:10D0600000000000000000000000000000000000C0
:10D0700000000000000000000000000000000000B0
:10D0800000000000000000000000000000000000A0
:10D090000000000000000000008000000000000010
:10D0A0000000000000000000000000000000000080
:10D0B0000000000000000000000000000000000070
:10D0C000000000000000000000010000000000005F
:10D0D0000000000000000000000000000000000050
:10D0E0000000000000000000000000000000000040
:10D0F0000000000000000000000000000000000030
:10D10000000000000000000000000000000000001F
:10D11000000000000000000000000000000000000F
:10D1200000000000000000000000000000000000FF
:10D1300000000000000000000000000000000000EF
:10D1400000000000000000000000000000000000DF
:10D1500000000000000000000000000000000000CF
:10D1600000000000000000000000000000000000BF
:10D1700000000000000000000000000000000000AF
:10D18000000000000000000000000000000000009F
:10D19000000000000000000000000000000000008F
:10D1A000000000000000000000000000000000007F
:10D1B000000000000000000000000000000000006F
:10D1C00000000000000001E300000000000000007B
:10D1D000000000000000000000000000000000004F
:10D1E000000000000000000000000000000000003F
:10D1F000000000000000000000000000000000002F
:10D20000000000000000000000000000000000001E
:10D21000000000000000000000000000000000000E
:10D2200000000000000000000000000000000000FE
:10D2300000000000000000000000000000000000EE
:10D2400000000000000000000000000000000000DE
:10D2500000000000000000000000000000000000CE
:10D2600000000000000000100000000000000000AE
:10D27000000000000000000000000080000000002E
:10D28000000000000000000000000000000000009E
:10D29000000000000000000000000000000000008E
:10D2A000000000000000000000000000000000007E
:10D2B000000000000000000000000000000000006E
:10D2C000000000000000000000000000000000005E
:10D2D000000000000000000000000000000000004E
:10D2E000000000000000000000000000000000003E
:10D2F000000000000000000000000000000000002E
:10D30000000000000000000000000000000000001D
:10D31000000000000000000000000000000000000D
:10D3200000000000000000000000000000000000FD
:10D3300000000000000000000000000000000000ED
:10D3400000000000000000000000000000000000DD
:10D3500000000000000000000000000000000000CD
:10D3600000000000000000000000000000000000BD
:10D3700000000000000000000000000000000000AD
:10D38000000000000000000000000000000000009D
:10D39000000000000000000000000000000000008D
:10D3A000000000000000000000000000000000007D
:10D3B000000000000000000000000000000000006D
:10D3C000000000000000000000000000000000005D
:10D3D000000000000000000000000000000000004D
:10D3E000000000000000000000000000000000003D
:10D3F000000000000000000000000000000000002D
:10D40000000000000000000000000000000000001C
:10D41000000000000000000000000000000000000C
:10D42000000000003000800100000001200000002A
:10D43000300020010040120A20000000300041F9B5
:10D4400000000000000000000000000000000000DC
:10D4500000000000000000000000000000000000CC
:10D4600000000000000000000000000000000000BC
:10D4700000000000000000000000000000000000AC
:10D48000000000000000000000000000000000009C
:10D49000000000000000000000000000000000008C
:10D4A000000000000000000000000000000000007C
:10D4B000000000000000000000000000000000006C
:10D4C000000000000000000000000000000000005C
:10D4D000000000000000000000000000000000004C
:10D4E000000000000000000000000000000000003C
:10D4F000000000000000000000000000000000002C
:10D500000000000000000000000010B0000000005B
:10D51000000000000000000000000000000000000B
:10D5200000000000000000000000000000000000FB
:10D5300000000000000000000000000000000000EB
:10D5400000000000000000000000000000000000DB
:10D5500000000000000000000000000000000000CB
:10D5600000000000000000000000000000000000BB
:10D5700000000000000000000000000000000000AB
:10D58000000000000000000000000000000000009B
:10D59000000000000000004000000000002000002B
:10D5A000000000000000000000000000000000007B
:10D5B000000000000000000000000000000000006B
:10D5C00000000020000000400000000000000000FB
:10D5D000000000000000000000000000000000004B
:10D5E000000000000000000000000000000000003B
:10D5F000000000000000000000000000000000002B
:10D60000000000000000000000000000000000001A
:10D61000000000000000000000000000000000000A
:10D6200000000000000000000000000000000000FA
:10D6300000000000000000000000000000000000EA
:10D6400000000000000000000000000000000000DA
:10D6500000000000000000000000000000000000CA
:10D6600000000000000000000000000000000000BA
:10D6700000000000000000000000000000000000AA
:10D68000000000000000000000000000000000009A
:10D6900000000000000000000000000000001DA4C9
:10D6A000000000000000000000000000000000007A
:10D6B000000000000000000000000000000000006A
:10D6C000000000000000000000000000000000005A
:10D6D000000000000000000000000000000000004A
:10D6E000000000000000000000000000000000003A
:10D6F000000000000000000000000000000000002A
:10D700000000000000000000000000000000000019
:10D7100000000000000000000000000000000010F9
:10D7200000000000000000000000000000000000F9
:10D7300000000000000000000000000000000000E9
:10D7400000000000000000000000000000000000D9
:10D7500000000000000000000000000000000000C9
:10D7600000000000000000000000000000000000B9
:10D7700000000000000000000000000000000000A9
:10D780000000000000000000000000000000000099
:10D790000000000000000000000000000000000089
:10D7A0000000000000000000000000000000000079
:10D7B0000000000000000000000000000000000069
:10D7C0000000000000000000000000000000000059
:10D7D0000000000000000000000000000000000049
:10D7E0000000000000000000000000000000000039
:10D7F0000000000000000000000000000000000029
:10D800000000000000000000000000000000000018
:10D810000000000000000000000000000000000008
:10D8200000000000000000000000000000000000F8
:10D8300000000F8000000000000000000000000059
:10D8400000000000000000000000000000000000D8
:10D8500000000000000000000000000000000000C8
:10D8600000000000000000000000000000000000B8
:10D8700000000000000000000000000000000000A8
:10D880000000000000000000000000000000000098
:10D890000000000000000000000000000000000088
:10D8A0000000000000000000000000000000000078
:10D8B0000000000000000000000000000000000068
:10D8C0000000000000200000000200000000000036
:10D8D0000000000000000000000000000000000048
:10D8E0000000000000000080000000200000004058
:10D8F0000000000000000000000000000000000028
:10D900000000000000000000000000000000000017
:10D910000000000000000000000000000000000007
:10D9200000000000000000000000000000000000F7
:10D9300000000000000000000000000000000000E7
:10D9400000000000000000000000000000000000D7
:10D9500000000000000000000000000000000000C7
:10D9600000000000000000000000000000000000B7
:10D9700000000000000000000000000000000000A7
:10D980000000000000000000000000000000000097
:10D990000000000000000000000000000000000087
:10D9A0000000000000000000000000000000000077
:10D9B0000000000000000000000000000000000067
:10D9C0000000000000001D07000000000000000033
:10D9D0000000000000000000000000000000000047
:10D9E0000000000000000000000000000000000037
:10D9F0000000000000000000000000000000000027
:10DA00000000000000000000000000000000000016
:10DA10000000000000000000000000000000000006
:10DA200000000000000000000000000000000000F6
:10DA300000000000000000000000000000000000E6
:10DA400000000000000000100000000000000000C6
:10DA50000000004000000000000000000000000086
:10DA60000000000000000020000000000000000096
:10DA700000000000000000000000000000000000A6
:10DA80000000000000000000000000000000000096
:10DA90000000000000000000000000000000000086
:10DAA0000000000000000000000000000000000076
:10DAB0000000000000000000000000000000000066
:10DAC0000000000000000000000000000000000056
:10DAD0000000000000000000000000000000000046
:10DAE0000000000000000000000000000000000036
:10DAF0000000000000000000000000000000000026
:10DB00000000000000000000000000000000000015
:10DB10000000000000000000000000000000000005
:10DB200000000000000000000000000000000000F5
:10DB300000000000000000000000000000000000E5
:10DB400000000000000000000000000000000000D5
:10DB500000000000000000000000000000000000C5
:10DB600000000000000000000000000000000000B5
:10DB700000000000000000000000000000000000A5
:10DB80000000000000000000000000000000000095
:10DB90000000000000000000000000000000000085
:10DBA0000000000000000000000000000000000075
:10DBB0000000000000000000000000000000000065
:10DBC0000000000000000000000000000000000055
:10DBD0000000000000000000000000000000000045
:10DBE0000000000000000000000000000000000035
:10DBF0000000000000000000000000000000000025
:10DC00000000000000000000000000000000000014
:10DC10000000000000000000000000000000000004
:10DC20000000000030008001000000012000000022
:10DC3000300020010040121120000000300040CAD6
:10DC400000000000000000000000000000000000D4
:10DC500000200000000000000000000000000000A4
:10DC600000000000000000000000000000000000B4
:10DC700000000000000000000000000000000000A4
:10DC80000000000000000000000000000000000094
:10DC90000000000000000000000000000000000084
:10DCA0000000000000000000000000000000000074
:10DCB0000000000000000000000000000000000064
:10DCC0000000000000000000000000000000000054
:10DCD0000000000000000000000000000000000044
:10DCE0000000000000000000000000000000000034
:10DCF0000000000000000000000000000000000024
:10DD00000000000000000000000003B5000000005B
:10DD10000000000000000000000000000000000003
:10DD200000000000000000000000000000000000F3
:10DD300000000000000000000000000000000000E3
:10DD400000000000000000000000000000000000D3
:10DD500000000000000000000000000000000000C3
:10DD600000000000000000000000000000000000B3
:10DD700000000000000000000000000000000000A3
:10DD80000000000000000000000000000000000093
:10DD90000000000000000000000000000000000083
:10DDA0000000000000000000000000000000000073
:10DDB0000000000000000000000000000000000063
:10DDC0000000000000000000000000000000000053
:10DDD0000000000000000000000000000000000043
:10DDE0000000000000000000000000000000000033
:10DDF0000000000000000000000000000000000023
:10DE00000000000000000000000000000000000012
:10DE10000000000000000000000000000000000002
:10DE200000000000000000000000000000000000F2
:10DE300000000000000000000000000000000000E2
:10DE400000000000000000000000000000000000D2
:10DE500000000000000000000000000000000000C2
:10DE600000000000000000000000000000000000B2
:10DE700000000000000000000000000000000000A2
:10DE80000000000000000000000000000000000092
:10DE90000000000000000000000000000000000082
:10DEA0000000000000000000000000000000000072
:10DEB0000000000000000000000000000000000062
:10DEC0000000000000000000000000000000000052
:10DED0000000000000000000000000000000000042
:10DEE0000000000000000000000000000000000032
:10DEF0000000000000000000000000000000000022
:10DF00000000000000000000000000000000000011
:10DF10000000000000000000000000000000000001
:10DF200000000000000000000000000000000000F1
:10DF300000000000000000000000000000000000E1
:10DF400000000000000000000000000000000000D1
:10DF500000000000000000000000000000000000C1
:10DF600000000000000000003000800100000001FF
:10DF700020000000300020010040121420000000AA
:10DF800030004457002200222222222222220202B2
:10DF90000008000000000000000000000000000079
:10DFA0000000000000000000000000000000000071
:10DFB0000000000000000000000000000000000061
:10DFC0000000000000000000000000000000000051
:10DFD0000000000000000000000000000000000041
:10DFE0000000000000000000000000000000000031
:10DFF0000000000000000000000000000000000021
:10E000000000000000000000000000000000000010
:10E010000000000000000000000000000000000000
:10E0200000000000000000000000000000000000F0
:10E0300000000000000000000000000000000000E0
:10E040000000000000000000000000000000039B32
:10E0500000000000000000000000000000000000C0
:10E0600000000000000000000000000000000000B0
:10E0700000000000000000000000000000000000A0
:10E080000000000000000000000000000000000090
:10E090000000000000000000000000000000000080
:10E0A0000000000000000000000000000000000070
:10E0B0000000000000000000000000000000000060
:10E0C0000000000000000000000000000000000050
:10E0D0000000000000000000000000000000000040
:10E0E0000000000000000000000000000000000030
:10E0F0000000000000000000000000000000000020
:10E10000000000000000000000000000000000000F
:10E1100000000000000000002200220000000100BA
:10E1200000000000040001400000000000000000AA
:10E1300000000000000000000000000000000000DF
:10E1400000000000000000000000000000000000CF
:10E1500000000000000000000000000000000000BF
:10E1600000000000000000000000000000000000AF
:10E17000000000000000000000000000000000009F
:10E18000000000000000000000000000000000008F
:10E19000000000000000010000000000000000007E
:10E1A000000000000000000000000000000000006F
:10E1B000000000000000000000000000000000005F
:10E1C000000000000000000000000000000000004F
:10E1D000000000000000000000000000000000003F
:10E1E000000017F400000000000000000000000024
:10E1F000000000000000000000000000000000001F
:10E20000000000000000000000000000000000000E
:10E2100000000000000000000000000000000000FE
:10E2200000000000000000000000000000000000EE
:10E2300000000000000000000000000000000000DE
:10E2400000000000000000000000000000000000CE
:10E2500000000000000000000000000000000000BE
:10E2600000000000000000000000000000000000AE
:10E27000000000000000000000000000000000009E
:10E28000000000000000000000000000000000008E
:10E29000000000000000000000000000000000007E
:10E2A000000000000000000000000000000022004C
:10E2B000000000000000000000000000000000005E
:10E2C000000000000000000000000000000000004E
:10E2D000000000000000000000000000000000003E
:10E2E000000000000000000000000000000000002E
:10E2F000000000000000000000000000000000001E
:10E30000000000000000000000000000000000000D
:10E3100000000000000000000000000000000000FD
:10E3200000000000000000000000000000000000ED
:10E3300000000000000000000000000000000000DD
:10E3400000000000000000000000000000000000CD
:10E3500000000000000000000000000000000000BD
:10E3600000000000000000000000000000000000AD
:10E370000000000000001004000000000000000089
:10E38000000000000000000000000000000000008D
:10E39000000000000000000000000000000000007D
:10E3A000000000000000000000000000000000006D
:10E3B000000000000000000000000000000000005D
:10E3C000000000000000000000000000000000004D
:10E3D000000000000000000000000000000000003D
:10E3E000000000000000000000000000000000002D
:10E3F000000000000000000000000000000000001D
:10E40000000000000000000000000000000000000C
:10E4100000000000000000000000000000000000FC
:10E4200000000000000000000000000000000000EC
:10E4300000000000000000000000000000000000DC
:10E4400022000000000000000000000000000000AA
:10E4500000000000000000000000000000000000BC
:10E4600000000000000000000000000000000000AC
:10E47000000000000000000000000000000000009C
:10E48000000000000000000000000000000000008C
:10E49000000000000000000000000000000000007C
:10E4A000000000000000000000000000000000006C
:10E4B000000000000000000000000000000000005C
:10E4C000000000000000000000000000000000004C
:10E4D000000000000000000000000000000000003C
:10E4E000000000000000000000000000000000002C
:10E4F000000000000000000000000000000000001C
:10E5000000000000000000000000100400000000F7
:10E5100000000000000000000000000000000000FB
:10E5200000000000000000000000000000000000EB
:10E5300000000000000000000000000000000000DB
:10E5400000000000000000000000000000000000CB
:10E5500000000000000000000000000000000000BB
:10E5600000000000000000000000000000000000AB
:10E57000000000000000000000000000000000009B
:10E58000000000000000000000000000000000008B
:10E59000000000000000000000000000000000007B
:10E5A000000000000000000000000000000000006B
:10E5B000000000000000000000000000000000005B
:10E5C000000000000000000000000000000000004B
:10E5D00000000000222222222222222222220202E3
:10E5E0000008000000000000000000000000000023
:10E5F000000000000000000000000000000000001B
:10E60000000000000000000000000000000000000A
:10E6100000000000000000000000000000000000FA
:10E6200000000000000000000000000000000000EA
:10E6300000000000000000000000000000000000DA
:10E6400000000000000000000000000000000000CA
:10E6500000000000000000000000000000000000BA
:10E6600000000000000000000000000000000000AA
:10E67000000000000000000000000000000000009A
:10E68000000000000000000000000000000000008A
:10E690000000000000000000000000000000039BDC
:10E6A000000000000000000000000000000000006A
:10E6B000000000000000000000000000000000005A
:10E6C000000000000000000000000000000000004A
:10E6D000000000000000000000000000000000003A
:10E6E000000000000000000000000000000000002A
:10E6F000000000000000000000000000000000001A
:10E700000000000000000000000000000000000009
:10E7100000000000000000000000000000000000F9
:10E7200000000000000000000000000000000000E9
:10E7300000000000000000000000000000000000D9
:10E7400000000000000000000000000000000000C9
:10E7500000000000000000000000000000000000B9
:10E760000000000000000000220022000000010064
:10E770000000000004000140002000000000000034
:10E780000000000000000000000000000000000089
:10E790000000000000000000000000000000000079
:10E7A0000000000000000000000000000000000069
:10E7B0000000000000000000000000000000000059
:10E7C0000000000000000000000000000000000049
:10E7D0000000000000000000000000000000000039
:10E7E0000000000000000100000000000000000028
:10E7F0000000000000000000000000000000000019
:10E800000000000000000000000000000000000008
:10E8100000000000000000000000000000000000F8
:10E8200000000000000000000000000000000000E8
:10E830000000144100000000000000000000000083
:10E8400000000000000000000000000000000000C8
:10E8500000000000000000000000000000000000B8
:10E8600000000000000000000000000000000000A8
:10E870000000000000000000000000000000000098
:10E880000000000000000000000000000000000088
:10E890000000000000000000000000000000000078
:10E8A0000000000000000000000000000000000068
:10E8B0000000000000000000000000000000000058
:10E8C0000000000000000000000000000000000048
:10E8D0000000000000000000000000000000000038
:10E8E0000000000000000000000000000000000028
:10E8F0000000000000000000000000000000000018
:10E900000000000000000000000000000000000007
:10E9100000000000000000000000000000000000F7
:10E9200000000000000000000000000000000000E7
:10E9300000000000000000000000000000000000D7
:10E9400000000000000000000000000000000000C7
:10E9500000000000000000000000000000000000B7
:10E9600000000000000000000000000000000000A7
:10E970000000000000000000000000000000000097
:10E980000000000000000000000000000000000087
:10E990000000000000000000000000000000000077
:10E9A0000000000000000000000000000000000067
:10E9B00000000000000000000000000080000000D7
:10E9C00000000000020000C600000000000000007F
:10E9D0000000000000000000000000000000000037
:10E9E0000000000000000000000000000000000027
:10E9F0000000000000000000000000000000000017
:10EA00000000000000000000000000000000000006
:10EA100000000000000000000000000000000000F6
:10EA200000000000000000000000000000000000E6
:10EA300000000000000000000000000000000000D6
:10EA400000000000000000000000000000000000C6
:10EA500000000000000000000000000000000000B6
:10EA600000000000000000000000000000000000A6
:10EA70000000000000000000000000000000000096
:10EA80000000000000000000000000000000000086
:10EA90000000000000000000000000000000000076
:10EAA0000000000000000000000000000000000066
:10EAB0000000000000000000000000000000000056
:10EAC0000000000000000000000000000000000046
:10EAD0000000000000000000000000000000000036
:10EAE0000000000000000000000000000000000026
:10EAF0000000000000000000000000000000000016
:10EB00000000000000000000000000000000000005
:10EB100000000000000000000000000000000000F5
:10EB200000000000000000000000000000000000E5
:10EB300000000000000000000000000000000000D5
:10EB400000000000000000000000000000000000C5
:10EB50000400000004200000020000CC00000000BF
:10EB600000000000000000000000000000000000A5
:10EB70000000000000000000000000000000000095
:10EB80000000000000000000000000000000000085
:10EB90000000000000000000000000000000000075
:10EBA0000000000000000000000000000000000065
:10EBB0000000000000000000000000000000000055
:10EBC0000000000000000000000000000000000045
:10EBD0000000000000000000000000000000000035
:10EBE0000000000000000000000000000000000025
:10EBF0000000000000000000000000000000000015
:10EC00000000000000000000000000000000000004
:10EC100000000000000000000000000000000000F4
:10EC2000000000009BE40000805FD1F700006B460D
:10EC30000000C00000000000000000000000000014
:10EC400000000000000000000000000000000000C4
:10EC500000000000000044010006700000040000F5
:10EC60000000110000000000000000000000000093
:10EC70000000000000000000000000000000000094
:10EC80000000000000080070F0067F002400000073
:10EC9000000000000000000000000000A00D0000C7
:10ECA0001190800000000000000000000000000043
:10ECB0000000000000000000000000000000000054
:10ECC0000000000000000000000000000000000044
:10ECD0000000000000000000000000000000000034
:10ECE000000000000420000008000000000019C718
:10ECF0000000000000000000000000000000000014
:10ED00000000000000000000000000000000000003
:10ED100000000000000000000000000000000000F3
:10ED200000000000000000000000000000000000E3
:10ED300000000000000000000000000000000000D3
:10ED400000000000000000000000000000000000C3
:10ED500000000000000000000000000000000000B3
:10ED600000000000000000000000000000000000A3
:10ED70000000000000000000000000000000000093
:10ED80000000000000000000000000000000000083
:10ED90000000000000000000000000000000000073
:10EDA0000000000000000000000000000000000063
:10EDB0000000000000000000924500001319F7BC9D
:10EDC00080007BDF0000C0000000000000000000A9
:10EDD0000000000000000000000000000000000033
:10EDE000000000000000000000000802000398007E
:10EDF0000000800000000000000000000000000093
:10EE000000000000000000000000000008000000FA
:10EE100000000000000000000020009830879F00E4
:10EE20000200929290109010901090104A00901052
:10EE3000C82A90100420800000000000000000009C
:10EE400000000000000000000000000000000000C2
:10EE500000000000000000000000000000000000B2
:10EE600000000000000000000000000000000000A2
:10EE70000000000000000000000000000080000012
:10EE800000001B2500000000000000000000000042
:10EE90000000000000000000000000000000000072
:10EEA0000000000000000000000000000000000062
:10EEB0000000000000000000000000000000000052
:10EEC0000000000000000000000000000000000042
:10EED0000000000000000000000000000000000032
:10EEE0000000000000000000000000000000000022
:10EEF0000000000000000000000000000000000012
:10EF00000000000000000000000000000000000001
:10EF100000000000000000000000000000000000F1
:10EF200000000000000000000000000000000000E1
:10EF300000000000000000000000000000000000D1
:10EF400000000000000000000000000000000000C1
:10EF500000000000000000000000000000000000B1
:10EF600000000000000000000000000000000000A1
:10EF70000000000000000000000000000000000091
:10EF80000000000000000000000000000000000081
:10EF90000000000000000000000000000000000071
:10EFA0000000000000000000000000000000000061
:10EFB0000000000000000000000000000000000051
:10EFC0000000000000000000000000000000000041
:10EFD0000000000000000000000000000000000031
:10EFE0000000000000000000000000000000000021
:10EFF0000000000000000000000000000000000011
:10F000000000000000000000000000000000000000
:10F0100000000000000000000000000000000000F0
:10F0200000000000000000000000000000000000E0
:10F0300000000000000000000000000000000000D0
:10F0400000000000000000000000000000000000C0
:10F0500000000000000000000000000000000000B0
:10F0600000000000000000000000000000000000A0
:10F070000000000000000000000000000000000090
:10F080000000000000000000000000000000000080
:10F090000000000000000000000000000000000070
:10F0A0000000000000000000000000000000000060
:10F0B0000000000000000000000000000000000050
:10F0C0000000000000000000000000000000000040
:10F0D0000000000000000000000000000000000030
:10F0E00030008001000000012000000030002001FD
:10F0F0000040128420000000300042C300000000E5
:10F1000000000000000000000000000000000000FF
:10F1100000000000000000000000000000000000EF
:10F1200000000000000000000000000000000000DF
:10F1300000000000000000000000000000000000CF
:10F1400000000000000000000000000000000000BF
:10F1500000000000000002000000000000000000AD
:10F16000000000000000000000000000000000009F
:10F17000000000000000000000000000000000008F
:10F18000000000000000000000000000000002007D
:10F19000000000000000000000000000000000006F
:10F1A000000000000000000000000000000000005F
:10F1B000000000000000000000000000000000004F
:10F1C0000000000000001ECE000000000000000053
:10F1D000000000000000000000000000000000002F
:10F1E000000000000000000000000000000000001F
:10F1F000000000000000000000000000000000000F
:10F2000000000000000000000000000000000000FE
:10F2100000000000000000000000000000000000EE
:10F2200000000000000000000000000000000000DE
:10F2300000000000000000000000000000000000CE
:10F2400000000000000000000000000000000000BE
:10F2500000000000000000000000000000000000AE
:10F26000000000000000000000000000000000009E
:10F27000000040000000000000000000000000004E
:10F28000000000000000000000000000000000007E
:10F29000000000000000000000000000000000006E
:10F2A000000000000000000000000000000000005E
:10F2B000000000000000000000000000000000004E
:10F2C000000000020000000000000002000000003A
:10F2D000000000000000000000000000000000002E
:10F2E000000000000000000000000000000000001E
:10F2F000000000000000000000000002000000000C
:10F3000000000000000000000000000000000000FD
:10F3100000000000000000000000000400000000E9
:10F3200000000000000000000000000000000000DD
:10F3300000000000000000000000000000000000CD
:10F3400000000000000000000000000000000000BD
:10F350000000000000000000000000C300000000EA
:10F36000000000000000000000000000000000009D
:10F37000000000000000000000000000000000008D
:10F38000000000000000000000000000000000007D
:10F39000000000000000000000000000000000006D
:10F3A000000000000000000000000000000000005D
:10F3B000000000000000000000000000000000004D
:10F3C000000000000000000000000000000000003D
:10F3D000000000000000000000000000000000002D
:10F3E000000000000000000000000000000000001D
:10F3F000000000000000000000000000000000000D
:10F4000000000000000000000000000000000000FC
:10F4100000000000000000000000000000000000EC
:10F4200000000000000000000000000000000000DC
:10F4300000000000000000000000000000000000CC
:10F44000000000000000000000000000000000407C
:10F4500000000000000000000000000000000000AC
:10F46000000000000000010000000000000000009B
:10F47000000000000000400000000000000001400B
:10F48000000000000000004000000000000000003C
:10F49000000000000000000000000000000000006C
:10F4A000000000000000000000000000000000005C
:10F4B000000000000000010000000000000000004B
:10F4C000000000000000000000000000000000003C
:10F4D000000000000000000000000000000000002C
:10F4E00000000000000000000000000000001A8C76
:10F4F000000000000000000000000000000000000C
:10F5000000000000000000000000000000000000FB
:10F5100000000000000000000000000000000000EB
:10F5200000000000000000000000000000000000DB
:10F5300000000000000000000000000000000000CB
:10F5400000000000000000000000000000000000BB
:10F5500000000000000000000000000000000000AB
:10F56000000000000000000000000000000000009B
:10F57000000000000000000000000000000000008B
:10F58000000000000000000000000000000000007B
:10F59000000000000000000000001000000000005B
:10F5A000000000000000000000000000000000005B
:10F5B000000000000000000000000000000000004B
:10F5C000000000000000000000000000000000003B
:10F5D000000000000000000000000000000000002B
:10F5E0000000008000000000000000080000000093
:10F5F0000000000800000000000002000000000001
:10F60000000000000000000000008000000000007A
:10F6100000000080000000000000008000000000EA
:10F6200000000008000000000000000000000000D2
:10F6300000000000000000000000000000000000CA
:10F6400000000008000000000000000000000000B2
:10F6500000000000000000000000000000000000AA
:10F66000000000000000000000000000000000009A
:10F67000000000000000000000000000000000008A
:10F6800000000481000000000000000000000000F5
:10F69000000000000000000000000000000000006A
:10F6A000000000000000000000000000000000005A
:10F6B000000000000000000000000000000000004A
:10F6C000000000000000000000000000000000003A
:10F6D000000000000000000000000000000000002A
:10F6E000000000000000000000000000000000001A
:10F6F000000000000000000000000000000000000A
:10F7000000000000000000000000000000000000F9
:10F7100000000000000000000000000000000000E9
:10F7200000000000000000000000000000000000D9
:10F7300000000000000000000000000000000000C9
:10F7400000000000000000000000000000000000B9
:10F7500000000000000000000000000000000000A9
:10F760000000000000000000000000000000400059
:10F770000000000000000000000000000000000089
:10F780000000000000000000000000000000000079
:10F790000000000000000000000000000000000069
:10F7A0000000000000000000000000000000000059
:10F7B0000000000000000000000000000000000049
:10F7C0000000000000000000000000000000000039
:10F7D0000000000000000000000000000000000029
:10F7E0000000000000000000000000000000000019
:10F7F0000000000000000000000000000000000009
:10F8000000000000000000000000000000000000F8
:10F810000000000000000A050000000000000000D9
:10F8200000000000000000000000000000000000D8
:10F8300000000000000000000000000000000000C8
:10F8400000000000000000000000000000000000B8
:10F8500000000000000000000000000000000000A8
:10F860000000000000000000000000000000000098
:10F870000000000000000000000000000000000088
:10F880000000000000000000000000000000000078
:10F890000000000000000000000000000000000068
:10F8A0000000000000000000000008000000000050
:10F8B0000000000000000000000000000000000048
:10F8C0000000000000000000000000000000000038
:10F8D0000000000000000000000000000000000028
:10F8E0000000000000000000000000000000000018
:10F8F00000000000000000001000000000000000F8
:10F9000000000000000000000000000000000000F7
:10F9100000000000000000000000000000000000E7
:10F9200000000000000000000000000000000000D7
:10F9300000000000000000000000000000000000C7
:10F9400000000000000000000000000000000000B7
:10F9500000000000000000000000000000000000A7
:10F960000000000000000000000000000000000097
:10F970000000000000000000000000000000000087
:10F980000000000000000000000000000000000077
:10F990000000000000000000000000000000000067
:10F9A0000000000000000000000013FC0000000048
:10F9B0000000000000000000000000000000000047
:10F9C0000000000000000000000000000000000037
:10F9D0000000000000000000000000000000000027
:10F9E0000000000000000000000000000000000017
:10F9F0000000000000000000000000000000000007
:10FA000000000000000000000000000000000000F6
:10FA100000000000000000000000000000000000E6
:10FA200000000000000000000000000000000000D6
:10FA300000000000000000000000000000000000C6
:10FA400000000000000000000000000000000000B6
:10FA500000000000000000000000000000000000A6
:10FA60000000000000000000000000000000000096
:10FA70000000000000000000000000000000000086
:10FA80000000000000000000000000000000000076
:10FA90000000000000000000000000000000000066
:10FAA0000000000000000000000000000000000056
:10FAB0000000000000000000000000000000000145
:10FAC00000000000000040000000000000000000F6
:10FAD0000000000000000000000000000000000026
:10FAE0000000000000000000000000000000000016
:10FAF0000000000000000000000000000000000006
:10FB000000000000000000000000000000000000F5
:10FB100000000000000000000000000000000000E5
:10FB200000000000000000000000000000000000D5
:10FB300000000000000000000000000000001DABFD
:10FB400000000000000000000000000000000000B5
:10FB500000000000000000000000000000000000A5
:10FB60000000000000000000000000000000000095
:10FB70000000000000000000000000000000000085
:10FB80000000000000000000000000000000000075
:10FB90000000000000000000000000000000000065
:10FBA0000000000000000000000000000000000055
:10FBB0000000000000000000000000000000000045
:10FBC0000000000000000020000000000000000015
:10FBD0000000000000000000000000000000000025
:10FBE0000000000000000000000000000000000015
:10FBF0000000000000000000000000000000000005
:10FC00000000000000000000300080010000000241
:10FC10002000000020000000200000002000000064
:10FC20002000000020000000200000002000000054
:10FC30002000000020000000200000002000000044
:10FC4000300140080000000000000000000000003B
:10FC500000000000000000000000000000000000A4
:10FC600000000000300020010040128F30014004ED
:10FC70000000000000000000000000000000000084
:10FC80003000800100000001200000003000200151
:10FC90000040128C200000003000412F00000000C6
:10FCA0000000000000000000000000000000000054
:10FCB00000000000100000000000000000008000B4
:10FCC0000000000000000000000000000000000034
:10FCD0000000000000000000000000000000000024
:10FCE0000000000000000000000000000000000014
:10FCF0000000000000000000000000000000000004
:10FD000000000000000000000000000000000000F3
:10FD100000000000000000000000000000000000E3
:10FD200000000000000000000000000000000000D3
:10FD300000000000000000000000000000000000C3
:10FD400000000000000000000000000000000000B3
:10FD500000000000000000000000000000000000A3
:10FD600000000000000007B30000000000000000D9
:10FD70000000000000000000000000000000000083
:10FD80000000000000000000000000000000000073
:10FD90000000000000000000000000000000000063
:10FDA0000000000000000000000000000000000053
:10FDB0000000000000000000000000000000000043
:10FDC0000000000000000000000000000000000033
:10FDD0000000000000000000000000000000000023
:10FDE0000000000000000000000000000000000013
:10FDF0000000000000000000000000000000000003
:10FE000000000000000000000000000000000000F2
:10FE100000000000000000000000000000000000E2
:10FE200000000000000000000000000000000000D2
:10FE300000000000000000000000000000000000C2
:10FE400000000000000000000000000000000000B2
:10FE500000000000000000000000000000000000A2
:10FE60000000000000000000000000000000000092
:10FE70000000000000000000000000000000000082
:10FE80000000000000000000000000000000000072
:10FE90000000000000000000000000000000000062
:10FEA0000000000000000000000000000000000052
:10FEB0000000000000000000000000000000000042
:10FEC0000000000000000000000000000000000032
:10FED0000000000000000000000000000000000022
:10FEE0000000000000000000000000000000000012
:10FEF000000000000000000000000E4B00000000A9
:10FF000000000000000000000000000000000000F1
:10FF100000000000000000000000000000000000E1
:10FF200000000000000000000000000000000000D1
:10FF300000000000000000000000000000000000C1
:10FF400000000000000000000000000000000000B1
:10FF500000000000000000000000000000000000A1
:10FF60000000000000000000000000000000000091
:10FF70000000000000000000000000000000000081
:10FF80000000000000000000000000000000080069
:10FF90000000000000000000000000000000000061
:10FFA0000000000000000000000000000000000051
:10FFB0000000000000000000000000000000000041
:10FFC0000000000000000000000000000000000031
:10FFD0000000000000000000000000000000000021
:10FFE0000000000000000000000000000000000011
:10FFF0000000000000000000000000000000000001
:020000040004F6
:1000000000000000000000000000000000000000F0
:1000100000000000000000000000000000000000E0
:1000200000000000000000000000000000000000D0
:1000300000000000000000000000000000000000C0
:1000400000000000000000000000000000000000B0
:1000500000000000000000000000000000000000A0
:100060000000000000000000000000000000000090
:100070000000000000000000000000000000000080
:100080000000000000000000000000000000000070
:100090000000000000000000000000000000000060
:1000A0000000000000000000000000000000000050
:1000B0000000000000000000000000000000000040
:1000C0000000000000000000000000000000000030
:1000D0000000000000000000000000000000000020
:1000E0000000000000000000000000000000000010
:1000F0000000000000000000000000000000000000
:1001000000000000000000000000000000000000EF
:1001100000000000000000000000000000000000DF
:1001200000000000000000000000000000000000CF
:1001300000000000000000000000000000000000BF
:1001400000000000000000000000000000000000AF
:1001500000000000000000003000800100000001ED
:10016000200000003000200100401290200000001C
:10017000300040CA00000000000000000000000045
:10018000000000000000000000000000000000006F
:10019000000000000000000000000000000000005F
:1001A000000000000000000000000000000000004F
:1001B000000000000000000000000000000000003F
:1001C000000000000000000000000000000000002F
:1001D000000000000000000000000000000000001F
:1001E000000000000000000000000000000000000F
:1001F00000000000000000000000000000000000FF
:1002000000000000000000000000000000000000EE
:1002100000000000000000000000000000000000DE
:1002200000000000000000000000000000000000CE
:1002300000000000000000000000000000001DD5CC
:1002400000000000000000000000000000000000AE
:10025000000000000000000000000000000000009E
:10026000000000000000000000000000000000008E
:10027000000000000000000000000000000000007E
:10028000000000000000000000000000000000006E
:10029000000000000000000000000000000000005E
:1002A000000000000000000000000000000000004E
:1002B000000000000000000000000000000000003E
:1002C000002000000000000000000000000000000E
:1002D000000000000000000000000000000000001E
:1002E000000000000000000000000000000000000E
:1002F00000000000000000000000000000000000FE
:1003000000000000000000000000000000000000ED
:1003100000000000000000000000000000000000DD
:1003200000000000000000000000000000000000CD
:1003300000000000000000000000000000000000BD
:1003400000000000000000000000000000000000AD
:10035000000000000000000000000000000000009D
:10036000000000000000000000000000000000008D
:10037000000000000000000000000000000000007D
:10038000000000000000000000000000000000006D
:10039000000000000000000000000000000000005D
:1003A000000000000000000000000000000000004D
:1003B000000000000000000000000000000000003D
:1003C000000000000000000000000000000000002D
:1003D000000000000000000000000000000000001D
:1003E000000000000000000000000000000000000D
:1003F00000000000000000000000000000000000FD
:1004000000000000000000000000000000000000EC
:1004100000000000000000000000000000000000DC
:1004200000000000000000000000000000000000CC
:1004300000000000000000000000000000000000BC
:1004400000000000000000000000000000000000AC
:10045000000000000000000000000000000000009C
:10046000000000000000000000000000000000008C
:10047000000000000000000000000000000000007C
:10048000000000000000000000000000000000006C
:1004900000000000000000000000000030008001AB
:1004A00000000001200000003000200100401292F6
:1004B000200000003000412F00000000000000007C
:1004C000000000000000000000000000000000002C
:1004D000000000000000000000000000000000001C
:1004E000000000000000000000000000000000000C
:1004F00000000000000000000000000000000000FC
:1005000000000000000000000000000000000000EB
:1005100000000000000000000000000000000000DB
:1005200000000000000000000000000000000000CB
:1005300000000000000000000000000000000000BB
:1005400000000000000000000000000000000000AB
:10055000000000000000000000000000000000009B
:10056000000000000000000000000000000000008B
:10057000000000000000000000000000000000007B
:1005800000000180000000000000000000000000EA
:10059000000000000000000000000000000000005B
:1005A000000000000000000000000000000000004B
:1005B000000000000000000000000000000000003B
:1005C000000000000000000000000000000000002B
:1005D000000000000000000000000000000000001B
:1005E000000000000000000000000000000000000B
:1005F00000000000000000000000000000000000FB
:1006000000000000000000000000000000100000DA
:1006100000000000000000000000000000000000DA
:1006200000000000000000000000000000000000CA
:1006300000000000000000000000000000100000AA
:1006400000000000000000000000000000000000AA
:10065000000000000000000000000000000000009A
:10066000000000000000000000000000000000008A
:10067000000000000000000000000000000000007A
:10068000000000000000000000000000000000006A
:10069000000000000000000000000000000000005A
:1006A000000000000000000000000000000000004A
:1006B000000000000000000000000000000000003A
:1006C000000000000000000000000000000000002A
:1006D000000000000000000000000000000000001A
:1006E000000000000000000000000000000000000A
:1006F00000000000000000000000000000000000FA
:1007000000000000000000000000000000000000E9
:100710000000000000000F94000000000000000036
:1007200000000000000000000000000000000000C9
:1007300000000000000000000000000000000000B9
:1007400000000000000000000000000000000000A9
:100750000000000000000000000000000000000099
:100760000000000000000000000000000000000089
:100770000000000000000000000000000000000079
:100780000000000000000000000000000000000069
:100790000000000000000000000000000000000059
:1007A0000000000000000000001000000000000039
:1007B0000010000000000000000000000000000029
:1007C0000000000000000000001000000000000019
:1007D0000000000000000000000000000000000019
:1007E0000000000000000000000000000000000009
:1007F00000000000000000000000000000000000F9
:1008000000000000000000000000000000000000E8
:1008100000000000000000000000000000000000D8
:1008200000000000000000000000000000000000C8
:1008300000000000000000000000000000000000B8
:1008400000000000000000000000000000000000A8
:100850000000000000000000000000000000000098
:100860000000000000000000000000000000000088
:100870000000000000000000000000000000000078
:100880000000000000000000000000000000000068
:100890000000000000000000000000000000000058
:1008A0000000000000000000000000000000000048
:1008B0000000000000000000000000000000000038
:1008C0000000000000000000000000000000000028
:1008D0000000000000000000000000000000000018
:1008E0000000000000000000000000000000000008
:1008F00000000000000000000000000000000000F8
:1009000000000000000000000000000000000000E7
:1009100000000000000000000000000000000000D7
:1009200000000000000000000000000000000000C7
:1009300000000000000000000000000000000000B7
:1009400000000000000000000000000000000000A7
:100950000000000000000000000000000000000097
:100960000000000000000000000000000000000087
:1009700000000000300080010000000120000000A5
:10098000300020010040129620000000300041F9A4
:100990000000000000000000000000000000000057
:1009A0000000000000000000000000000000000047
:1009B0000000000000000000000000000000000037
:1009C0000000000000000000000000000000000027
:1009D0000000000000000000000000000000000017
:1009E0000000000000000000000000000000000007
:1009F00000000000000000000000000000000000F7
:100A000000000000000000000000000000000000E6
:100A100000000000000000000000000000000000D6
:100A200000000000000000000000000000000000C6
:100A300000000000000000000000000000000000B6
:100A400000000000000000000000000000000000A6
:100A5000000000000000000000000C150000000075
:100A60000000000000000000000000000000000086
:100A70000000000000000000000000000000000076
:100A80000000000000000000000000000000000066
:100A90000000000000000000000000000000000056
:100AA0000000000000000000000000000000000046
:100AB0000000000000000000000000000000000036
:100AC0000000000000000000000000000000000026
:100AD00000000000000000000000000000200000F6
:100AE0000000000000000000000000000000000006
:100AF00000000000002000000000000000000000D6
:100B000000000000000000000000000000200000C5
:100B100000000000000000000000000000000000D5
:100B200000000000000000000000000000000000C5
:100B300000000000000000000000000000000000B5
:100B400000000000000000000000000000000000A5
:100B50000000000000000000000000000000000095
:100B60000000000000000000000000000000000085
:100B70000000000000000000000000000000000075
:100B80000000000000000000000000000000000065
:100B90000000000000000000000000000000000055
:100BA0000000000000000000000000000000000045
:100BB0000000000000000000000000000000000035
:100BC0000000000000000000000000000000000025
:100BD0000000000000000000000000000000000015
:100BE00000000000000000000000000000000E55A2
:100BF00000000000000000000000000000000000F5
:100C000000000000000000000000000000000000E4
:100C100000000000000000000000000000000000D4
:100C200000000000000000000000000000000000C4
:100C300000000000000000000000000000000000B4
:100C400000000000000000000000000000000000A4
:100C50000000000000000000000000000000000094
:100C60000000000000000000000000000000000084
:100C70000000000000000000000000000000000074
:100C80000020000000000000000000000000000044
:100C90000000000000000000000000000000000054
:100CA0000000000000000000000000000000000044
:100CB0000000000000000000000000000000000034
:100CC0000000000000000000000000000000000024
:100CD0000000000000000000000000000000000014
:100CE0000000000000000000000000000000000004
:100CF00000000000000000000000000000000000F4
:100D000000000000000000000000000000000000E3
:100D100000000000000000000000000000000000D3
:100D200000000000000000000000000000000000C3
:100D300000000000000000000000000000000000B3
:100D400000000000000000000000000000000000A3
:100D50000000000000000000000000000000000093
:100D60000000000000000000000000000000000083
:100D70000000000000000000000000000000000073
:100D8000000003C0000000000000000000000000A0
:100D90000000000000000000000000000000000053
:100DA0000000000000000000000000000000000043
:100DB0000000000000000000000000000000000033
:100DC0000000000000000000000000000000000023
:100DD0000000000000000000000000000000000013
:100DE0000000000000000000000000000000000003
:100DF00000000000000000000000000000000000F3
:100E000000000000002000000000000000200000A2
:100E10000000000000200000000000000020000092
:100E200000000000000000000000000000000000C2
:100E30000000000000200000000000000020000072
:100E400000000000000000000000000000000000A2
:100E50000000000000000000000000000000000092
:100E60000000000000000000000000000000000082
:100E70000000000000000000000000000000000072
:100E80000000000000000000000000000000000062
:100E90000000000000000000000000000000000052
:100EA0000000000000000000000000000000000042
:100EB0000000000000000000000000000000000032
:100EC0000000000000000000000000000000000022
:100ED0000000000000000000000000000000000012
:100EE0000000000000000000000000000000000002
:100EF00000000000000000000000000000000000F2
:100F000000000000000000000000000000000000E1
:100F1000000000000000024000000000000000008F
:100F200000000000000000000000000000000000C1
:100F300000000000000000000000000000000000B1
:100F400000000000000000000000000000000000A1
:100F50000000000000000000000000000000000091
:100F60000000000000000000000000000000000081
:100F70000000000000000000000000000000000071
:100F80000000000000000000000000000000000061
:100F90000000000000000000002000000000000031
:100FA0000000000000000000002000000000000021
:100FB0000020000000000000000000000000000011
:100FC0000000000000000000002000000000000001
:100FD0000000000000000000000000000000000011
:100FE0000000000000000000000000000000000001
:100FF00000000000000000000000000000000000F1
:1010000000000000000000000000000000000000E0
:1010100000000000000000000000000000000000D0
:1010200000000000000000000000000000000000C0
:1010300000000000000000000000000000000000B0
:1010400000000000000000000000000000000000A0
:101050000000000000000000000000000000000090
:101060000000000000000000000000000000000080
:101070000000000000000000000000000000000070
:101080000000000000000000000000000000000060
:101090000000000000000000000000000000000050
:1010A0000000000000000000000000000000000040
:1010B0000000000000000000000000000000000030
:1010C0000000000000000000000000000000000020
:1010D0000000000000000000000000000000000010
:1010E0000000000000000000000000000000000000
:1010F00000000000000000000000000000000000F0
:1011000000000000000000000000000000000000DF
:1011100000000000000000000000000000000000CF
:1011200000000000000000000000000000000000BF
:1011300000000000000000000000000000000000AF
:10114000000000000000000000000000000000009F
:10115000000000000000000000000000000000008F
:10116000000000000000000000000000000000007F
:10117000000000003000800100000001200000009D
:10118000300020010040129C20000000300042C3CB
:10119000000000000000000000000000000000004F
:1011A000000000000000000000000000000000003F
:1011B000000000000000000000040000000000002B
:1011C000000000000000000000040000000000001B
:1011D000000000000000000000040000000000000B
:1011E00000000000000000000004000000000000FB
:1011F00000000000000000000004000000000000EB
:1012000000000000000000000000000000000000DE
:1012100000000000000000000000000000000000CE
:1012200000000000000000000000000000000000BE
:1012300000000000000000000000000000000000AE
:10124000000000000000000000000000000000009E
:1012500000000000000000000000149200000000E8
:10126000000000000000000000000000000000007E
:10127000000000000000000000000000000000006E
:10128000000000000000000000000000000000005E
:10129000000000000000000000000000000000004E
:1012A000000000000000000000000000000000003E
:1012B000000000000000000000000000000000002E
:1012C000000000000000000000000000000000001E
:1012D000000000000000000000000000000000000E
:1012E00000000000000000000000000000000000FE
:1012F00000000000000000000000000000000000EE
:1013000000000000000000000000000000000000DD
:1013100000000000000000000000000000000000CD
:1013200000000000000000000000000000000000BD
:1013300000000000000000000000000000000000AD
:10134000000000000000000000000000000000009D
:10135000000000000000000000002000000000006D
:10136000000000000000000000002000000000005D
:10137000000000000000000000002000000000004D
:10138000000000000000000000002000000000003D
:10139000000000000000000000000000000000004D
:1013A000000000000000000000000000000000003D
:1013B000000000000000000000000000000000002D
:1013C000000000000000000000000000000000001D
:1013D000000000000000000000000000000000000D
:1013E00000000000000000000000000000000D2DC3
:1013F00000000000000000000000000000000000ED
:1014000000000000000000000000000000000000DC
:1014100000000000000000000000000000000000CC
:1014200000000000000000000000000000000000BC
:1014300000000000000000000000000000000000AC
:10144000000000000000000000000000000000009C
:10145000000000000000000000000000000000008C
:10146000000000000000000000000000000000007C
:10147000000000000000000000000000000000006C
:10148000000000000000000000000000000000005C
:10149000000000000000000000000000000020002C
:1014A000000000000000000000000000000000003C
:1014B000000000000000000000000000000000002C
:1014C000000000000000000000000000000000001C
:1014D000000000000000000000000000000000000C
:1014E00000000000000000000000000000000000FC
:1014F00000000000000000000000000000000000EC
:1015000000000000000000000000000000000000DB
:1015100000000000000000000000000000000000CB
:1015200000000000000000000000000000000000BB
:1015300000000000000000000000000000000000AB
:10154000000000000000000000000000000000009B
:10155000000000000000000000000000000000008B
:10156000000000000000000000000000000000007B
:10157000000000000000000000000000000000006B
:1015800000000CE900000000000000000000000066
:10159000000000000000000000000000000000004B
:1015A000000000000000000000000000000000003B
:1015B000000000000000000000000000000000002B
:1015C000000000000000000000000000000000001B
:1015D000000000000000000000000000000000000B
:1015E00000000000000000000000000000000000FB
:1015F00000000000000000000000000000000000EB
:1016000000000000000000000000020000000000D8
:1016100000000000000000000000020000000000C8
:1016200000000000000000000000000000000000BA
:1016300000000000000000000000020000000000A8
:10164000000000000000000000000000000000009A
:10165000000000000000000000000000000000008A
:10166000000000000000000000000000000000007A
:10167000000000000000000000000000000000006A
:10168000000000000000000000000000000000005A
:10169000000000000000000000000000000000004A
:1016A000000000000000000000000000000000003A
:1016B000000000000000000000000000000000002A
:1016C000000000000000000000000000000000001A
:1016D000000000000000000000000000000000000A
:1016E00000000000000000000000000000000000FA
:1016F00000000000000000000000000000000000EA
:1017000000000000000000000000000000000000D9
:101710000000000000000F160000000000000000A4
:1017200000000000000000000000000000000000B9
:1017300000000000000000000000000000000000A9
:101740000000000000000000000000000000000099
:101750000000000000000000000000000000000089
:101760000000000000000000000000000000000079
:101770000000000000000000000000000000000069
:101780000000000000000000000000000000000059
:101790000000000000000000000000000000000049
:1017A00000400000000000000000000000000000F9
:1017B00000400000000000000000000000000000E9
:1017C0000000000000000000000000000000000019
:1017D00000400000000000000000000000000000C9
:1017E00000000000000000000000000000000000F9
:1017F00000000000000000000000000000000000E9
:1018000000000000000000000000000000000000D8
:1018100000000000000000000000000000000000C8
:1018200000000000000000000000000000000000B8
:1018300000000000000000000000000000000000A8
:101840000000000000000000000000000000000098
:101850000000000000000000000000000000000088
:101860000000000000000000000000000000000078
:101870000000000000000000000000000000000068
:101880000000000000000000000000000000000058
:101890000000000000000000000000000000000048
:1018A0000000000000000000000003D20000000063
:1018B0000000000000000000000000000000000028
:1018C0000000000000000000000000000000000018
:1018D0000000000000000000000000000000000008
:1018E00000000000000000000000000000000000F8
:1018F00000000000000000000000000000000000E8
:1019000000000000000000000000000000000000D7
:1019100000000000000000000000000000000000C7
:1019200000000000000000000000000000010000B6
:1019300000000000000000040000000000010000A2
:101940000000000000000004000000000000000093
:101950000000000000000000000000000001000086
:101960000000000000000004000000000000000073
:101970000000000000000000000000000000000067
:101980000000000000000000000000000000000057
:101990000000000000000000000000000000000047
:1019A0000000000000000000000000000000000037
:1019B0000000000000000000000000000000000027
:1019C0000000000000000000000000000000000017
:1019D0000000000000000000000000000000000007
:1019E00000000000000000000000000000000000F7
:1019F00000000000000000000000000000000000E7
:101A000000000000000000000000000000000000D6
:101A100000000000000000000000000000000000C6
:101A200000000000000000000000000000000000B6
:101A3000000000000000000000000000000003D2D1
:101A40000000000000000000000000000000000096
:101A50000000000000000000000000000000000086
:101A60000000000000000000000000000000000076
:101A70000000000000000000000000000000000066
:101A80000000000000000000000000000000000056
:101A90000000000000000000000000000000000046
:101AA0000000000000000000000000000000000036
:101AB0000000000000000000000000000000000026
:101AC0000000000020000000000000000000800076
:101AD0000000000020000000000000000000800066
:101AE00000000000000000000000000000000000F6
:101AF0000000000020000000000000000000800046
:101B000000000000000000000000000000000000D5
:101B100000000000000000000000000000000000C5
:101B200000000000000000000000000000000000B5
:101B300000000000000000000000000000000000A5
:101B40000000000000000000000000000000000095
:101B50000000000000000000000000000000000085
:101B60000000000000000000000000000000000075
:101B70000000000000000000000000000000000065
:101B80000000000000000000000000000000000055
:101B90000000000000000000000000000000000045
:101BA0000000000000000000000000000000000035
:101BB0000000000000000000000000000000000025
:101BC0000000000000000000000000000000000015
:101BD0000000000000000000000000000000000005
:101BE00000000000000000000000000000000000F5
:101BF00000000000000000000000000000000000E5
:101C000000000000000000000000000000000000D4
:101C100000000000000000000000000000000000C4
:101C200000000000000000000000000000000000B4
:101C300000000000000000000000000000000000A4
:101C40000000000000000000000000000000000094
:101C50000000000000000000000000000000000084
:101C60000000000000000000000000000000000074
:101C70000000000000000000000000000000000064
:101C80000000000000000000000000000000000054
:101C90000000000000000000000000003000800193
:101CA000000000012000000030002001004012A6CA
:101CB000200000003000412F000000000000000064
:101CC0000000000000000000000000000000000014
:101CD0000000000000000000000000000000000004
:101CE00000004104000005004040000000400000EA
:101CF00000004104000005004040000000400000DA
:101D000000004104000005004040000000400000C9
:101D100000004104000005004040000000400000B9
:101D20000000410400000500000000000000000069
:101D300000000000000000000000000000000000A3
:101D40000000000000000000000000000000000093
:101D50000000000000000000000000000000000083
:101D60000000000000000000000000000000000073
:101D70000000000000000000000000000000000063
:101D800000001A64000000000000000000000000D5
:101D90000000000000000000000000000000000043
:101DA0000000000000000000000000000000000033
:101DB0000000000000000000000000000000000023
:101DC0000000000000000000000000000000000013
:101DD0000000000000000000000000000000000003
:101DE00000000000000000000000000000000000F3
:101DF00000000000000000000000000000000000E3
:101E00000000000000440005400000004000000108
:101E10004000440000440005400000004000000174
:101E200040004400000000000000000040400000AE
:101E30000040000000440005400000004000000198
:101E4000400044000000000000000000000000000E
:101E50000000000000000000000000000000000082
:101E60000000000000000000000000000000000072
:101E700000000000000002000000020200A00000BC
:101E800020820000000002000000020200A000000A
:101E900020820000000002000000020200A00000FA
:101EA00020820000000002000000020200A00000EA
:101EB000208200000000020000000202000000007A
:101EC0000000000000000000000000000000000012
:101ED0000000000000000000000000000000000002
:101EE00000000000000000000000000000000000F2
:101EF00000000000000000000000000000000000E2
:101F000000000000000000000000000000000000D1
:101F10000000000000001A64000000000000000043
:101F200000000000000000000000000000000000B1
:101F300000000000000000000000000000000000A1
:101F40000000000000000000000000000000000091
:101F50000000000000000000000000000000000081
:101F60000000000000000000000000000000000071
:101F70000000000000000000000000000000000061
:101F80000000000000000000000000000000000051
:101F9000000000000000000000220002800000029B
:101FA00000000002A00022000022000280000002C7
:101FB00000000002A000220000000000000000005D
:101FC00000A0000020820000002200028000000229
:101FD00000000002A000220000000000000000003D
:101FE00000000000000000000000000000000000F1
:101FF00000000000000000000000000000000000E1
:1020000000000000000000000000000000000000D0
:1020100000000000000000000000000000000000C0
:1020200000000000000000000000000000000000B0
:1020300000000000000000000000000000000000A0
:102040000000000000000000000000000000000090
:102050000000000000000000000000000000000080
:102060000000000000000000000000000000000070
:102070000000000000000000000000000000000060
:102080000000000000000000000000000000000050
:102090000000000000000000000000000000000040
:1020A0000000000000000000000000000000000030
:1020B0000000000000000000000000000000000020
:1020C0000000000000000000000000000000000010
:1020D0000000000000000000000000000000000000
:1020E00000000000000000000000000000000000F0
:1020F00000000000000000000000000000000000E0
:1021000000000000000000000000000000000000CF
:1021100000000000000000000000000000000000BF
:1021200000000000000000000000000000000000AF
:10213000000000000000000000000000000000009F
:10214000000000000000000000000000000000008F
:10215000000000000000000000000000000000007F
:10216000000000000000000000000000000000006F
:10217000000000003000800100000001200000008D
:102180003000200100800000200000003000406589
:10219000000000000000000000000000000000003F
:1021A000000000000000000000000000000000002F
:1021B000000000000000000000000000000000001F
:1021C000000000000000000000000000000000000F
:1021D00000000000000000000000000000000000FF
:1021E00000000000000000000000000000000000EF
:1021F00000000000000000000000000000000000DF
:1022000000000000000000000000000000000000CE
:1022100000000000000000000000000000000000BE
:1022200000000000000000000000000000000000AE
:10223000000000000000000000000000000000009E
:10224000000000000000000000000000000000008E
:10225000000000000000000000000000000000007E
:10226000000000000000000000000000000000006E
:10227000000000000000000000000000000000005E
:10228000000000000000000000000000000000004E
:10229000000000000000000000000000000000003E
:1022A000000000000000000000000000000000002E
:1022B000000000000000000000000000000000001E
:1022C000000000000000000000000000000000000E
:1022D00000000000000000000000000000000000FE
:1022E00000000000000000000000000000000000EE
:1022F00000000000000000000000000000000000DE
:1023000000000000000000000000000000000000CD
:1023100000000000000000000000000000000000BD
:1023200000000000300080010000000220000000DA
:10233000200000002000000020000000200000001D
:10234000200000002000000020000000200000000D
:1023500020000000200000002000000030014008A4
:10236000000000000000000000000000000000006D
:10237000000000000000000000000000000000005D
:10238000200000002000000030002001008000013B
:1023900030014004000000000000000000000000C8
:1023A000000000002000000020000000300020019C
:1023B0000080000230014004000000000000000026
:1023C00000000000000000002000000020000000CD
:1023D00030002001008000033001400400000000B4
:1023E00000000000000000000000000020000000CD
:1023F0002000000030002001008000043001400473
:1024000000000000000000000000000000000000CC
:1024100020000000200000003000200100800005A6
:102420003001400400000000000000000000000037
:10243000000000002000000020000000300020010B
:102440000080000630014004000000000000000091
:10245000000000000000000020000000200000003C
:10246000300020010080000730014004000000001F
:10247000000000000000000000000000200000003C
:1024800020000000300020010080000830014004DE
:10249000000000000000000000000000000000003C
:1024A0002000000020000000300020010080000912
:1024B00030014004000000000000000000000000A7
:1024C000000000002000000020000000300020017B
:1024D0000080000A300140040000000000000000FD
:1024E00000000000000000002000000020000000AC
:1024F000300020010080000B30014004000000008B
:1025000000000000000000000000000020000000AB
:1025100020000000300020010080000C3001400449
:1025200000000000000000000000000000000000AB
:102530002000000020000000300020010080000D7D
:102540003001400400000000000000000000000016
:1025500000000000200000002000000030002001EA
:102560000080000E30014004000000000000000068
:10257000000000000000000020000000200000001B
:10258000300020010080000F3001400400000000F6
:10259000000000000000000000000000200000001B
:1025A00020000000300020010080001030014004B5
:1025B000000000000000000000000000000000001B
:1025C00020000000200000003000200100800011E9
:1025D0003001400400000000000000000000000086
:1025E000000000002000000020000000300020015A
:1025F00000800012300140040000000000000000D4
:10260000000000000000000020000000200000008A
:102610003000200100800013300140040000000061
:10262000000000000000000000000000200000008A
:102630002000000030002001008000143001400420
:10264000000000000000000000000000000000008A
:102650002000000020000000300020010080001554
:1026600030014004000000000000000000000000F5
:1026700000000000200000002000000030002001C9
:10268000008000163001400400000000000000003F
:1026900000000000000000002000000020000000FA
:1026A00030002001008000173001400400000000CD
:1026B00000000000000000000000000020000000FA
:1026C000200000003000200100800018300140048C
:1026D00000000000000000000000000000000000FA
:1026E00020000000200000003000200100800019C0
:1026F0003001400400000000000000000000000065
:102700000000000020000000200000003000200138
:102710000080001A300140040000000000000000AA
:102720000000000000000000200000002000000069
:10273000300020010080001B300140040000000038
:102740000000000000000000000000002000000069
:1027500020000000300020010080001C30014004F7
:102760000000000000000000000000000000000069
:102770002000000020000000300020010080001D2B
:1027800030014004000000000000000000000000D4
:1027900000000000200000002000000030002001A8
:1027A0000080001E30014004000000000000000016
:1027B00000000000000000002000000020000000D9
:1027C000300020010080001F3001400400000000A4
:1027D00000000000000000000000000020000000D9
:1027E0002000000030002001008000203001400463
:1027F00000000000000000000000000000000000D9
:102800002000000020000000300020010080002196
:102810003001400400000000000000000000000043
:102820000000000020000000200000003000200117
:102830000080002230014004000000000000000081
:102840000000000000000000200000002000000048
:10285000300020010080002330014004000000000F
:102860000000000000000000000000002000000048
:1028700020000000300020010080002430014004CE
:102880000000000000000000000000000000000048
:102890002000000020000000300020010080002502
:1028A00030014004000000000000000000000000B3
:1028B0000000000020000000200000003000200187
:1028C00000800026300140040000000000000000ED
:1028D00000000000000000002000000020000000B8
:1028E000300020010080002730014004000000007B
:1028F00000000000000000000000000020000000B8
:102900002000000030002001008000283001400439
:1029100000000000000000000000000000000000B7
:10292000200000002000000030002001008000296D
:102930003001400400000000000000000000000022
:1029400000000000200000002000000030002001F6
:102950000080002A30014004000000000000000058
:102960000000000000000000200000002000000027
:10297000300020010080002B3001400400000000E6
:102980000000000000000000000000002000000027
:1029900020000000300020010080002C30014004A5
:1029A0000000000000000000000000000000000027
:1029B0002000000020000000300020010080002DD9
:1029C0003001400400000000000000000000000092
:1029D0000000000020000000200000003000200166
:1029E0000080002E300140040000000000000000C4
:1029F0000000000000000000200000002000000097
:102A0000300020010080002F300140040000000051
:102A10000000000000000000000000002000000096
:102A20002000000030002001008000303001400410
:102A30000000000000000000000000000000000096
:102A40002000000020000000300020010080003144
:102A50003001400400000000000000000000000001
:102A600000000000200000002000000030002001D5
:102A7000008000323001400400000000000000002F
:102A80000000000000000000200000002000000006
:102A900030002001008000333001400400000000BD
:102AA0000000000000000000000000002000000006
:102AB000200000003000200100800034300140047C
:102AC0000000000000000000000000000000000006
:102AD00020000000200000003000200100800035B0
:102AE0003001400400000000000000000000000071
:102AF0000000000020000000200000003000200145
:102B0000008000363001400400000000000000009A
:102B10000000000000000000200000002000000075
:102B20003000200100800037300140040000000028
:102B30000000000000000000000000002000000075
:102B400020000000300020010080003830014004E7
:102B50000000000000000000000000000000000075
:102B6000200000002000000030002001008000391B
:102B700030014004000000000000000000000000E0
:102B800000000000200000002000000030002001B4
:102B90000080003A30014004000000000000000006
:102BA00000000000000000002000000020000000E5
:102BB000300020010080003B300140040000000094
:102BC00000000000000000000000000020000000E5
:102BD00020000000300020010080003C3001400453
:102BE00000000000000000000000000000000000E5
:102BF0002000000020000000300020010080003D87
:102C0000300140040000000000000000000000004F
:102C10000000000020000000200000003000200123
:102C20000080003E30014004000000000000000071
:102C30000000000000000000200000002000000054
:102C4000300020010080003F3001400400000000FF
:102C50000000000000000000000000002000000054
:102C600020000000300020010080004030014004BE
:102C70000000000000000000000000000000000054
:102C800020000000200000003000200100800041F2
:102C900030014004000000000000000000000000BF
:102CA0000000000020000000200000003000200193
:102CB00000800042300140040000000000000000DD
:102CC00000000000000000002000000020000000C4
:102CD000300020010080004330014004000000006B
:102CE00000000000000000000000000020000000C4
:102CF000200000003000200100800044300140042A
:102D000000000000000000000000000000000000C3
:102D1000200000002000000030002001008000455D
:102D2000300140040000000000000000000000002E
:102D30000000000020000000200000003000200102
:102D40000080004630014004000000000000000048
:102D50000000000000000000200000002000000033
:102D600030002001008000473001400400000000D6
:102D70000000000000000000000000002000000033
:102D80002000000030002001008000483001400495
:102D90000000000000000000000000000000000033
:102DA00020000000200000003000200100800049C9
:102DB000300140040000000000000000000000009E
:102DC0000000000020000000200000003000200172
:102DD0000080004A300140040000000000000000B4
:102DE00000000000000000002000000020000000A3
:102DF000300020010080004B300140040000000042
:102E000000000000000000000000000020000000A2
:102E100020000000300020010080004C3001400400
:102E200000000000000000000000000000000000A2
:102E30002000000020000000300020010080004D34
:102E4000300140040000000000000000000000000D
:102E500000000000200000002000000030002001E1
:102E60000080004E3001400400000000000000001F
:102E70000000000000000000200000002000000012
:102E8000300020010080004F3001400400000000AD
:102E90000000000000000000000000002000000012
:102EA000200000003000200100800050300140046C
:102EB0000000000000000000000000000000000012
:102EC00020000000200000003000200100800051A0
:102ED000300140040000000000000000000000007D
:102EE0000000000020000000200000003000200151
:102EF000008000523001400400000000000000008B
:102F00000000000000000000200000002000000081
:102F10003000200100800053300140040000000018
:102F20000000000000000000000000002000000081
:102F300020000000300020010080005430014004D7
:102F40000000000000000000000000000000000081
:102F5000200000002000000030002001008000550B
:102F600030014004000000000000000000000000EC
:102F700000000000200000002000000030002001C0
:102F800000800056300140040000000000000000F6
:102F900000000000000000002000000020000000F1
:102FA0003000200100800057300140040000000084
:102FB00000000000000000000000000020000000F1
:102FC0002000000030002001008000583001400443
:102FD00000000000000000000000000000000000F1
:102FE0002000000020000000300020010080005977
:102FF000300140040000000000000000000000005C
:10300000000000002000000020000000300020012F
:103010000080005A30014004000000000000000061
:103020000000000000000000200000002000000060
:10303000300020010080005B3001400400000000EF
:103040000000000000000000000000002000000060
:1030500020000000300020010080005C30014004AE
:103060000000000000000000000000000000000060
:103070002000000020000000300020010080005DE2
:1030800030014004000000000000000000000000CB
:10309000000000002000000020000000300020019F
:1030A0000080005E300140040000000000000000CD
:1030B00000000000000000002000000020000000D0
:1030C000300020010080005F30014004000000005B
:1030D00000000000000000000000000020000000D0
:1030E000200000003000200100800060300140041A
:1030F00000000000000000000000000000000000D0
:10310000200000002000000030002001008000614D
:10311000300140040000000000000000000000003A
:10312000000000002000000020000000300020010E
:103130000080006230014004000000000000000038
:10314000000000000000000020000000200000003F
:1031500030002001008000633001400400000000C6
:10316000000000000000000000000000200000003F
:103170002000000030002001008000643001400485
:10318000000000000000000000000000000000003F
:1031900020000000200000003000200100800065B9
:1031A00030014004000000000000000000000000AA
:1031B000000000002000000020000000300020017E
:1031C00000800066300140040000000000000000A4
:1031D00000000000000000002000000020000000AF
:1031E0003000200100800067300140040000000032
:1031F00000000000000000000000000020000000AF
:1032000020000000300020010080006830014004F0
:1032100000000000000000000000000000000000AE
:103220002000000020000000300020010080006924
:103230003001400400000000000000000000000019
:1032400000000000200000002000000030002001ED
:103250000080006A3001400400000000000000000F
:10326000000000000000000020000000200000001E
:10327000300020010080006B30014004000000009D
:10328000000000000000000000000000200000001E
:1032900020000000300020010080006C300140045C
:1032A000000000000000000000000000000000001E
:1032B0002000000020000000300020010080006D90
:1032C0003001400400000000000000000000000089
:1032D000000000002000000020000000300020015D
:1032E0000080006E3001400400000000000000007B
:1032F000000000000000000020000000200000008E
:10330000300020010080006F300140040000000008
:10331000000000000000000000000000200000008D
:1033200020000000300020010080007030014004C7
:10333000000000000000000000000000000000008D
:1033400020000000200000003000200100800071FB
:1033500030014004000000000000000000000000F8
:1033600000000000200000002000000030002001CC
:1033700000800072300140040000000000000000E6
:1033800000000000000000002000000020000000FD
:103390003000200100800073300140040000000074
:1033A00000000000000000000000000020000000FD
:1033B0002000000030002001008000743001400433
:1033C00000000000000000000000000000000000FD
:1033D0002000000020000000300020010080007567
:1033E0003001400400000000000000000000000068
:1033F000000000002000000020000000300020013C
:103400000080007630014004000000000000000051
:10341000000000000000000020000000200000006C
:1034200030002001008000773001400400000000DF
:10343000000000000000000000000000200000006C
:10344000200000003000200100800078300140049E
:10345000000000000000000000000000000000006C
:1034600020000000200000003000200100800079D2
:1034700030014004000000000000000000000000D7
:1034800000000000200000002000000030002001AB
:103490000080007A300140040000000000000000BD
:1034A00000000000000000002000000020000000DC
:1034B000300020010080007B30014004000000004B
:1034C00000000000000000000000000020000000DC
:1034D00020000000300020010080007C300140040A
:1034E00000000000000000000000000000000000DC
:1034F0002000000020000000300020010080007D3E
:103500003001400400000000000000000000000046
:10351000000000002000000020000000300020011A
:103520000080007E30014004000000000000000028
:10353000000000000000000020000000200000004B
:10354000300020010080007F3001400400000000B6
:10355000000000000000000000000000200000004B
:103560002000000030002001008000803001400475
:10357000000000000000000000000000000000004B
:1035800020000000200000003000200100800081A9
:1035900030014004000000000000000000000000B6
:1035A000000000002000000020000000300020018A
:1035B0000080008230014004000000000000000094
:1035C00000000000000000002000000020000000BB
:1035D0003000200100800083300140040000000022
:1035E00000000000000000000000000020000000BB
:1035F00020000000300020010080008430014004E1
:1036000000000000000000000000000000000000BA
:103610002000000020000000300020010080008514
:103620003001400400000000000000000000000025
:1036300000000000200000002000000030002001F9
:1036400000800086300140040000000000000000FF
:10365000000000000000000020000000200000002A
:10366000300020010080008730014004000000008D
:10367000000000000000000000000000200000002A
:10368000200000003000200100800088300140044C
:10369000000000000000000000000000000000002A
:1036A0002000000020000000300020010080008980
:1036B0003001400400000000000000000000000095
:1036C0000000000020000000200000003000200169
:1036D0000080008A3001400400000000000000006B
:1036E000000000000000000020000000200000009A
:1036F000300020010080008B3001400400000000F9
:103700000000000000000000000000002000000099
:1037100020000000300020010080008C30014004B7
:103720000000000000000000000000000000000099
:103730002000000020000000300020010080008DEB
:103740003001400400000000000000000000000004
:1037500000000000200000002000000030002001D8
:103760000080008E300140040000000000000000D6
:103770000000000000000000200000002000000009
:10378000300020010080008F300140040000000064
:103790000000000000000000000000002000000009
:1037A0002000000030002001008000903001400423
:1037B0000000000000000000000000000000000009
:1037C0002000000020000000300020010080009157
:1037D0003001400400000000000000000000000074
:1037E0000000000020000000200000003000200148
:1037F0000080009230014004000000000000000042
:103800000000000000000000200000002000000078
:1038100030002001008000933001400400000000CF
:103820000000000000000000000000002000000078
:10383000200000003000200100800094300140048E
:103840000000000000000000000000000000000078
:1038500020000000200000003000200100800095C2
:1038600030014004000000000000000000000000E3
:1038700000000000200000002000000030002001B7
:1038800000800096300140040000000000000000AD
:1038900000000000000000002000000020000000E8
:1038A000300020010080009730014004000000003B
:1038B00000000000000000000000000020000000E8
:1038C00020000000300020010080009830014004FA
:1038D00000000000000000000000000000000000E8
:1038E000200000002000000030002001008000992E
:1038F0003001400400000000000000000000000053
:103900000000000020000000200000003000200126
:103910000080009A30014004000000000000000018
:103920000000000000000000200000002000000057
:10393000300020010080009B3001400400000000A6
:103940000000000000000000000000002000000057
:1039500020000000300020010080009C3001400465
:103960000000000000000000000000000000000057
:103970002000000020000000300020010080009D99
:1039800030014004000000000000000000000000C2
:103990000000000020000000200000003000200196
:1039A0000080009E30014004000000000000000084
:1039B00000000000000000002000000020000000C7
:1039C000300020010080009F300140040000000012
:1039D00000000000000000000000000020000000C7
:1039E0002000000030002001008000A030014004D1
:1039F00000000000000000000000000000000000C7
:103A0000200000002000000030002001008000A104
:103A10003001400400000000000000000000000031
:103A20000000000020000000200000003000200105
:103A3000008000A2300140040000000000000000EF
:103A40000000000000000000200000002000000036
:103A500030002001008000A330014004000000007D
:103A60000000000000000000000000002000000036
:103A70002000000030002001008000A4300140043C
:103A80000000000000000000000000000000000036
:103A9000200000002000000030002001008000A570
:103AA00030014004000000000000000000000000A1
:103AB0000000000020000000200000003000200175
:103AC000008000A63001400400000000000000005B
:103AD00000000000000000002000000020000000A6
:103AE00030002001008000A73001400400000000E9
:103AF00000000000000000000000000020000000A6
:103B00002000000030002001008000A830014004A7
:103B100000000000000000000000000000000000A5
:103B2000200000002000000030002001008000A9DB
:103B30003001400400000000000000000000000010
:103B400000000000200000002000000030002001E4
:103B5000008000AA300140040000000000000000C6
:103B60000000000000000000200000002000000015
:103B700030002001008000AB300140040000000054
:103B80000000000000000000000000002000000015
:103B90002000000030002001008000AC3001400413
:103BA0000000000000000000000000000000000015
:103BB000200000002000000030002001008000AD47
:103BC0003001400400000000000000000000000080
:103BD0000000000020000000200000003000200154
:103BE000008000AE30014004000000000000000032
:103BF0000000000000000000200000002000000085
:103C000030002001008000AF3001400400000000BF
:103C10000000000000000000000000002000000084
:103C20002000000030002001008000B0300140047E
:103C30000000000000000000000000000000000084
:103C4000200000002000000030002001008000B1B2
:103C500030014004000000000000000000000000EF
:103C600000000000200000002000000030002001C3
:103C7000008000B23001400400000000000000009D
:103C800000000000000000002000000020000000F4
:103C900030002001008000B330014004000000002B
:103CA00000000000000000000000000020000000F4
:103CB0002000000030002001008000B430014004EA
:103CC00000000000000000000000000000000000F4
:103CD000200000002000000030002001008000B51E
:103CE000300140040000000000000000000000005F
:103CF0000000000020000000200000003000200133
:103D0000008000B630014004000000000000000008
:103D10000000000000000000200000002000000063
:103D200030002001008000B7300140040000000096
:103D30000000000000000000000000002000000063
:103D40002000000030002001008000B83001400455
:103D50000000000000000000000000000000000063
:103D6000200000002000000030002001008000B989
:103D700030014004000000000000000000000000CE
:103D800000000000200000002000000030002001A2
:103D9000008000BA30014004000000000000000074
:103DA00000000000000000002000000020000000D3
:103DB00030002001008000BB300140040000000002
:103DC00000000000000000000000000020000000D3
:103DD0002000000030002001008000BC30014004C1
:103DE00000000000000000000000000000000000D3
:103DF000200000002000000030002001008000BDF5
:103E0000300140040000000000000000000000003D
:103E10000000000020000000200000003000200111
:103E2000008000BE300140040000000000000000DF
:103E30000000000000000000200000002000000042
:103E400030002001008000BF30014004000000006D
:103E50000000000000000000000000002000000042
:103E60002000000030002001008000C0300140042C
:103E70000000000000000000000000000000000042
:103E8000200000002000000030002001008000C160
:103E900030014004000000000000000000000000AD
:103EA0000000000020000000200000003000200181
:103EB000008000C23001400400000000000000004B
:103EC00000000000000000002000000020000000B2
:103ED00030002001008000C33001400400000000D9
:103EE00000000000000000000000000020000000B2
:103EF0002000000030002001008000C43001400498
:103F000000000000000000000000000000000000B1
:103F1000200000002000000030002001008000C5CB
:103F2000300140040000000000000000000000001C
:103F300000000000200000002000000030002001F0
:103F4000008000C6300140040000000000000000B6
:103F50000000000000000000200000002000000021
:103F600030002001008000C7300140040000000044
:103F70000000000000000000000000002000000021
:103F80002000000030002001008000C83001400403
:103F90000000000000000000000000000000000021
:103FA000200000002000000030002001008000C937
:103FB000300140040000000000000000000000008C
:103FC0000000000020000000200000003000200160
:103FD000008000CA30014004000000000000000022
:103FE0000000000000000000200000002000000091
:103FF00030002001008000CB3001400400000000B0
:104000000000000000000000000000002000000090
:104010002000000030002001008000CC300140046E
:104020000000000000000000000000000000000090
:10403000200000002000000030002001008000CDA2
:1040400030014004000000000000000000000000FB
:1040500000000000200000002000000030002001CF
:10406000008000CE3001400400000000000000008D
:104070000000000000000000200000002000000000
:1040800030002001008000CF30014004000000001B
:104090000000000000000000000000002000000000
:1040A0002000000030002001008000D030014004DA
:1040B0000000000000000000000000000000000000
:1040C000200000002000000030002001008000D10E
:1040D000300140040000000000000000000000006B
:1040E000000000002000000020000000300020013F
:1040F000008000D2300140040000000000000000F9
:10410000000000000000000020000000200000006F
:1041100030002001008000D3300140040000000086
:10412000000000000000000000000000200000006F
:104130002000000030002001008000D43001400445
:10414000000000000000000000000000000000006F
:10415000200000002000000030002001008000D579
:1041600030014004000000000000000000000000DA
:1041700000000000200000002000000030002001AE
:10418000008000D630014004000000000000000064
:1041900000000000000000002000000020000000DF
:1041A00030002001008000D73001400400000000F2
:1041B00000000000000000000000000020000000DF
:1041C0002000000030002001008000D830014004B1
:1041D00000000000000000000000000000000000DF
:1041E000200000002000000030002001008000D9E5
:1041F000300140040000000000000000000000004A
:10420000000000002000000020000000300020011D
:10421000008000DA300140040000000000000000CF
:10422000000000000000000020000000200000004E
:1042300030002001008000DB30014004000000005D
:10424000000000000000000000000000200000004E
:104250002000000030002001008000DC300140041C
:10426000000000000000000000000000000000004E
:10427000200000002000000030002001008000DD50
:1042800030014004000000000000000000000000B9
:10429000000000002000000020000000300020018D
:1042A000008000DE3001400400000000000000003B
:1042B00000000000000000002000000020000000BE
:1042C00030002001008000DF3001400400000000C9
:1042D00000000000000000000000000020000000BE
:1042E0002000000030002001008000E03001400488
:1042F00000000000000000000000000000000000BE
:10430000200000002000000030002001008000E1BB
:104310003001400400000000000000000000000028
:1043200000000000200000002000000030002001FC
:10433000008000E2300140040000000000000000A6
:10434000000000000000000020000000200000002D
:1043500030002001008000E3300140040000000034
:10436000000000000000000000000000200000002D
:104370002000000030002001008000E430014004F3
:10438000000000000000000000000000000000002D
:10439000200000002000000030002001008000E527
:1043A0003001400400000000000000000000000098
:1043B000000000002000000020000000300020016C
:1043C000008000E630014004000000000000000012
:1043D000000000000000000020000000200000009D
:1043E00030002001008000E73001400400000000A0
:1043F000000000000000000000000000200000009D
:104400002000000030002001008000E8300140045E
:10441000000000000000000000000000000000009C
:10442000200000002000000030002001008000E992
:104430003001400400000000000000000000000007
:1044400000000000200000002000000030002001DB
:10445000008000EA3001400400000000000000007D
:10446000000000000000000020000000200000000C
:1044700030002001008000EB30014004000000000B
:10448000000000000000000000000000200000000C
:104490002000000030002001008000EC30014004CA
:1044A000000000000000000000000000000000000C
:1044B000200000002000000030002001008000EDFE
:1044C0003001400400000000000000000000000077
:1044D000000000002000000020000000300020014B
:1044E000008000EE300140040000000000000000E9
:1044F000000000000000000020000000200000007C
:1045000030002001008000EF300140040000000076
:10451000000000000000000000000000200000007B
:104520002000000030002001008000F03001400435
:10453000000000000000000000000000000000007B
:10454000200000002000000030002001008000F169
:1045500030014004000000000000000000000000E6
:1045600000000000200000002000000030002001BA
:10457000008000F230014004000000000000000054
:1045800000000000000000002000000020000000EB
:1045900030002001008000F33001400400000000E2
:1045A00000000000000000000000000020000000EB
:1045B0002000000030002001008000F430014004A1
:1045C00000000000000000000000000000000000EB
:1045D000200000002000000030002001008000F5D5
:1045E0003001400400000000000000000000000056
:1045F000000000002000000020000000300020012A
:10460000008000F6300140040000000000000000BF
:10461000000000000000000020000000200000005A
:1046200030002001008000F730014004000000004D
:10463000000000000000000000000000200000005A
:104640002000000030002001008000F8300140040C
:10465000000000000000000000000000000000005A
:10466000200000002000000030002001008000F940
:1046700030014004000000000000000000000000C5
:104680000000000020000000200000003000200199
:10469000008000FA3001400400000000000000002B
:1046A00000000000000000002000000020000000CA
:1046B00030002001008000FB3001400400000000B9
:1046C00000000000000000000000000020000000CA
:1046D0002000000030002001008000FC3001400478
:1046E00000000000000000000000000000000000CA
:1046F000200000002000000030002001008000FDAC
:104700003001400400000000000000000000000034
:104710000000000020000000200000003000200108
:10472000008000FE30014004000000000000000096
:104730000000000000000000200000002000000039
:1047400030002001008000FF300140040000000024
:104750000000000000000000000000002000000039
:104760002000000030008001000000012000000057
:104770003000200100C00000200000003000406533
:104780000000000000000000000000000000000029
:104790000000000000000000000000000000000019
:1047A0000000000000000000000000000000000009
:1047B00000000000000000000000000000000000F9
:1047C00000000000000000000000000000000000E9
:1047D00000000000000000000000000000000000D9
:1047E00000000000000000000000000000000000C9
:1047F00000000000000000000000000000000000B9
:1048000000000000000000000000000000000000A8
:104810000000000000000000000000000000000098
:104820000000000000000000000000000000000088
:104830000000000000000000000000000000000078
:104840000000000000000000000000000000000068
:104850000000000000000000000000000000000058
:104860000000000000000000000000000000000048
:104870000000000000000000000000000000000038
:104880000000000000000000000000000000000028
:104890000000000000000000000000000000000018
:1048A0000000000000000000000000000000000008
:1048B00000000000000000000000000000000000F8
:1048C00000000000000000000000000000000000E8
:1048D00000000000000000000000000000000000D8
:1048E00000000000000000000000000000000000C8
:1048F00000000000000000000000000000000000B8
:1049000000000000000000000000000000000000A7
:1049100000000000300080010000000220000000C4
:104920002000000020000000200000002000000007
:1049300020000000200000002000000020000000F7
:10494000200000002000000020000000300140088E
:104950000000000000000000000000000000000057
:104960000000000000000000000000000000000047
:1049700020000000200000003000200100C00001E5
:1049800030014004000000000000000000000000B2
:104990000000000020000000200000003000200186
:1049A00000C00002300140040000000000000000D0
:1049B00000000000000000002000000020000000B7
:1049C0003000200100C0000330014004000000005E
:1049D00000000000000000000000000020000000B7
:1049E000200000003000200100C00004300140041D
:1049F00000000000000000000000000000000000B7
:104A000020000000200000003000200100C0000550
:104A10003001400400000000000000000000000021
:104A200000000000200000002000000030002001F5
:104A300000C000063001400400000000000000003B
:104A40000000000000000000200000002000000026
:104A50003000200100C000073001400400000000C9
:104A60000000000000000000000000002000000026
:104A7000200000003000200100C000083001400488
:104A80000000000000000000000000000000000026
:104A900020000000200000003000200100C00009BC
:104AA0003001400400000000000000000000000091
:104AB0000000000020000000200000003000200165
:104AC00000C0000A300140040000000000000000A7
:104AD0000000000000000000200000002000000096
:104AE0003000200100C0000B300140040000000035
:104AF0000000000000000000000000002000000096
:104B0000200000003000200100C0000C30014004F3
:104B10000000000000000000000000000000000095
:104B200020000000200000003000200100C0000D27
:104B30003001400400000000000000000000000000
:104B400000000000200000002000000030002001D4
:104B500000C0000E30014004000000000000000012
:104B60000000000000000000200000002000000005
:104B70003000200100C0000F3001400400000000A0
:104B80000000000000000000000000002000000005
:104B9000200000003000200100C00010300140045F
:104BA0000000000000000000000000000000000005
:104BB00020000000200000003000200100C0001193
:104BC0003001400400000000000000000000000070
:104BD0000000000020000000200000003000200144
:104BE00000C000123001400400000000000000007E
:104BF0000000000000000000200000002000000075
:104C00003000200100C0001330014004000000000B
:104C10000000000000000000000000002000000074
:104C2000200000003000200100C0001430014004CA
:104C30000000000000000000000000000000000074
:104C400020000000200000003000200100C00015FE
:104C500030014004000000000000000000000000DF
:104C600000000000200000002000000030002001B3
:104C700000C00016300140040000000000000000E9
:104C800000000000000000002000000020000000E4
:104C90003000200100C00017300140040000000077
:104CA00000000000000000000000000020000000E4
:104CB000200000003000200100C000183001400436
:104CC00000000000000000000000000000000000E4
:104CD00020000000200000003000200100C000196A
:104CE000300140040000000000000000000000004F
:104CF0000000000020000000200000003000200123
:104D000000C0001A30014004000000000000000054
:104D10000000000000000000200000002000000053
:104D20003000200100C0001B3001400400000000E2
:104D30000000000000000000000000002000000053
:104D4000200000003000200100C0001C30014004A1
:104D50000000000000000000000000000000000053
:104D600020000000200000003000200100C0001DD5
:104D700030014004000000000000000000000000BE
:104D80000000000020000000200000003000200192
:104D900000C0001E300140040000000000000000C0
:104DA00000000000000000002000000020000000C3
:104DB0003000200100C0001F30014004000000004E
:104DC00000000000000000000000000020000000C3
:104DD000200000003000200100C00020300140040D
:104DE00000000000000000000000000000000000C3
:104DF00020000000200000003000200100C0002141
:104E0000300140040000000000000000000000002D
:104E10000000000020000000200000003000200101
:104E200000C000223001400400000000000000002B
:104E30000000000000000000200000002000000032
:104E40003000200100C000233001400400000000B9
:104E50000000000000000000000000002000000032
:104E6000200000003000200100C000243001400478
:104E70000000000000000000000000000000000032
:104E800020000000200000003000200100C00025AC
:104E9000300140040000000000000000000000009D
:104EA0000000000020000000200000003000200171
:104EB00000C0002630014004000000000000000097
:104EC00000000000000000002000000020000000A2
:104ED0003000200100C00027300140040000000025
:104EE00000000000000000000000000020000000A2
:104EF000200000003000200100C0002830014004E4
:104F000000000000000000000000000000000000A1
:104F100020000000200000003000200100C0002917
:104F2000300140040000000000000000000000000C
:104F300000000000200000002000000030002001E0
:104F400000C0002A30014004000000000000000002
:104F50000000000000000000200000002000000011
:104F60003000200100C0002B300140040000000090
:104F70000000000000000000000000002000000011
:104F8000200000003000200100C0002C300140044F
:104F90000000000000000000000000000000000011
:104FA00020000000200000003000200100C0002D83
:104FB000300140040000000000000000000000007C
:104FC0000000000020000000200000003000200150
:104FD00000C0002E3001400400000000000000006E
:104FE0000000000000000000200000002000000081
:104FF0003000200100C0002F3001400400000000FC
:105000000000000000000000000000002000000080
:10501000200000003000200100C0003030014004BA
:105020000000000000000000000000000000000080
:1050300020000000200000003000200100C00031EE
:1050400030014004000000000000000000000000EB
:1050500000000000200000002000000030002001BF
:1050600000C00032300140040000000000000000D9
:1050700000000000000000002000000020000000F0
:105080003000200100C00033300140040000000067
:1050900000000000000000000000000020000000F0
:1050A000200000003000200100C000343001400426
:1050B00000000000000000000000000000000000F0
:1050C00020000000200000003000200100C000355A
:1050D000300140040000000000000000000000005B
:1050E000000000002000000020000000300020012F
:1050F00000C0003630014004000000000000000045
:10510000000000000000000020000000200000005F
:105110003000200100C000373001400400000000D2
:10512000000000000000000000000000200000005F
:10513000200000003000200100C000383001400491
:10514000000000000000000000000000000000005F
:1051500020000000200000003000200100C00039C5
:1051600030014004000000000000000000000000CA
:10517000000000002000000020000000300020019E
:1051800000C0003A300140040000000000000000B0
:1051900000000000000000002000000020000000CF
:1051A0003000200100C0003B30014004000000003E
:1051B00000000000000000000000000020000000CF
:1051C000200000003000200100C0003C30014004FD
:1051D00000000000000000000000000000000000CF
:1051E00020000000200000003000200100C0003D31
:1051F000300140040000000000000000000000003A
:10520000000000002000000020000000300020010D
:1052100000C0003E3001400400000000000000001B
:10522000000000000000000020000000200000003E
:105230003000200100C0003F3001400400000000A9
:10524000000000000000000000000000200000003E
:10525000200000003000200100C000403001400468
:10526000000000000000000000000000000000003E
:1052700020000000200000003000200100C000419C
:1052800030014004000000000000000000000000A9
:10529000000000002000000020000000300020017D
:1052A00000C0004230014004000000000000000087
:1052B00000000000000000002000000020000000AE
:1052C0003000200100C00043300140040000000015
:1052D00000000000000000000000000020000000AE
:1052E000200000003000200100C0004430014004D4
:1052F00000000000000000000000000000000000AE
:1053000020000000200000003000200100C0004507
:105310003001400400000000000000000000000018
:1053200000000000200000002000000030002001EC
:1053300000C00046300140040000000000000000F2
:10534000000000000000000020000000200000001D
:105350003000200100C00047300140040000000080
:10536000000000000000000000000000200000001D
:10537000200000003000200100C00048300140043F
:10538000000000000000000000000000000000001D
:1053900020000000200000003000200100C0004973
:1053A0003001400400000000000000000000000088
:1053B000000000002000000020000000300020015C
:1053C00000C0004A3001400400000000000000005E
:1053D000000000000000000020000000200000008D
:1053E0003000200100C0004B3001400400000000EC
:1053F000000000000000000000000000200000008D
:10540000200000003000200100C0004C30014004AA
:10541000000000000000000000000000000000008C
:1054200020000000200000003000200100C0004DDE
:1054300030014004000000000000000000000000F7
:1054400000000000200000002000000030002001CB
:1054500000C0004E300140040000000000000000C9
:1054600000000000000000002000000020000000FC
:105470003000200100C0004F300140040000000057
:1054800000000000000000000000000020000000FC
:10549000200000003000200100C000503001400416
:1054A00000000000000000000000000000000000FC
:1054B00020000000200000003000200100C000514A
:1054C0003001400400000000000000000000000067
:1054D000000000002000000020000000300020013B
:1054E00000C0005230014004000000000000000035
:1054F000000000000000000020000000200000006C
:105500003000200100C000533001400400000000C2
:10551000000000000000000000000000200000006B
:10552000200000003000200100C000543001400481
:10553000000000000000000000000000000000006B
:1055400020000000200000003000200100C00055B5
:1055500030014004000000000000000000000000D6
:1055600000000000200000002000000030002001AA
:1055700000C00056300140040000000000000000A0
:1055800000000000000000002000000020000000DB
:105590003000200100C0005730014004000000002E
:1055A00000000000000000000000000020000000DB
:1055B000200000003000200100C0005830014004ED
:1055C00000000000000000000000000000000000DB
:1055D00020000000200000003000200100C0005921
:1055E0003001400400000000000000000000000046
:1055F000000000002000000020000000300020011A
:1056000000C0005A3001400400000000000000000B
:10561000000000000000000020000000200000004A
:105620003000200100C0005B300140040000000099
:10563000000000000000000000000000200000004A
:10564000200000003000200100C0005C3001400458
:10565000000000000000000000000000000000004A
:1056600020000000200000003000200100C0005D8C
:1056700030014004000000000000000000000000B5
:105680000000000020000000200000003000200189
:1056900000C0005E30014004000000000000000077
:1056A00000000000000000002000000020000000BA
:1056B0003000200100C0005F300140040000000005
:1056C00000000000000000000000000020000000BA
:1056D000200000003000200100C0006030014004C4
:1056E00000000000000000000000000000000000BA
:1056F00020000000200000003000200100C00061F8
:105700003001400400000000000000000000000024
:1057100000000000200000002000000030002001F8
:1057200000C00062300140040000000000000000E2
:105730000000000000000000200000002000000029
:105740003000200100C00063300140040000000070
:105750000000000000000000000000002000000029
:10576000200000003000200100C00064300140042F
:105770000000000000000000000000000000000029
:1057800020000000200000003000200100C0006563
:105790003001400400000000000000000000000094
:1057A0000000000020000000200000003000200168
:1057B00000C000663001400400000000000000004E
:1057C0000000000000000000200000002000000099
:1057D0003000200100C000673001400400000000DC
:1057E0000000000000000000000000002000000099
:1057F000200000003000200100C00068300140049B
:105800000000000000000000000000000000000098
:1058100020000000200000003000200100C00069CE
:105820003001400400000000000000000000000003
:1058300000000000200000002000000030002001D7
:1058400000C0006A300140040000000000000000B9
:105850000000000000000000200000002000000008
:105860003000200100C0006B300140040000000047
:105870000000000000000000000000002000000008
:10588000200000003000200100C0006C3001400406
:105890000000000000000000000000000000000008
:1058A00020000000200000003000200100C0006D3A
:1058B0003001400400000000000000000000000073
:1058C0000000000020000000200000003000200147
:1058D00000C0006E30014004000000000000000025
:1058E0000000000000000000200000002000000078
:1058F0003000200100C0006F3001400400000000B3
:105900000000000000000000000000002000000077
:10591000200000003000200100C000703001400471
:105920000000000000000000000000000000000077
:1059300020000000200000003000200100C00071A5
:1059400030014004000000000000000000000000E2
:1059500000000000200000002000000030002001B6
:1059600000C0007230014004000000000000000090
:1059700000000000000000002000000020000000E7
:105980003000200100C0007330014004000000001E
:1059900000000000000000000000000020000000E7
:1059A000200000003000200100C0007430014004DD
:1059B00000000000000000000000000000000000E7
:1059C00020000000200000003000200100C0007511
:1059D0003001400400000000000000000000000052
:1059E0000000000020000000200000003000200126
:1059F00000C00076300140040000000000000000FC
:105A00000000000000000000200000002000000056
:105A10003000200100C00077300140040000000089
:105A20000000000000000000000000002000000056
:105A3000200000003000200100C000783001400448
:105A40000000000000000000000000000000000056
:105A500020000000200000003000200100C000797C
:105A600030014004000000000000000000000000C1
:105A70000000000020000000200000003000200195
:105A800000C0007A30014004000000000000000067
:105A900000000000000000002000000020000000C6
:105AA0003000200100C0007B3001400400000000F5
:105AB00000000000000000000000000020000000C6
:105AC000200000003000200100C0007C30014004B4
:105AD00000000000000000000000000000000000C6
:105AE00020000000200000003000200100C0007DE8
:105AF0003001400400000000000000000000000031
:105B00000000000020000000200000003000200104
:105B100000C0007E300140040000000000000000D2
:105B20000000000000000000200000002000000035
:105B30003000200100C0007F300140040000000060
:105B40000000000000000000000000002000000035
:105B5000200000003000200100C00080300140041F
:105B60000000000000000000000000000000000035
:105B700020000000200000003000200100C0008153
:105B800030014004000000000000000000000000A0
:105B90000000000020000000200000003000200174
:105BA00000C000823001400400000000000000003E
:105BB00000000000000000002000000020000000A5
:105BC0003000200100C000833001400400000000CC
:105BD00000000000000000000000000020000000A5
:105BE000200000003000200100C00084300140048B
:105BF00000000000000000000000000000000000A5
:105C000020000000200000003000200100C00085BE
:105C1000300140040000000000000000000000000F
:105C200000000000200000002000000030002001E3
:105C300000C00086300140040000000000000000A9
:105C40000000000000000000200000002000000014
:105C50003000200100C00087300140040000000037
:105C60000000000000000000000000002000000014
:105C7000200000003000200100C0008830014004F6
:105C80000000000000000000000000000000000014
:105C900020000000200000003000200100C000892A
:105CA000300140040000000000000000000000007F
:105CB0000000000020000000200000003000200153
:105CC00000C0008A30014004000000000000000015
:105CD0000000000000000000200000002000000084
:105CE0003000200100C0008B3001400400000000A3
:105CF0000000000000000000000000002000000084
:105D0000200000003000200100C0008C3001400461
:105D10000000000000000000000000000000000083
:105D200020000000200000003000200100C0008D95
:105D300030014004000000000000000000000000EE
:105D400000000000200000002000000030002001C2
:105D500000C0008E30014004000000000000000080
:105D600000000000000000002000000020000000F3
:105D70003000200100C0008F30014004000000000E
:105D800000000000000000000000000020000000F3
:105D9000200000003000200100C0009030014004CD
:105DA00000000000000000000000000000000000F3
:105DB00020000000200000003000200100C0009101
:105DC000300140040000000000000000000000005E
:105DD0000000000020000000200000003000200132
:105DE00000C00092300140040000000000000000EC
:105DF0000000000000000000200000002000000063
:105E00003000200100C00093300140040000000079
:105E10000000000000000000000000002000000062
:105E2000200000003000200100C000943001400438
:105E30000000000000000000000000000000000062
:105E400020000000200000003000200100C000956C
:105E500030014004000000000000000000000000CD
:105E600000000000200000002000000030002001A1
:105E700000C0009630014004000000000000000057
:105E800000000000000000002000000020000000D2
:105E90003000200100C000973001400400000000E5
:105EA00000000000000000000000000020000000D2
:105EB000200000003000200100C0009830014004A4
:105EC00000000000000000000000000000000000D2
:105ED00020000000200000003000200100C00099D8
:105EE000300140040000000000000000000000003D
:105EF0000000000020000000200000003000200111
:105F000000C0009A300140040000000000000000C2
:105F10000000000000000000200000002000000041
:105F20003000200100C0009B300140040000000050
:105F30000000000000000000000000002000000041
:105F4000200000003000200100C0009C300140040F
:105F50000000000000000000000000000000000041
:105F600020000000200000003000200100C0009D43
:105F700030014004000000000000000000000000AC
:105F80000000000020000000200000003000200180
:105F900000C0009E3001400400000000000000002E
:105FA00000000000000000002000000020000000B1
:105FB0003000200100C0009F3001400400000000BC
:105FC00000000000000000000000000020000000B1
:105FD000200000003000200100C000A0300140047B
:105FE00000000000000000000000000000000000B1
:105FF00020000000200000003000200100C000A1AF
:10600000300140040000000000000000000000001B
:1060100000000000200000002000000030002001EF
:1060200000C000A230014004000000000000000099
:106030000000000000000000200000002000000020
:106040003000200100C000A3300140040000000027
:106050000000000000000000000000002000000020
:10606000200000003000200100C000A430014004E6
:106070000000000000000000000000000000000020
:1060800020000000200000003000200100C000A51A
:10609000300140040000000000000000000000008B
:1060A000000000002000000020000000300020015F
:1060B00000C000A630014004000000000000000005
:1060C0000000000000000000200000002000000090
:1060D0003000200100C000A7300140040000000093
:1060E0000000000000000000000000002000000090
:1060F000200000003000200100C000A83001400452
:10610000000000000000000000000000000000008F
:1061100020000000200000003000200100C000A985
:1061200030014004000000000000000000000000FA
:1061300000000000200000002000000030002001CE
:1061400000C000AA30014004000000000000000070
:1061500000000000000000002000000020000000FF
:106160003000200100C000AB3001400400000000FE
:1061700000000000000000000000000020000000FF
:10618000200000003000200100C000AC30014004BD
:1061900000000000000000000000000000000000FF
:1061A00020000000200000003000200100C000ADF1
:1061B000300140040000000000000000000000006A
:1061C000000000002000000020000000300020013E
:1061D00000C000AE300140040000000000000000DC
:1061E000000000000000000020000000200000006F
:1061F0003000200100C000AF30014004000000006A
:10620000000000000000000000000000200000006E
:10621000200000003000200100C000B03001400428
:10622000000000000000000000000000000000006E
:1062300020000000200000003000200100C000B15C
:1062400030014004000000000000000000000000D9
:1062500000000000200000002000000030002001AD
:1062600000C000B230014004000000000000000047
:1062700000000000000000002000000020000000DE
:106280003000200100C000B33001400400000000D5
:1062900000000000000000000000000020000000DE
:1062A000200000003000200100C000B43001400494
:1062B00000000000000000000000000000000000DE
:1062C00020000000200000003000200100C000B5C8
:1062D0003001400400000000000000000000000049
:1062E000000000002000000020000000300020011D
:1062F00000C000B6300140040000000000000000B3
:10630000000000000000000020000000200000004D
:106310003000200100C000B7300140040000000040
:10632000000000000000000000000000200000004D
:10633000200000003000200100C000B830014004FF
:10634000000000000000000000000000000000004D
:1063500020000000200000003000200100C000B933
:1063600030014004000000000000000000000000B8
:10637000000000002000000020000000300020018C
:1063800000C000BA3001400400000000000000001E
:1063900000000000000000002000000020000000BD
:1063A0003000200100C000BB3001400400000000AC
:1063B00000000000000000000000000020000000BD
:1063C000200000003000200100C000BC300140046B
:1063D00000000000000000000000000000000000BD
:1063E00020000000200000003000200100C000BD9F
:1063F0003001400400000000000000000000000028
:1064000000000000200000002000000030002001FB
:1064100000C000BE30014004000000000000000089
:10642000000000000000000020000000200000002C
:106430003000200100C000BF300140040000000017
:10644000000000000000000000000000200000002C
:10645000200000003000200100C000C030014004D6
:10646000000000000000000000000000000000002C
:1064700020000000200000003000200100C000C10A
:106480003001400400000000000000000000000097
:10649000000000002000000020000000300020016B
:1064A00000C000C2300140040000000000000000F5
:1064B000000000000000000020000000200000009C
:1064C0003000200100C000C3300140040000000083
:1064D000000000000000000000000000200000009C
:1064E000200000003000200100C000C43001400442
:1064F000000000000000000000000000000000009C
:1065000020000000200000003000200100C000C575
:106510003001400400000000000000000000000006
:1065200000000000200000002000000030002001DA
:1065300000C000C630014004000000000000000060
:10654000000000000000000020000000200000000B
:106550003000200100C000C73001400400000000EE
:10656000000000000000000000000000200000000B
:10657000200000003000200100C000C830014004AD
:10658000000000000000000000000000000000000B
:1065900020000000200000003000200100C000C9E1
:1065A0003001400400000000000000000000000076
:1065B000000000002000000020000000300020014A
:1065C00000C000CA300140040000000000000000CC
:1065D000000000000000000020000000200000007B
:1065E0003000200100C000CB30014004000000005A
:1065F000000000000000000000000000200000007B
:10660000200000003000200100C000CC3001400418
:10661000000000000000000000000000000000007A
:1066200020000000200000003000200100C000CD4C
:1066300030014004000000000000000000000000E5
:1066400000000000200000002000000030002001B9
:1066500000C000CE30014004000000000000000037
:1066600000000000000000002000000020000000EA
:106670003000200100C000CF3001400400000000C5
:1066800000000000000000000000000020000000EA
:10669000200000003000200100C000D03001400484
:1066A00000000000000000000000000000000000EA
:1066B00020000000200000003000200100C000D1B8
:1066C0003001400400000000000000000000000055
:1066D0000000000020000000200000003000200129
:1066E00000C000D2300140040000000000000000A3
:1066F000000000000000000020000000200000005A
:106700003000200100C000D3300140040000000030
:106710000000000000000000000000002000000059
:10672000200000003000200100C000D430014004EF
:106730000000000000000000000000000000000059
:1067400020000000200000003000200100C000D523
:1067500030014004000000000000000000000000C4
:106760000000000020000000200000003000200198
:1067700000C000D63001400400000000000000000E
:1067800000000000000000002000000020000000C9
:106790003000200100C000D730014004000000009C
:1067A00000000000000000000000000020000000C9
:1067B000200000003000200100C000D8300140045B
:1067C00000000000000000000000000000000000C9
:1067D00020000000200000003000200100C000D98F
:1067E0003001400400000000000000000000000034
:1067F0000000000020000000200000003000200108
:1068000000C000DA30014004000000000000000079
:106810000000000000000000200000002000000038
:106820003000200100C000DB300140040000000007
:106830000000000000000000000000002000000038
:10684000200000003000200100C000DC30014004C6
:106850000000000000000000000000000000000038
:1068600020000000200000003000200100C000DDFA
:1068700030014004000000000000000000000000A3
:106880000000000020000000200000003000200177
:1068900000C000DE300140040000000000000000E5
:1068A00000000000000000002000000020000000A8
:1068B0003000200100C000DF300140040000000073
:1068C00000000000000000000000000020000000A8
:1068D000200000003000200100C000E03001400432
:1068E00000000000000000000000000000000000A8
:1068F00020000000200000003000200100C000E166
:106900003001400400000000000000000000000012
:1069100000000000200000002000000030002001E6
:1069200000C000E230014004000000000000000050
:106930000000000000000000200000002000000017
:106940003000200100C000E33001400400000000DE
:106950000000000000000000000000002000000017
:10696000200000003000200100C000E4300140049D
:106970000000000000000000000000000000000017
:1069800020000000200000003000200100C000E5D1
:106990003001400400000000000000000000000082
:1069A0000000000020000000200000003000200156
:1069B00000C000E6300140040000000000000000BC
:1069C0000000000000000000200000002000000087
:1069D0003000200100C000E730014004000000004A
:1069E0000000000000000000000000002000000087
:1069F000200000003000200100C000E83001400409
:106A00000000000000000000000000000000000086
:106A100020000000200000003000200100C000E93C
:106A200030014004000000000000000000000000F1
:106A300000000000200000002000000030002001C5
:106A400000C000EA30014004000000000000000027
:106A500000000000000000002000000020000000F6
:106A60003000200100C000EB3001400400000000B5
:106A700000000000000000000000000020000000F6
:106A8000200000003000200100C000EC3001400474
:106A900000000000000000000000000000000000F6
:106AA00020000000200000003000200100C000EDA8
:106AB0003001400400000000000000000000000061
:106AC0000000000020000000200000003000200135
:106AD00000C000EE30014004000000000000000093
:106AE0000000000000000000200000002000000066
:106AF0003000200100C000EF300140040000000021
:106B00000000000000000000000000002000000065
:106B1000200000003000200100C000F030014004DF
:106B20000000000000000000000000000000000065
:106B300020000000200000003000200100C000F113
:106B400030014004000000000000000000000000D0
:106B500000000000200000002000000030002001A4
:106B600000C000F2300140040000000000000000FE
:106B700000000000000000002000000020000000D5
:106B80003000200100C000F330014004000000008C
:106B900000000000000000000000000020000000D5
:106BA000200000003000200100C000F4300140044B
:106BB00000000000000000000000000000000000D5
:106BC00020000000200000003000200100C000F57F
:106BD0003001400400000000000000000000000040
:106BE0000000000020000000200000003000200114
:106BF00000C000F63001400400000000000000006A
:106C00000000000000000000200000002000000044
:106C10003000200100C000F73001400400000000F7
:106C20000000000000000000000000002000000044
:106C3000200000003000200100C000F830014004B6
:106C40000000000000000000000000000000000044
:106C500020000000200000003000200100C000F9EA
:106C600030014004000000000000000000000000AF
:106C70000000000020000000200000003000200183
:106C800000C000FA300140040000000000000000D5
:106C900000000000000000002000000020000000B4
:106CA0003000200100C000FB300140040000000063
:106CB00000000000000000000000000020000000B4
:106CC000200000003000200100C000FC3001400422
:106CD00000000000000000000000000000000000B4
:106CE00020000000200000003000200100C000FD56
:106CF000300140040000000000000000000000001F
:106D000000000000200000002000000030002001F2
:106D100000C000FE30014004000000000000000040
:106D20000000000000000000200000002000000023
:106D30003000200100C000FF3001400400000000CE
:106D40000000000000000000000000002000000023
:106D5000200000003000200100C00100300140048C
:106D60000000000000000000000000000000000023
:106D700020000000200000003000200100C00101C0
:106D8000300140040000000000000000000000008E
:106D90000000000020000000200000003000200162
:106DA00000C00102300140040000000000000000AB
:106DB0000000000000000000200000002000000093
:106DC0003000200100C00103300140040000000039
:106DD0000000000000000000000000002000000093
:106DE000200000003000200100C0010430014004F8
:106DF0000000000000000000000000000000000093
:106E000020000000200000003000200100C001052B
:106E100030014004000000000000000000000000FD
:106E200000000000200000002000000030002001D1
:106E300000C0010630014004000000000000000016
:106E40000000000000000000200000002000000002
:106E50003000200100C001073001400400000000A4
:106E60000000000000000000000000002000000002
:106E7000200000003000200100C001083001400463
:106E80000000000000000000000000000000000002
:106E900020000000200000003000200100C0010997
:106EA000300140040000000000000000000000006D
:106EB0000000000020000000200000003000200141
:106EC00000C0010A30014004000000000000000082
:106ED0000000000000000000200000002000000072
:106EE0003000200100C0010B300140040000000010
:106EF0000000000000000000000000002000000072
:106F0000200000003000200100C0010C30014004CE
:106F10000000000000000000000000000000000071
:106F200020000000200000003000200100C0010D02
:106F300030014004000000000000000000000000DC
:106F400000000000200000002000000030002001B0
:106F500000C0010E300140040000000000000000ED
:106F600000000000000000002000000020000000E1
:106F70003000200100C0010F30014004000000007B
:106F800000000000000000000000000020000000E1
:106F9000200000003000200100C00110300140043A
:106FA00000000000000000000000000000000000E1
:106FB00020000000200000003000200100C001116E
:106FC000300140040000000000000000000000004C
:106FD0000000000020000000200000003000200120
:106FE00000C0011230014004000000000000000059
:106FF0000000000000000000200000002000000051
:107000003000200100C001133001400400000000E6
:107010000000000000000000000000002000000050
:10702000200000003000200100C0011430014004A5
:107030000000000000000000000000000000000050
:1070400020000000200000003000200100C00115D9
:1070500030014004000000000000000000000000BB
:10706000000000002000000020000000300020018F
:1070700000C00116300140040000000000000000C4
:1070800000000000000000002000000020000000C0
:107090003000200100C00117300140040000000052
:1070A00000000000000000000000000020000000C0
:1070B000200000003000200100C001183001400411
:1070C00000000000000000000000000000000000C0
:1070D00020000000200000003000200100C0011945
:1070E000300140040000000000000000000000002B
:1070F00000000000200000002000000030002001FF
:1071000000C0011A3001400400000000000000002F
:10711000000000000000000020000000200000002F
:107120003000200100C0011B3001400400000000BD
:10713000000000000000000000000000200000002F
:10714000200000003000200100C0011C300140047C
:10715000000000000000000000000000000000002F
:1071600020000000200000003000200100C0011DB0
:10717000300140040000000000000000000000009A
:10718000000000002000000020000000300020016E
:1071900000C0011E3001400400000000000000009B
:1071A000000000000000000020000000200000009F
:1071B0003000200100C0011F300140040000000029
:1071C000000000000000000000000000200000009F
:1071D000200000003000200100C0012030014004E8
:1071E000000000000000000000000000000000009F
:1071F00020000000200000003000200100C001211C
:107200003001400400000000000000000000000009
:1072100000000000200000002000000030002001DD
:1072200000C0012230014004000000000000000006
:10723000000000000000000020000000200000000E
:107240003000200100C00123300140040000000094
:10725000000000000000000000000000200000000E
:10726000200000003000200100C001243001400453
:10727000000000000000000000000000000000000E
:1072800020000000200000003000200100C0012587
:107290003001400400000000000000000000000079
:1072A000000000002000000020000000300020014D
:1072B00000C0012630014004000000000000000072
:1072C000000000000000000020000000200000007E
:1072D0003000200100C00127300140040000000000
:1072E000000000000000000000000000200000007E
:1072F000200000003000200100C0012830014004BF
:10730000000000000000000000000000000000007D
:1073100020000000200000003000200100C00129F2
:1073200030014004000000000000000000000000E8
:1073300000000000200000002000000030002001BC
:1073400000C0012A300140040000000000000000DD
:1073500000000000000000002000000020000000ED
:107360003000200100C0012B30014004000000006B
:1073700000000000000000000000000020000000ED
:10738000200000003000200100C0012C300140042A
:1073900000000000000000000000000000000000ED
:1073A00020000000200000003000200100C0012D5E
:1073B0003001400400000000000000000000000058
:1073C000000000002000000020000000300020012C
:1073D00000C0012E30014004000000000000000049
:1073E000000000000000000020000000200000005D
:1073F0003000200100C0012F3001400400000000D7
:10740000000000000000000000000000200000005C
:10741000200000003000200100C001303001400495
:10742000000000000000000000000000000000005C
:1074300020000000200000003000200100C00131C9
:1074400030014004000000000000000000000000C7
:10745000000000002000000020000000300020019B
:1074600000C00132300140040000000000000000B4
:1074700000000000000000002000000020000000CC
:107480003000200100C00133300140040000000042
:1074900000000000000000000000000020000000CC
:1074A000200000003000200100C001343001400401
:1074B00000000000000000000000000000000000CC
:1074C00020000000200000003000200100C0013535
:1074D0003001400400000000000000000000000037
:1074E000000000002000000020000000300020010B
:1074F00000C0013630014004000000000000000020
:10750000000000000000000020000000200000003B
:107510003000200100C001373001400400000000AD
:10752000000000000000000000000000200000003B
:10753000200000003000200100C00138300140046C
:10754000000000000000000000000000000000003B
:1075500020000000200000003000200100C00139A0
:1075600030014004000000000000000000000000A6
:10757000000000002000000020000000300020017A
:1075800000C0013A3001400400000000000000008B
:1075900000000000000000002000000020000000AB
:1075A0003000200100C0013B300140040000000019
:1075B00000000000000000000000000020000000AB
:1075C000200000003000200100C0013C30014004D8
:1075D00000000000000000000000000000000000AB
:1075E00020000000200000003000200100C0013D0C
:1075F0003001400400000000000000000000000016
:1076000000000000200000002000000030002001E9
:1076100000C0013E300140040000000000000000F6
:10762000000000000000000020000000200000001A
:107630003000200100C0013F300140040000000084
:10764000000000000000000000000000200000001A
:10765000200000003000200100C001403001400443
:10766000000000000000000000000000000000001A
:1076700020000000200000003000200100C0014177
:107680003001400400000000000000000000000085
:107690000000000020000000200000003000200159
:1076A00000C0014230014004000000000000000062
:1076B000000000000000000020000000200000008A
:1076C0003000200100C001433001400400000000F0
:1076D000000000000000000000000000200000008A
:1076E000200000003000200100C0014430014004AF
:1076F000000000000000000000000000000000008A
:1077000020000000200000003000200100C00145E2
:1077100030014004000000000000000000000000F4
:1077200000000000200000002000000030002001C8
:1077300000C00146300140040000000000000000CD
:1077400000000000000000002000000020000000F9
:107750003000200100C0014730014004000000005B
:1077600000000000000000000000000020000000F9
:10777000200000003000200100C00148300140041A
:1077800000000000000000000000000000000000F9
:1077900020000000200000003000200100C001494E
:1077A0003001400400000000000000000000000064
:1077B0000000000020000000200000003000200138
:1077C00000C0014A30014004000000000000000039
:1077D0000000000000000000200000002000000069
:1077E0003000200100C0014B3001400400000000C7
:1077F0000000000000000000000000002000000069
:10780000200000003000200100C0014C3001400485
:107810000000000000000000000000000000000068
:1078200020000000200000003000200100C0014DB9
:1078300030014004000000000000000000000000D3
:1078400000000000200000002000000030002001A7
:1078500000C0014E300140040000000000000000A4
:1078600000000000000000002000000020000000D8
:107870003000200100C0014F300140040000000032
:1078800000000000000000000000000020000000D8
:10789000200000003000200100C0015030014004F1
:1078A00000000000000000000000000000000000D8
:1078B00020000000200000003000200100C0015125
:1078C0003001400400000000000000000000000043
:1078D0000000000020000000200000003000200117
:1078E00000C0015230014004000000000000000010
:1078F0000000000000000000200000002000000048
:107900003000200100C0015330014004000000009D
:107910000000000000000000000000002000000047
:10792000200000003000200100C00154300140045C
:107930000000000000000000000000000000000047
:1079400020000000200000003000200100C0015590
:1079500030014004000000000000000000000000B2
:107960000000000020000000200000003000200186
:1079700000C001563001400400000000000000007B
:1079800000000000000000002000000020000000B7
:107990003000200100C00157300140040000000009
:1079A00000000000000000000000000020000000B7
:1079B000200000003000200100C0015830014004C8
:1079C00000000000000000000000000000000000B7
:1079D00020000000200000003000200100C00159FC
:1079E0003001400400000000000000000000000022
:1079F00000000000200000002000000030002001F6
:107A000000C0015A300140040000000000000000E6
:107A10000000000000000000200000002000000026
:107A20003000200100C0015B300140040000000074
:107A30000000000000000000000000002000000026
:107A4000200000003000200100C0015C3001400433
:107A50000000000000000000000000000000000026
:107A600020000000200000003000200100C0015D67
:107A70003001400400000000000000000000000091
:107A80000000000020000000200000003000200165
:107A900000C0015E30014004000000000000000052
:107AA0000000000000000000200000002000000096
:107AB0003000200100C0015F3001400400000000E0
:107AC0000000000000000000000000002000000096
:107AD000200000003000200100C00160300140049F
:107AE0000000000000000000000000000000000096
:107AF00020000000200000003000200100C00161D3
:107B00003001400400000000000000000000000000
:107B100000000000200000002000000030002001D4
:107B200000C00162300140040000000000000000BD
:107B30000000000000000000200000002000000005
:107B40003000200100C0016330014004000000004B
:107B50000000000000000000000000002000000005
:107B6000200000003000200100C00164300140040A
:107B70000000000000000000000000000000000005
:107B800020000000200000003000200100C001653E
:107B90003001400400000000000000000000000070
:107BA0000000000020000000200000003000200144
:107BB00000C0016630014004000000000000000029
:107BC0000000000000000000200000002000000075
:107BD0003000200100C001673001400400000000B7
:107BE0000000000000000000000000002000000075
:107BF000200000003000200100C001683001400476
:107C00000000000000000000000000000000000074
:107C100020000000200000003000200100C00169A9
:107C200030014004000000000000000000000000DF
:107C300000000000200000002000000030002001B3
:107C400000C0016A30014004000000000000000094
:107C500000000000000000002000000020000000E4
:107C60003000200100C0016B300140040000000022
:107C700000000000000000000000000020000000E4
:107C8000200000003000200100C0016C30014004E1
:107C900000000000000000000000000000000000E4
:107CA00020000000200000003000200100C0016D15
:107CB000300140040000000000000000000000004F
:107CC0000000000020000000200000003000200123
:107CD00000C0016E30014004000000000000000000
:107CE0000000000000000000200000002000000054
:107CF0003000200100C0016F30014004000000008E
:107D00000000000000000000000000002000000053
:107D1000200000003000200100C00170300140044C
:107D20000000000000000000000000000000000053
:107D300020000000200000003000200100C0017180
:107D400030014004000000000000000000000000BE
:107D50000000000020000000200000003000200192
:107D600000C001723001400400000000000000006B
:107D700000000000000000002000000020000000C3
:107D80003000200100C001733001400400000000F9
:107D900000000000000000000000000020000000C3
:107DA000200000003000200100C0017430014004B8
:107DB00000000000000000000000000000000000C3
:107DC00020000000200000003000200100C00175EC
:107DD000300140040000000000000000000000002E
:107DE0000000000020000000200000003000200102
:107DF00000C00176300140040000000000000000D7
:107E00000000000000000000200000002000000032
:107E10003000200100C00177300140040000000064
:107E20000000000000000000000000002000000032
:107E3000200000003000200100C001783001400423
:107E40000000000000000000000000000000000032
:107E500020000000200000003000200100C0017957
:107E6000300140040000000000000000000000009D
:107E70000000000020000000200000003000200171
:107E800000C0017A30014004000000000000000042
:107E900000000000000000002000000020000000A2
:107EA0003000200100C0017B3001400400000000D0
:107EB00000000000000000000000000020000000A2
:107EC000200000003000200100C0017C300140048F
:107ED00000000000000000000000000000000000A2
:107EE00020000000200000003000200100C0017DC3
:107EF000300140040000000000000000000000000D
:107F000000000000200000002000000030002001E0
:107F100000C0017E300140040000000000000000AD
:107F20000000000000000000200000002000000011
:107F30003000200100C0017F30014004000000003B
:107F40000000000000000000000000002000000011
:107F5000200000003000000129499DA920000000F8
:107F600020000000300080010000000A2000000016
:107F700030008001000000033000C001000010004C
:107F8000300300010000000020000000200000007D
:107F90002000000020000000200000002000000061
:107FA0002000000020000000200000002000000051
:107FB0002000000020000000200000002000000041
:107FC0002000000020000000200000002000000031
:107FD0002000000020000000200000002000000021
:107FE0002000000020000000200000002000000011
:107FF0002000000020000000200000002000000001
:1080000020000000200000002000000020000000F0
:1080100020000000200000002000000020000000E0
:1080200020000000200000002000000020000000D0
:1080300020000000200000002000000020000000C0
:1080400020000000200000002000000020000000B0
:1080500020000000200000002000000020000000A0
:108060002000000020000000200000002000000090
:108070002000000020000000200000002000000080
:108080002000000020000000200000002000000070
:108090002000000020000000200000002000000060
:1080A0002000000020000000200000002000000050
:1080B0002000000020000000200000002000000040
:1080C0002000000020000000200000002000000030
:1080D0002000000020000000200000002000000020
:1080E0002000000020000000200000002000000010
:1080F0002000000020000000200000002000000000
:1081000020000000200000002000000020000000EF
:108110002000000020000000300080010000000569
:10812000200000003000200103BE00003000C0012C
:10813000000005013000A001000005013000000131
:10814000615009A6200000002000000030008001DE
:108150000000000D200000002000000020000000B2
:10816000200000002000000020000000200000008F
:10817000200000002000000020000000200000007F
:10818000200000002000000020000000200000006F
:10819000200000002000000020000000200000005F
:1081A000200000002000000020000000200000004F
:1081B000200000002000000020000000200000003F
:1081C000200000002000000020000000200000002F
:1081D000200000002000000020000000200000001F
:1081E000200000002000000020000000200000000F
:1081F00020000000200000002000000020000000FF
:1082000020000000200000002000000020000000EE
:1082100020000000200000002000000020000000DE
:1082200020000000200000002000000020000000CE
:1082300020000000200000002000000020000000BE
:1082400020000000200000002000000020000000AE
:10825000200000002000000020000000200000009E
:10826000200000002000000020000000200000008E
:10827000200000002000000020000000200000007E
:10828000200000002000000020000000200000006E
:10829000200000002000000020000000200000005E
:1082A000200000002000000020000000200000004E
:1082B000200000002000000020000000200000003E
:1082C000200000002000000020000000200000002E
:1082D000200000002000000020000000200000001E
:1082E000200000002000000020000000200000000E
:1082F00020000000200000002000000020000000FE
:1083000020000000200000002000000020000000ED
:1083100020000000200000002000000020000000DD
:1083200020000000200000002000000020000000CD
:1083300020000000200000002000000020000000BD
:1083400020000000200000002000000020000000AD
:10835000200000002000000020000000200000009D
:10836000200000002000000020000000200000008D
:10837000200000002000000020000000200000007D
:10838000200000002000000020000000200000006D
:10839000200000002000000020000000200000005D
:1083A000200000002000000020000000200000004D
:1083B000200000002000000020000000200000003D
:1083C000200000002000000020000000200000002D
:1083D000200000002000000020000000200000001D
:1083E000200000002000000020000000200000000D
:1083F00020000000200000002000000020000000FD
:1084000020000000200000002000000020000000EC
:1084100020000000200000002000000020000000DC
:1084200020000000200000002000000020000000CC
:1084300020000000200000002000000020000000BC
:1084400020000000200000002000000020000000AC
:10845000200000002000000020000000200000009C
:10846000200000002000000020000000200000008C
:10847000200000002000000020000000200000007C
:10848000200000002000000020000000200000006C
:10849000200000002000000020000000200000005C
:1084A000200000002000000020000000200000004C
:1084B000200000002000000020000000200000003C
:1084C000200000002000000020000000200000002C
:1084D000200000002000000020000000200000001C
:1084E000200000002000000020000000200000000C
:1084F00020000000200000002000000020000000FC
:1085000020000000200000002000000020000000EB
:1085100020000000200000002000000020000000DB
:1085200020000000200000002000000020000000CB
:1085300020000000200000002000000020000000BB
:1085400020000000200000002000000020000000AB
:10855000200000002000000020000000200000009B
:10856000200000002000000020000000200000008B
:10857000200000002000000020000000200000007B
:10858000200000002000000020000000200000006B
:10859000200000002000000020000000200000005B
:1085A000200000002000000020000000200000004B
:1085B000200000002000000020000000200000003B
:1085C000200000002000000020000000200000002B
:1085D000200000002000000020000000200000001B
:1085E000200000002000000020000000200000000B
:1085F00020000000200000002000000020000000FB
:1086000020000000200000002000000020000000EA
:1086100020000000200000002000000020000000DA
:1086200020000000200000002000000020000000CA
:1086300020000000200000002000000020000000BA
:1086400020000000200000002000000020000000AA
:10865000200000002000000020000000200000009A
:10866000200000002000000020000000200000008A
:10867000200000002000000020000000200000007A
:10868000200000002000000020000000200000006A
:10869000200000002000000020000000200000005A
:1086A000200000002000000020000000200000004A
:1086B000200000002000000020000000200000003A
:1086C000200000002000000020000000200000002A
:1086D000200000002000000020000000200000001A
:1086E000200000002000000020000000200000000A
:1086F00020000000200000002000000020000000FA
:1087000020000000200000002000000020000000E9
:1087100020000000200000002000000020000000D9
:1087200020000000200000002000000020000000C9
:1087300020000000200000002000000020000000B9
:1087400020000000200000002000000020000000A9
:108750002000000020000000200000002000000099
:108760002000000020000000200000002000000089
:108770002000000020000000200000002000000079
:00000001FF
